Date,XLB,XLC,XLE,XLF,XLI,XLK,XLP,XLRE,XLU,XLV,XLY
2010-01-04,,,,,,,,,,,
2010-01-05,0.003233035965769071,,0.008162438929992577,0.018380095329161072,0.003531132353513433,-0.0012888482242162658,0.00037492925159110513,,-0.011904706966053946,-0.009807100931453538,0.0036667505260710165
2010-01-06,0.0169938726211476,,0.011974437966909335,0.0020048967863006695,0.002110951877782652,-0.011187487444875854,-0.0007495774646641973,,0.0058614170498427764,0.01022330702302332,0.0013281767703310354
2010-01-07,-0.007778442502197613,,-0.0015004213066971417,0.0213477574042944,0.010884879013287607,-0.0039166758565115645,0.0,,-0.004532122175846309,0.0034790681538185986,0.008291925104307207
2010-01-08,0.013937279771561117,,0.006510222403414145,-0.005878521070192044,0.015977680012202677,0.006553598705943964,-0.003375960708692949,,-0.0009760476729540057,0.0015756526373980062,-0.00032916347060785167
2010-01-11,-0.005441266409816015,,-0.0013266295540746986,0.000657019943638204,0.010940267591755592,-0.003906372356559107,0.002634826634822174,,0.010416931329992218,0.005663947947395442,-0.0019743308687278915
2010-01-12,-0.019003676769262845,,-0.014446733159249048,-0.014445462467010062,-0.008116295916087535,-0.010893245064248047,0.005630603082663388,,-0.004187839951032446,-0.007196361989529665,-0.012858116149837895
2010-01-13,0.01174038912104347,,0.003706598831654029,0.011325817787858128,0.004091618668956132,0.009691378775678272,0.007092516303398577,,0.010999828311470727,0.013236622955489885,0.011355739601641712
2010-01-14,-0.012184402536058903,,0.002853592982052122,0.004611466196083658,0.0,0.002617884015081229,-0.0029654063252602114,,-0.00448065764415484,0.00902024333788809,0.0
2010-01-15,-0.007342281418333152,,-0.008034827225770758,-0.020327656251251658,-0.012903263699663658,-0.01392521494712573,-0.004832843384062424,,-0.006428293885449299,-0.0067814760845569255,-0.009907591022048967
2010-01-19,0.015976604040837117,,0.009112424569642341,0.012717651361862092,0.011007650213435527,0.01721117627943536,0.005976789010612826,,0.011646439038540013,0.02420843651471216,0.013342078932912838
2010-01-20,-0.017763459459459452,,-0.015551789875026478,-0.00264422997272995,-0.015311544027705515,-0.01605253130148132,-0.00742695491782408,,-0.010553077611180517,-0.008484960390568563,-0.013495562356541702
2010-01-21,-0.043285419682231874,,-0.020383698999236533,-0.02849535848639384,-0.02315116223262692,-0.010581722433906982,-0.014216217206095116,,-0.014544446641326148,-0.021699308203467882,-0.012679300984138386
2010-01-22,-0.0198323904557407,,-0.023755785055453615,-0.032741961769145456,-0.015210407115851754,-0.03475982518016363,-0.0022765596386332687,,-0.021974074001546717,-0.010933954154885295,-0.01926303822010933
2010-01-25,0.008852562512452034,,0.006571600353195928,0.005641880149433787,0.006465533029978765,0.00831062545281025,0.0019017422336740086,,0.006706822516015398,0.0,0.00516855948501016
2010-01-26,-0.014102441090560136,,-0.006352632363223698,-0.017532154496268215,-0.004282634924744566,-0.0027471232724439743,-0.001139215338567312,,0.0039967955413136025,-0.00568549392371176,0.001371296358347207
2010-01-27,-0.008582258537781384,,-0.003906592919174834,0.024268787989695673,0.002867246469935303,0.008264832726629923,0.0022811413395309454,,-0.006635508836886905,0.006988600085664709,0.0017117532057873142
2010-01-28,-0.017954460070325085,,-0.01051892953339817,-0.004878299080215087,-0.011436841371966988,-0.02868888228500799,-0.0026550322214656807,,-0.007682064106030673,-0.006309050706808539,-0.005809904371242847
2010-01-29,-0.01599732173291568,,-0.01801782189458434,-0.007002472609633381,-0.010122813136817621,-0.017346195300807055,-0.003802375584965767,,-0.006058255854175187,-0.006984002342950157,-0.006187683394589083
2010-02-01,0.03981397748756743,,0.033027490568878104,0.016925088037680558,0.01497435661466584,0.011450176149174762,0.007634002758586611,,0.006433709120622577,0.005754240783201636,0.012798385924468914
2010-02-02,0.0031907502100991803,,0.013143431462939947,0.009708693562915593,0.019071885386789722,0.00990541482914753,0.014393800026874182,,0.008075518607373988,0.020661277208305684,0.014002801512928098
2010-02-03,-0.011450063084753381,,-0.008589966198837784,-0.010988838358156006,-0.0060030617428998845,0.0023353578774867323,-0.007094834236580527,,-0.007009153560872949,-0.013391547970005635,0.0006737567969699043
2010-02-04,-0.03732334780025226,,-0.04102632434413134,-0.0430558508109411,-0.029485080226762994,-0.027959441300731025,-0.02030819834661257,,-0.026218708280837832,-0.025252530862943656,-0.02894663732172742
2010-02-05,0.018717109564353906,,0.00018518363245001446,0.011611190699860385,-0.00439208366561239,0.010067438783817328,-0.0026871943456513447,,-0.0017259309203920825,-0.0016191866165691238,-0.002773012588371704
2010-02-08,-0.01607657513055094,,-0.00921878473047233,-0.0200863291047626,-0.01102969197331427,-0.004271163219010443,-0.0011545469878604386,,-0.011410492379741233,-0.004865519436638821,-0.00625634525763763
2010-02-09,0.024341338718712358,,0.02102782302851458,0.010248743220939494,0.019331281226795616,0.008579645312554396,0.011945396757577331,,0.010143098197963551,0.007822696898434511,0.01538977864647384
2010-02-10,-0.0068354839787027055,,-0.004192374502530627,0.007971459952830662,-0.0014590018228107793,-0.0028357400986442904,-0.0011425739096532217,,-0.004501520295359773,-0.006144966446008482,-0.004133648165096093
2010-02-11,0.017043317617395637,,0.01702032552704069,0.0021566877762801973,0.01497435661466584,0.01042672204977313,0.008006491622351453,,0.005913186253359015,0.006833764039392509,0.011760483386484166
2010-02-12,-0.0019335585700228641,,0.0003602673506368781,0.0007174612122531343,-0.00791627935149175,0.0018760839034797083,0.0,,-0.003803612797799505,-0.0022623519002830106,0.0
2010-02-16,0.02518591697697503,,0.02356494162078282,0.020787752068465837,0.02357632379850627,0.014981563419378174,0.010212041074342704,,0.017355045616634923,0.008746326721921438,0.016068524623930935
2010-02-17,0.0006297050361268042,,-0.0014055588757584392,0.0035121731830110026,0.008504383105625735,0.0027673962823944187,0.00711331637068513,,-0.004093614968944781,0.007707220394197689,0.008075435278733334
2010-02-18,0.010702243135159106,,0.00563186384477854,0.006297680862906274,0.009135602497651885,0.0064397640382165555,0.005948013745984637,,0.005481007705520957,0.004780321114215669,0.0063416878773912
2010-02-19,0.005605571298492817,,0.003850641667507926,0.0055633046105647566,0.004874824520250565,-0.0027426411761054537,0.002217262039355905,,0.013969167049376674,0.0,0.0023215540018224345
2010-02-22,-0.00433580833007996,,-0.013772648082834515,0.013139599057937712,0.000692922892066683,-0.0018328776080849263,0.0,,-0.005376255504785932,-0.0028545470171517096,-0.0003306626497961984
2010-02-23,-0.01586303160588798,,-0.01661704011075804,-0.01842996222960802,-0.01281153792895906,-0.012397086129063095,-0.00553072856524639,,-0.0067564476255578265,-0.009542156082575803,-0.005958359041452033
2010-02-24,-0.002528771884193759,,0.006291220525740382,0.017385422235373094,0.010171723445538294,0.009763433507668173,0.006302676743368929,,0.0010201853056783783,0.007386022305144735,0.012987263289617967
2010-02-25,-0.002217878573693155,,0.0005366751621860288,-0.0027339578749252524,-0.0024306415558040806,-0.0027630626146396553,0.0007374160927073881,,-0.002038517854938804,0.0006374458191087395,0.0016432831584107799
2010-02-26,0.0003174950761684059,,0.002320672389600098,0.006168832737657004,0.0038288605633021167,0.001385413762636123,-0.0047869040554164854,,-0.007831378460483873,0.0003184798301847369,0.0016411212047307
2010-03-01,0.015238183726303367,,0.009262470131655043,0.002724324855035487,0.013176188133812827,0.012908784540789586,0.007029543369869495,,0.01441300987221461,0.009554395079376166,0.01572729016101304
2010-03-02,0.008442877793516823,,0.008294925275394993,0.003396898846446561,0.0017111414418720106,-0.0013652191782060896,0.00367364280721727,,0.00304466833798811,0.0034699699590159394,-0.005161157485522705
2010-03-03,0.008682121660882558,,0.004375937686720066,0.0006770373701716625,0.001366610031820814,0.00045609062711648996,0.0003659009263337065,,-0.001686235541309311,-0.004086678518548048,0.002918170044040158
2010-03-04,0.00676307476051119,,-0.005228110894093918,0.01014911349880121,0.004776871598321852,0.004100141551094172,0.0032931985771120775,,0.0020273737717266815,-0.0031565961131224674,0.009052635597524228
2010-03-05,0.012824231132289254,,0.018745634995554372,0.01942356179010818,0.015279818508707299,0.012250411829070718,0.006199458742417674,,0.010114222473083467,0.013932780887164542,0.018583859099095434
2010-03-08,0.0,,-0.001548155869213197,0.0019709568981327585,-0.004682439427469709,0.005379136421530539,-0.003624058154227061,,0.0,-0.005933943535567976,0.0025165594775722333
2010-03-09,-0.006331007701332769,,0.0,0.0032791513161911645,0.008065000251576082,0.004458208136005615,-0.0014551962391018414,,-0.0013348966134263396,-0.0006281547421378431,-0.001569029074189876
2010-03-10,0.0003034168720914554,,0.008784546841257512,0.011111138416320943,0.0019996888206403884,0.006657263514755263,-0.0014568872243386766,,0.00033433746054467584,0.0006285495685300901,0.002199785909127616
2010-03-11,0.005763008143829795,,-0.001707739248468343,0.008402720539514297,0.003659280743107063,0.003968484983544185,0.00182371226140976,,0.0033411427064682364,0.007854619373685257,0.007212440453924662
2010-03-12,0.003920139752582985,,0.000513153744705841,-0.0038455926222626946,0.006629042648084615,-0.0008782033482920282,0.0007285005881483286,,-0.006327142701321065,-0.007481540429890576,0.002802024520609292
2010-03-15,-0.0003000847293287423,,-0.010256256509679318,0.0,0.0,-0.0008791832841804625,0.007641970833545342,,0.003686454105999326,0.006595447111723551,-0.0012417281865875207
2010-03-16,0.014723330908407606,,0.008981479009147364,0.012226418289926322,0.01350009605886604,0.007479061334861203,0.004695175158818454,,0.011685744941459797,0.002808233972595886,0.00746035449328275
2010-03-17,0.0056261644389470344,,0.010954454934725133,0.01207853938871084,0.0016247526720645222,0.003056830871098537,0.004313378947416346,,0.00330056473541096,0.0003110479264867294,0.004936476864052297
2010-03-18,-0.007066781586870352,,-0.01490019444504631,-0.005653080026223223,0.006811116681646245,0.0013059896178049257,0.0010737661741704319,,-0.004604843468458353,0.006843115773302655,-0.0003069473292370839
2010-03-19,-0.010907416433043271,,-0.012021585082480413,-0.006584921808692745,-0.004008437730649073,-0.005975355183436948,-0.0029442602107382365,,-0.0011008702242988333,-0.0003721274085968229,-0.0030151611147301027
2010-03-22,0.014723271706474028,,-0.002618861316297072,0.005098670430530916,0.0029216838091268293,0.007459602530568432,0.005041180851887317,,-0.006675511731665917,0.006511468851704061,0.010493469006323197
2010-03-23,0.013029598952290167,,0.003851021617524264,0.008243755557363786,0.01132620995074829,0.009581628913898133,0.007882811796422029,,0.004032135324216091,0.004929634047030618,0.0039709649539083625
2010-03-24,-0.0029231953054991155,,-0.0057538078611708565,0.0006289652558135739,-0.00703979052125836,-0.004745549819624162,-0.007109983287943433,,-0.010374840847739542,-0.01072970652463523,-0.0039552587599887
2010-03-25,-0.019935910133913937,,-0.016836496467534823,0.004399891105520082,-0.0006443373229843008,0.0017334830402890855,-0.0014324317476497317,,-0.006424891692318968,-0.004028646705128924,0.005803211082732851
2010-03-26,0.007478383477733663,,0.0003565649813699334,0.0012516327664855442,0.0025800896431185105,-0.00475941587539519,0.0007171906341556511,,0.0023823777640241683,-0.007467214109584619,0.00394826492137601
2010-03-29,0.010689396993607048,,0.01943729215244505,0.001249775063934866,0.009005543712774067,0.0030434174880260567,0.004658082538592456,,0.012224182954220009,0.010658205382484187,0.0015120569117816895
2010-03-30,0.001468698990866102,,0.0015733880924322374,-0.006242343791391103,0.0015938356052032088,0.004334372162194899,0.001782965568323247,,-0.002683839513073716,0.0,-0.0009061306902234945
2010-03-31,-0.004986585186495751,,0.00454125532230476,0.0018846237188461235,-0.005728612099230146,-0.0030208850811541677,-0.005695836994193626,,-0.0023544428432088482,-0.003412045262674801,-0.007255059002408193
2010-04-01,0.01739341982268927,,0.017732912009649437,0.008150523918852404,0.006402118254087652,-0.0017317422950997585,0.006444313309041494,,0.013823474235131972,0.005602583156459895,0.0070035997844482
2010-04-05,0.012170553565096665,,0.017765394225732756,0.009949723069589522,0.007315743861810997,0.011708515549045506,0.0,,0.005986013284806635,-0.002785490697416182,0.01209560817233668
2010-04-06,0.0017178878455945679,,0.0,0.010468172614643612,0.00031553616735835455,0.0008577394965079144,-0.0032011594161720502,,0.008264144864183809,-0.0006210466303614437,0.0014939509300924136
2010-04-07,-0.006287529509849121,,-0.009902545566431109,-0.0036559365725199466,-0.005681757732481585,-0.0038550046320058318,-0.0064241370323279146,,-0.00983571194741395,-0.004348005039617853,-0.0035800506339837
2010-04-08,0.002300178839950817,,0.0035597287144353285,0.007951026365851765,0.0031745147544366414,0.0017204390922376245,0.0017956688151761213,,-0.0059604644927819805,-0.003743002676163454,0.009581033062291633
2010-04-09,0.00172237335936809,,0.01064207138509965,0.0036405962140224624,0.005696142085037215,0.007724731186278699,0.005378613905917984,,0.007328682344874382,0.004383556701111901,0.007413753435937087
2010-04-12,-0.0031508917442686357,,0.002339653662015051,0.0042323964212975795,0.002202889793091023,0.0021295447079825447,0.003209777847684503,,0.002645129535253643,-0.0028053838191003377,0.0
2010-04-13,-0.00373582594841404,,-0.0035019902970993,0.0006017034021930101,0.0015696532731162005,0.0029749669929830524,-0.003199508137341822,,-0.005277283940709365,0.0009375237640854017,0.0052990077285333115
2010-04-14,0.007499203113506603,,0.009538667777585053,0.02587292337776015,0.012852662857526287,0.014406850892406453,0.0014262886785247897,,0.000995130787130094,-0.0034355670583036124,0.015520157196143636
2010-04-15,0.0,,-0.00016598600245509854,-0.004106070445937138,0.009594318437089022,0.004594799313006659,-0.001780635308676226,,-0.00033138049544345627,-0.002820094992425193,0.004324473305187482
2010-04-16,-0.017177335881666145,,-0.01690945210589323,-0.03651343475273927,-0.016247663947246305,-0.013305516903463488,-0.004281126952432213,,-0.011597122891665035,-0.005971079497918641,-0.013207106295627713
2010-04-19,0.00029154107119211403,,0.0013489874679959435,0.009780296361151963,-0.0018698822676521676,0.0021065126257568956,0.003941616314135921,,0.001005806858261682,0.008220008351651487,0.0017460271924480963
2010-04-20,0.0032031143045316846,,0.019535166340848065,0.013316876274964473,0.011551819602363844,0.005467324254552208,0.0028548226980309455,,0.012726311665977708,0.002194860704357149,0.012198933172836934
2010-04-21,-0.002612618129120503,,-0.0009911782992898521,-0.005973576204297504,0.006790079291310258,0.002091246163319349,0.0,,0.000991622918275148,-0.017521998525644955,0.004590764203369568
2010-04-22,0.00989582291974167,,0.002479976153869634,0.005408761667867523,0.009196874252175302,0.0025035889664495325,0.0,,0.0033037371724606857,-0.011464792822925118,0.01799485946357615
2010-04-23,0.00893317020671014,,0.024080741321697907,0.0029888062246397062,0.006075557403493859,0.00249802403833832,-0.0024911985141422566,,0.0079024030202679,0.009987207766804174,0.0008418066764799281
2010-04-26,0.004284714013423452,,-0.0033823132633219455,-0.015494734175045544,0.0021137630209859815,-0.0012455568998915867,-0.002140301582331583,,-0.0035935506399449313,-0.010526411687545867,0.007850080477373567
2010-04-27,-0.03640536727763455,,-0.030704493000846433,-0.033898544032881284,-0.024103977779202368,-0.01954253924827376,-0.017518912551887422,,-0.017049167177944025,-0.011605236365092808,-0.028929534245514588
2010-04-28,0.012101850910139822,,0.010170091861714026,0.014411033030319542,0.0071007763415908975,0.002968458181260125,0.008005731660210014,,0.01034078494023527,0.0065231913220225035,-0.003437638768548079
2010-04-29,0.009040378981888697,,0.0011549931096770383,0.02285380237782264,0.02268575987041932,0.010148217998092512,0.0032490705697068023,,0.0009898767123781571,0.013610002837379565,0.022133582647419603
2010-04-30,-0.01763004454852657,,-0.01236415595280782,-0.024154774501133347,-0.023681060195781756,-0.02092927716425852,-0.005757642260762363,,0.003957990215919693,-0.012787948498676482,-0.02081007346101893
2010-05-03,-0.0005878842578990184,,0.011350838855018974,0.01918325127517262,0.0199570140093126,0.013680858556135878,0.0057909846788810615,,0.012812049465228625,0.0048574168725847855,0.020103006579495375
2010-05-04,-0.03473658364350829,,-0.02673716636633572,-0.027322474382955986,-0.03160774878861283,-0.028679825348084664,-0.010075213567203312,,-0.017191388038017008,-0.005800707566021468,-0.029279177629479958
2010-05-05,-0.007319765692565761,,-0.015770755600214792,-0.005618089898219547,-0.012744314888204267,-0.004342412637865722,0.003634844468277887,,-0.006930565049949489,0.0032413456444861932,-0.014210890680803279
2010-05-06,-0.03287215145859568,,-0.03411432507440093,-0.04205876393508112,-0.033060662480242864,-0.030091668717099007,-0.02499112500103695,,-0.027583469871384714,-0.026817389485483956,-0.03559910089340046
2010-05-07,-0.011118490137161263,,-0.019086387681511274,-0.0111405368226275,-0.02214278054436636,-0.02203226198858388,-0.006686314352871481,,-0.005468461517949219,-0.013280449536670624,-0.018303645172846994
2010-05-10,0.04754236163800596,,0.042734785171293144,0.05566605607676456,0.0572761725673081,0.04597739416862079,0.029169940873210676,,0.030927399339703676,0.026917965868060723,0.052206699452072014
2010-05-11,-0.012572580190773341,,-0.006627227298148131,-0.0037660962051053737,-0.0028346157308857256,-0.006593630128422179,-0.00036330970984410627,,0.002000215119554394,-0.001965770619925755,-0.00029578714014522056
2010-05-12,0.02080745032407494,,0.01386939114028607,0.01134168935848301,0.022109873317363915,0.026106229833135597,0.006906247184794045,,0.00831682279727608,0.008207323480651896,0.014475857738366127
2010-05-13,-0.014907577494683077,,-0.006407224262488853,-0.018068651780745904,-0.015451223330507746,-0.014661056142434514,-0.006137828223706121,,-0.004289037098572868,-0.010745295924751264,-0.022422805257450884
2010-05-14,-0.024397393255996325,,-0.01986726577191955,-0.02601507355227417,-0.021029310226478914,-0.01925654162421986,-0.009443696519228828,,-0.008283424463965572,-0.013496078504945719,-0.01668174273706935
2010-05-17,0.0,,-0.010313159657559301,0.0006515015542658542,-0.0025654471553768765,0.004908290826703965,0.010634620814025997,,0.0010020042293834575,0.0,0.007573285489677284
2010-05-18,-0.01709414028130085,,-0.007725195807651408,-0.028645776356854502,-0.012535538268358182,-0.015097665919785341,-0.0058054782815298855,,-0.009679398211881463,-0.00800796826070893,-0.018640622240401417
2010-05-19,0.0,,-0.011407034840171804,0.00134066078432582,-0.012695761605411304,-0.007663911715071969,-0.0025548420311379827,,-0.010111081606821726,-0.002354073364336129,-0.0061276901712021825
2010-05-20,-0.04541048374347667,,-0.044688746611682206,-0.04618464567711755,-0.043521239810518475,-0.031804476993747555,-0.02963794315119883,,-0.029962715036932597,-0.03135555925339961,-0.03884072481517575
2010-05-21,0.024628980998100847,,0.017446995164571488,0.03508754802886549,0.01413332479552487,0.007508604046929213,0.0037707575185679243,,0.004563261745179847,0.002436533792833817,0.017639364364122168
2010-05-24,-0.01712225171515258,,-0.022800675781578517,-0.028474543725482304,-0.014956061355374972,-0.004657601065197192,-0.007137481285152569,,-0.00943404726831154,-0.0024306115257142213,-0.006933473443681004
2010-05-25,0.01675038852435473,,0.002313839518831351,0.00907160939777163,-0.000689650457838753,-0.0028081231379987193,-0.01172897504120951,,-0.005291105249857209,-0.004177014733787288,0.010155491701486774
2010-05-26,-0.007907799973600471,,-0.0021162840423293305,-0.006915684790833376,0.0020712676337377722,-0.00985411583027307,-0.0065077565501662216,,-0.00035441344984388223,-0.006291452780390228,-0.0031417040143680852
2010-05-27,0.039521667779591985,,0.042414445611003604,0.04526471741716542,0.03376979070278163,0.03412297766752714,0.02042309269503484,,0.019155666826129014,0.020401181764811316,0.03592840421679311
2010-05-28,-0.017571511952234498,,-0.01886467972969197,-0.02198477934359422,-0.01333296741371448,-0.008248795850274826,-0.004909633360445809,,0.0010440862634129022,-0.004826033254911821,-0.015211502131600496
2010-06-01,-0.032195565231165735,,-0.04750241735790184,-0.02111778055515512,-0.022297668005023197,-0.009704274303766525,-0.0022767617852593736,,-0.023296326644723808,-0.011084315393026345,-0.015137637100645751
2010-06-02,0.030913966570266904,,0.04334065131651621,0.03131576374017908,0.02591586565196735,0.022398229987197205,0.017116969101487856,,0.021003931822670463,0.021716228908328805,0.02509421282036639
2010-06-03,-0.012060078223926962,,0.013467663101716987,-0.005398193500483095,0.004715227536679301,0.010041247334909631,0.0014958493529699801,,0.010460219694585549,0.005828065997992571,0.0033658170792145725
2010-06-04,-0.03959057043067138,,-0.0351866055755663,-0.040027303948256154,-0.04693219260989634,-0.03208340247905672,-0.0265123812602287,,-0.029675284153460546,-0.029311419119752324,-0.03873086944650683
2010-06-07,-0.017863560149407598,,-0.008729123126582139,-0.01978807369092561,-0.025677308561371515,-0.014472532195410337,-0.007671577072199232,,0.0060453423011357366,-0.0014046776081035883,-0.01903590278667655
2010-06-08,0.022735094023285995,,0.01663404660438994,0.020908453672378702,0.010469358676894025,0.0018954378429014707,0.016234847471909397,,0.01307859039508763,0.0024608508016155106,0.008408878381782392
2010-06-09,0.0013685215894345681,,-0.01039476442693632,-0.010593358789951157,0.0,-0.0052013661392625865,-0.0019016496637712654,,-0.005582485072767374,-0.004559083279875531,0.0012829832653384887
2010-06-10,0.03586058776587153,,0.050184464117903005,0.03283370742240477,0.03858526072730717,0.02423960803723224,0.017149245886391107,,0.024561481252393325,0.019027228454126854,0.03395248262002881
2010-06-11,0.01120989597536326,,0.006112429790204654,0.002764491707065053,0.003440142459371298,0.008816983561901193,-0.008242914931652523,,0.0006845518964726516,0.00829871312987307,-0.0009293576098513556
2010-06-14,-0.009781353131689818,,-0.005154792126277563,-0.004135413266630694,-0.0010287074017629738,-0.0018400753215738197,0.005666820380630044,,0.005818218189631352,0.0017149876309707768,0.0027905224818305374
2010-06-15,0.024695464943006895,,0.029237746563633094,0.023529950075725337,0.03019875036487285,0.02626723712708645,0.01014277720228507,,0.01939406647578279,0.017117598664461164,0.023809571634313853
2010-06-16,-0.0012858466659233514,,-0.0007194697570735986,0.0006758523401613203,-0.0026646627630196873,0.0026940023813473157,-0.006693664965568558,,0.006341918225560628,0.0037023488601775068,-0.006946418051087644
2010-06-17,-0.0054694355404177886,,-0.0010791663934587303,-0.001351108583906857,0.0030059805090778546,0.003582598775766721,0.008985395845966693,,0.0072968640360759895,0.0013411363389470576,-0.006082750898127931
2010-06-18,0.00571907003402905,,0.006187834404862924,0.00549180348673306,0.003915083403716713,-4.4626566679251134e-05,-0.0036625426969780772,,0.0008983294034143885,-0.005352242335396884,-0.0032234804715238763
2010-06-21,0.006138674612026662,,-0.0021578055504570814,-0.0013488075979182224,0.001666911599919274,-0.007165515007773737,-0.0026259686902471158,,-0.006981146358483681,-0.0016916404500640914,-0.008007381282707948
2010-06-22,-0.02472651398496928,,-0.02919476203869209,-0.015530236287462862,-0.024292813927908385,-0.008569990392858107,-0.010906183946313042,,-0.024773806282274102,-0.00983057380953356,-0.022353250234106503
2010-06-23,0.0019754336843991194,,-0.007610675699485925,-0.004800812548890754,-0.003751609451195126,-0.0018200912366045374,0.006463951203381724,,-0.008925718520172432,-0.004108165564678634,-0.0006353756169982239
2010-06-24,-0.025304047335976243,,-0.020950091952450567,-0.017918299605665156,-0.01746001944793729,-0.020054296288646634,-0.012089195776221473,,-0.005542392480441638,-0.007219053475219339,-0.023832107750382137
2010-06-25,0.014835043743954168,,0.0028665093196178493,0.027368108114261602,0.00766557814725477,-0.0009300894768378143,-0.010324763813557958,,0.004528547856289755,0.004501733992290591,0.0029298779728144098
2010-06-28,-0.011295665668471178,,-0.013527082799704604,-0.009563016482477926,-0.006915493405382334,0.0018620201183958685,0.008500945431933138,,0.006587500198521168,-0.0017237294938184933,-0.007465234046270974
2010-06-29,-0.036962616839276485,,-0.033024417752276714,-0.0358620705976459,-0.03864895107089472,-0.037175120707521714,-0.016092186672180264,,-0.020323556757670502,-0.01830113695245217,-0.03564398948791092
2010-06-30,-0.010118623684493788,,-0.007788871920468066,-0.012160381813004828,-0.006519015688998264,-0.015443688716871407,-0.007009416352360631,,-0.006329062958635001,-0.008090253678679327,-0.012208004382585624
2010-07-01,-0.005639631605838025,,-0.0036233131765054383,-0.009413329219056132,-0.002917109130197826,-0.003921426755983726,0.001960429440031941,,-0.004600310075509095,-0.008510516805223522,0.008239598450662466
2010-07-02,-0.0056718076020021435,,-0.0024243479069099294,-0.011695617715038353,-0.012431340566889437,-0.0014764978327348466,-0.003913643780595,,0.0010665073767535116,0.002503365903835375,-0.011236260275266918
2010-07-06,0.0010695540002849668,,0.009720762873543176,0.005916954282768838,0.0018512481801509217,0.009857294820978746,0.005893759962022571,,0.011718385575827384,0.004994762995534474,0.0
2010-07-07,0.03988579414193483,,0.035298796022631196,0.044117672358276794,0.03473726269302735,0.03221034968962311,0.019140855482002728,,0.030888153259809537,0.01952430656577775,0.028237108800619692
2010-07-08,0.016438442485705806,,0.014141800737773602,0.007746581988073764,0.01285744107726261,0.006147295726631086,0.014948054090078378,,0.007831530037351486,0.008356773699505604,0.008707209752446765
2010-07-09,0.023921841622936313,,0.00515758635150565,0.01397613763695893,0.0098727751724621,0.005168817708331108,0.0,,0.006756910599837962,0.002416837348972356,0.009627847604838813
2010-07-12,-0.013162101071223953,,-0.002660833573147392,0.0013784465059449857,-0.0052370375654618995,0.004674692271127157,0.0033987717079064783,,0.0033556159111416406,-0.001722113435721928,0.0013158056832645038
2010-07-13,0.027008820307268477,,0.012004928832929584,0.024776271872025024,0.017549983136681435,0.01442506925054765,0.009033130072179318,,0.003344174573287617,0.0075911103113779355,0.02495864604010145
2010-07-14,-0.003246657678217968,,-0.0011298707057858515,-0.007387711220565696,0.002069682276613305,0.005964221999428254,0.00037255786200929286,,0.00033348822687329083,0.0,-0.006408091486242551
2010-07-15,-0.000977230998273959,,-0.0011312094904505354,-0.0020297397557663688,-0.00034416114532598296,0.0031913753448382653,0.0029831575466559013,,0.006664161432984983,0.0030824576412835647,0.0032245608325631725
2010-07-16,-0.0273885339177673,,-0.023778106754960282,-0.04203380029918469,-0.033402441996155496,-0.02863613389276365,-0.01412652507555201,,-0.017212830165630577,-0.02082649849627205,-0.03503682276828546
2010-07-19,0.0010061820400009136,,0.006379664893668924,-0.000707372291869679,0.005700105877090911,0.009826558952314768,0.001885248406679807,,0.015493470842482981,0.0045326933282532345,0.009660074040898525
2010-07-20,0.03014047776417006,,0.022858421280965047,0.01062284540872871,0.015586310724958308,0.006488235471583614,0.012043917400911042,,0.008955479450196702,-0.0027765438928581965,0.01418690464455441
2010-07-21,-0.0032511406765362016,,-0.0163382038201092,-0.016117706752723948,-0.0024418630922449225,-0.011971068852853595,-0.01078450441847112,,-0.015450225029433384,-0.01635912048817767,-0.01789206234763374
2010-07-22,0.021526695105309024,,0.022145689179055905,0.029202063418581004,0.030769167416472953,0.027027474000017815,0.01127801542702822,,0.016026616100416113,0.006369268881847967,0.030142353274067224
2010-07-23,0.02203043379513958,,0.004482764617637969,0.00761245211588224,0.020013591706019795,0.00680518543741071,0.009293298749853074,,0.001642910884152915,-0.00035137505619220466,0.014469501194706025
2010-07-26,0.005935729847494464,,0.008738843551515885,0.013736596306582971,0.01629561085615694,0.0063094509894265904,0.005156723170988586,,0.007218088854612725,0.014421260989919471,0.014897288275006915
2010-07-27,-0.008074828504543441,,-0.004791777650684392,0.0027100918239768568,-0.006872031720626892,0.002686239236649568,0.0036644312151294933,,0.014657647909108729,0.001040369032387689,-0.012804618580574356
2010-07-28,-0.0031305267931373004,,-0.0022235051105408132,-0.008783545086096467,-0.002635947381270376,-0.008038597697876959,-0.005476525057515724,,-0.00481512659321337,-0.013508669077885727,-0.0069601840949268245
2010-07-29,-0.0009424105998826482,,0.0014856400686455995,0.003407838443088451,-0.003303325274138791,-0.009004626339754518,-0.012114359104713257,,-0.015483886219461618,-0.0007025505112987496,-0.0050969154323857735
2010-07-30,0.006287399020273643,,-0.0020384109651018223,-0.0006791257471946421,0.003977637246815213,-0.004089701774692256,0.0026011393486544687,,-0.004914948873276148,0.003864948903812948,0.006724246079756968
2010-08-02,0.02686668342550691,,0.034917534933901706,0.025152469736151817,0.01980820830324226,0.020985612681007515,0.011489924299196153,,0.020744313724053942,0.018901439186488123,0.021310696464717838
2010-08-03,-0.018253350346771224,,-0.00035873149213794253,-0.011272940536392162,-0.005179319720403419,-0.005361946625232372,-0.008794164857206188,,-0.004838951900600685,0.008243954255152008,-0.01526000612160383
2010-08-04,0.009296115623227852,,0.007719775280846886,0.004024084668766914,0.008785673181555875,0.008086489303662958,0.0036964038418199063,,0.004213881725826152,0.009880988880235364,0.016761350775423622
2010-08-05,0.002149260712950518,,0.0032070665672954135,-0.004007956313213823,0.0006452726530923325,-0.004456375501508569,-0.00441954220041596,,-0.0016135329359151518,0.00033706521488663377,0.0031105815517951108
2010-08-06,-0.004595411343593203,,-0.011898909448773809,-0.008719059343793467,-0.005480001317280214,-0.002685773166634764,0.002219634560073569,,0.0019397072393880777,0.0020237275157501955,-0.006821987137336616
2010-08-09,0.0061553921144110735,,0.004133429240720021,0.005412322746034315,0.005186365749620059,0.006732514924514765,0.005167928066573957,,0.003549597343507793,0.002692853752099156,0.00967838914731245
2010-08-10,-0.01070636455317353,,-0.008232944001494769,-0.008747456146206867,-0.006772555845782624,-0.010253804021506219,0.0022034390994807307,,0.005787734333126515,0.0023498353701139063,-0.008657744919019938
2010-08-11,-0.03370472652766232,,-0.0297779039419227,-0.0353020919679764,-0.03733742024691389,-0.02387421686216351,-0.01648924606258728,,-0.0201406068811123,-0.02578692464638288,-0.02620086170806113
2010-08-12,0.006400069901655314,,-0.005952858971257968,-0.0070379579044125284,-0.007082082157713998,-0.013844064037581538,-0.001117727803843005,,-0.0019575341367631394,0.004125112208604564,-0.003843963310982801
2010-08-13,-0.004769207295829636,,-0.001683467072793654,-0.00283460611665598,-0.0013590162207939294,-0.0046796175533391215,-0.00037299283908120984,,0.0035959050617748733,-0.003765797100262036,-0.011253825149492691
2010-08-16,0.004472590855714609,,-0.00018787729456692936,-0.0028427748089555616,-0.002041167862565696,0.0018805151316383384,-0.0011197223984839022,,0.0,-0.005154768104818852,-0.0003252577413788149
2010-08-17,0.02353719334852533,,0.016685442825915553,0.00784011240310889,0.01738301366362971,0.010793052264195024,0.009712525282711049,,0.009771942885654195,0.013816699101485863,0.016265244505643928
2010-08-18,0.00372898020584822,,-0.009588810612479737,0.0042434389019478935,0.00368456810279727,0.0055711573859327235,0.0007400219989632806,,-0.005483779627644125,-0.0013626870881472408,0.009283195917872078
2010-08-19,-0.022910417766971114,,-0.016197922918387953,-0.023239526274701716,-0.021361570451864376,-0.012003476720944262,-0.011830302988497632,,-0.014272179643989857,-0.018423802045926863,-0.019346522482771467
2010-08-20,-0.002217957663585013,,-0.012301420033910215,-0.0028841039159082094,-0.005115664364425565,-0.0023363087442109798,0.0,,0.002632484098032739,-0.003475959527801664,-0.0006469388461799452
2010-08-23,-0.01111486556412944,,0.0003831804346476897,-0.006507383260039079,-0.010970481689196343,-0.008899578133949815,0.0022448740751292995,,0.006564091859920573,0.004534535239481219,-0.009061435438123655
2010-08-24,-0.023121555072795674,,-0.01551449869119359,-0.016739423075394888,-0.0204507135097709,-0.013704774311417922,-0.004852527879726121,,0.0016298413616808727,-0.021527823757982678,-0.016982490356418967
2010-08-25,0.002958943534243641,,-0.0031122456910838148,0.0029607253615497875,-0.0017689107659031311,0.00622897818404855,0.0022503303922003504,,-0.0006505988246195971,0.009936263589486405,0.010298809133449494
2010-08-26,-0.0013108838791261457,,-0.00897786507497822,-0.00811830503733435,-0.001418362346926938,-0.010000138783557655,-0.007484877544636337,,-0.00456056682106909,-0.006324422031259824,-0.006905261230355508
2010-08-27,0.02986525270520568,,0.02599492582925733,0.021577875314033657,0.02023428221748591,0.012025196748557176,0.006410108422945537,,0.018978992082888668,0.010254222968729687,0.01622474321581846
2010-08-30,-0.01497744873504181,,-0.014587551996032233,-0.02112210516246804,-0.0153093735649108,-0.013308504048629377,-0.008617082133451803,,-0.015092788669439972,-0.012600843127329231,-0.017595097111436253
2010-08-31,0.004205607841582193,,-0.002726420277011088,0.008929136166599294,-0.003886916460427048,-0.003371464541825464,0.0007555226868356524,,0.004564814542208584,-0.003899201815857456,0.0013266921768115836
2010-09-01,0.029961207580404547,,0.03730440089837428,0.03834749591330211,0.039730247268795926,0.025616045474203375,0.01774969163881246,,0.021745559381246782,0.02313187368824443,0.034448524111783785
2010-09-02,0.011886146303500267,,0.008284848988912907,0.009943478440527453,0.012623712884169525,0.008953437473140147,0.006307721799048593,,0.0,0.005217175530723761,0.018571963517027612
2010-09-03,0.011746691211282023,,0.012137835366814897,0.021096948756764933,0.015161619651334668,0.0149466292964342,0.00626829134047191,,0.004447673119513329,0.009342590189529876,0.01477523205229625
2010-09-07,-0.009776985440279495,,-0.014944512395782428,-0.02272682594129427,-0.009292710831579343,-0.00828339568711367,-0.0040305431586369345,,-0.00506005955981359,-0.005827562895867167,-0.01610909449628095
2010-09-08,0.007713316641740686,,0.008615847404624954,0.009866170903193971,0.010385201962072044,0.005568461671018321,0.0044144477242182845,,-0.004768198339413887,0.005517132662255841,0.007241716809022414
2010-09-09,-0.003367845648072798,,0.002042974378279716,0.012560648865991952,-0.000994993453722226,0.002768704345717188,0.0032971121594813635,,0.009901203220430421,0.010631108254098187,0.0009380949162369756
2010-09-10,0.008294876724325828,,0.010377948140949611,0.0013784465059449857,0.00896148078355874,0.0004602307124121907,0.004746335908722532,,-0.005692347137157827,0.010179590475117406,0.008431835954821887
2010-09-13,0.01614925421194191,,0.00807028935773002,0.0213348456800857,0.009868181968628598,0.017939011102944935,0.0010900037576475619,,0.0034983751114736616,0.0023514978532241937,0.012078278993133518
2010-09-14,-0.001799722284441807,,-0.0034568334894051755,-0.008759767775393446,-0.0029317259128993634,0.0040671030583780965,0.0018145538072824596,,-0.0012675883850992165,0.0033507335577069863,0.0009178634296207466
2010-09-15,-0.0018020808288763401,,-0.0020087746533440365,0.003398996726020176,0.0,0.006300613687071355,0.006884336325915008,,-0.0057128410175797395,0.009352337339198158,0.0018343262491973267
2010-09-16,0.004814735711376361,,-0.004573696734564203,-0.002710197501178069,-0.0013066532505110473,0.005813690701311547,0.0010797284858434786,,-0.0035107640631839576,-0.003970864981435063,0.0
2010-09-17,0.00018355638446454492,,-0.005003767244231794,-0.005242587976666213,0.009370430581352007,0.005399785174893923,-0.0026428588944531484,,-0.0017148289001275296,-0.00020032439467487784,0.0026025625220129633
2010-09-20,0.006416387219559727,,0.016886809599186536,0.01916484388332007,0.014983657895035973,0.014647337845073327,0.010889137540756932,,0.013289973976197578,0.013360065170241686,0.01923634996627488
2010-09-21,-0.0045537088414702165,,0.0007295636441568831,-0.009402072898126335,0.001925431920330789,-0.0017501774354552468,-0.0017952895891913956,,-0.005118470823690657,0.000659294437250102,-0.004194165665918237
2010-09-22,0.002439471382929881,,-0.007293826587518426,-0.016271496967169785,-0.005124862793182916,-0.004819886923642436,0.0017985184506417173,,0.007074001858702106,0.0016466600345015348,-0.006618333651754682
2010-09-23,-0.00943087722177316,,-0.006245540414565931,-0.019297142748660012,-0.014810319943982297,-0.001321199854061872,-0.006463021732649898,,-0.011494290904842441,-0.00526123676413548,-0.005148604594957695
2010-09-24,0.024569620693633443,,0.0216268563423192,0.026704475732778565,0.027451450481509765,0.019400720785541115,0.013371584590261776,,0.016149797013549128,0.013553697327430836,0.025874916303566753
2010-09-27,-0.005695157240916404,,-0.0037992344200866723,-0.010951826323455705,-0.006361433038455266,0.00043191473047010653,-0.005705958251009724,,0.0019072245600455506,-0.007501216500929164,-0.006527927794699795
2010-09-28,0.0,,0.007082945839113064,0.0020766095635835757,0.005441705494445337,0.0012974122730502469,0.006456586041713175,,0.0006346340677565454,0.008215254232315727,0.007765585338852299
2010-09-29,-0.007838783429307439,,0.010640386202154684,-0.007596951331382273,-0.0003181484167635862,-0.0021588778365354555,-0.0028514599805228302,,-0.001902797364709663,-0.003585287155190575,-0.007113001298080235
2010-09-30,-0.0039499183896538614,,0.0003564240979774258,-0.0013916800708381194,-0.0038217542265632787,-0.0038944889500425184,-0.003573896813868327,,-0.0031762775397491394,-0.002616849025950163,-0.002686458650645096
2010-10-01,0.013117937133855229,,0.013378304115025719,0.010453014198434474,0.0009591447341099624,0.00043429977325670777,0.0017938768339553768,,0.005417372682609223,0.0,0.0011971978450162624
2010-10-04,-0.01595923622620532,,-0.012497597896852897,-0.006896657574661846,-0.01053958729746518,-0.008249740565402175,-0.002864835345814276,,-0.0019016814181185282,-0.009839459523516725,-0.0020926598956655384
2010-10-05,0.02815193832246554,,0.023529713074338154,0.022916826304391957,0.026791080126239653,0.019702016598791783,0.009335880055696633,,0.011114774477411826,0.018549168719366183,0.020970759272776585
2010-10-06,0.009523982389555208,,0.008881663132418227,-0.0006789392741329836,0.005972972557430678,-0.004722819429080594,0.0042692741399816825,,-0.004711155420020763,-0.003902457986417529,-0.0067490258719534735
2010-10-07,-0.010023973403734843,,-0.005005627566383453,-0.004075874640978139,-0.0021876495790074113,0.0,-0.003542860459390784,,0.0018930756148050065,0.0019589948597840134,0.0047268852126116645
2010-10-08,0.01965473634900272,,0.012491115570528066,0.00272798100424132,0.008456098309522098,0.005608238240304431,0.0021332741683346423,,0.003150082393360787,0.0026063745027646856,0.010290877080162408
2010-10-11,-0.0017524499059283771,,0.0027414484295444908,-0.0013599091375307015,-0.0027949849911257374,0.001715787160812443,0.0010642638100910595,,0.000313775028794927,0.0006498392971516775,0.0002908230924136834
2010-10-12,0.0026331357488111884,,-0.0015376912468550996,0.011580322325491332,-0.0006229015152405815,0.0059956710412596426,0.0024803686209364795,,-0.0040805402799996005,0.0022734034668556724,0.002328054478298869
2010-10-13,0.016049117082246545,,0.012150979610158208,0.0006727191477731154,0.016515908653598865,0.008088885016181324,0.00848360606671772,,0.0037822974923589214,0.007129315302220052,0.0014509184868052305
2010-10-14,-0.009477321581409459,,-0.0015213538889100597,-0.01749632473497087,-0.005824578270952729,0.0004220961186442995,0.0003506621945061905,,-0.0015701969441606067,-0.0019304715851481413,-0.0011588392898902455
2010-10-15,0.002899096178927696,,0.0027091966695813596,-0.01712323254805259,-0.006167315966685183,0.016884728495056844,0.0024522534776265648,,0.0031448234958775245,0.004190512127957735,0.007254426210734355
2010-10-18,0.004336947544951064,,0.0027023100770005026,0.02229953948736929,-0.0006203453843466322,0.006641611197577779,0.0034956034803048652,,0.0,0.009310072389648205,0.0014404489897432704
2010-10-19,-0.0256193531788671,,-0.019875785657982092,-0.013633158356662789,-0.013349698452642222,-0.01773192005391877,-0.012191187176214147,,0.0018808163232157948,-0.018765950549205823,-0.018124081741464182
2010-10-20,0.020679623789395363,,0.012888935773245125,0.009675296040956294,0.014159453336556771,0.008396241236792168,0.008815228475100856,,0.008134836256060263,0.00940044500203907,0.012891835193557188
2010-10-21,-0.0002895051235178858,,-0.0005086574609896033,0.0,0.00806725622003146,0.0008327306330409012,0.0034956034803048652,,-0.004344819545456402,0.0025687901552646775,0.005785395975961283
2010-10-22,-0.007237593015707922,,0.006620267521872503,-0.0006846222987672013,-0.0003078864804436643,0.002911986068603545,0.0034830234870162347,,-0.006545870965058431,0.00032075264871145315,0.00546459136787214
2010-10-25,0.021580676063628346,,0.002698100372492407,-0.0034246038712829607,0.0033868532216163594,0.002903239624553855,0.0024294730377629747,,-0.0021967742302604343,0.005443264599293451,0.0062926509978100675
2010-10-26,-0.005995023608106775,,0.0020183459121267955,0.0013745702261949155,-0.004602562818905365,0.0024812734989259067,-0.005540095401784129,,-0.002515573653546599,-0.0028664338495399955,0.004263876518597387
2010-10-27,-0.009190212377011453,,-0.004196507209799583,0.000686074650006363,-0.007398386534699486,0.002887670124869235,-0.005222515822567941,,-0.004098652292150673,-0.006068069591598779,-0.006226881549038388
2010-10-28,0.0005796207419648258,,-0.0021909906886680153,0.0,-0.0021738244762714576,0.0,0.0034997869183901464,,0.0025325017547805917,0.005784049815042103,0.004556855981435737
2010-10-29,0.008111588852202312,,0.0006755562721039166,-0.0013719557430326157,0.0015562843762051415,0.001646075390966173,0.0034877830662138898,,0.001579019754107458,-0.0041535002091287465,-0.00028390780002696125
2010-11-01,-0.0005752281744718646,,0.0011820479432669284,0.0,0.0,0.0008207714616972339,-0.004170531250962117,,-0.009772814029139543,0.0,-0.0019850424917029486
2010-11-02,0.01035092108375979,,0.01095896722064782,0.0027476811830442482,0.009633099200617723,0.009848195317559316,0.00593356049094429,,0.011779730767569108,0.009624408663232886,0.011366868434853572
2010-11-03,-0.002845919737478053,,0.002168183796259937,0.00958914666955768,0.001538961987427312,0.005688891426505194,0.0031227971423339884,,-0.0018882234874010306,0.0006360151644424494,0.005058045367999808
2010-11-04,0.032820321458033375,,0.0317857761973932,0.033242816714986745,0.02120479117104357,0.014949662822856036,0.01210685028839742,,0.01071912021396404,0.004763262303886684,0.015655329365165116
2010-11-05,0.003591560830813023,,0.00499991775259967,0.02298069964576066,0.0060183790107741775,-0.0007961720346904011,-0.005126823613167408,,-0.0003125277780022806,-0.006005171139186749,0.004954764063703543
2010-11-08,0.002478062366282563,,0.003049631635380745,-0.007701983272679569,-0.004187532831778307,0.0007968064296868249,-0.0017177809420587664,,-0.005615739834164857,-0.0025434700687682055,-0.0016435082749010066
2010-11-09,-0.017577478878651243,,-0.0019202757660089498,-0.01875783182790436,-0.009011947726953906,-0.002786881807142705,-0.00516151307292767,,-0.0034515947570878946,-0.0041443896663861945,-0.009053701821478577
2010-11-10,0.005032108694076776,,0.012824309459073424,0.011206375550949499,-0.0003030657045675067,0.0007987710294423689,-0.0031130756386259506,,-0.004408051977714655,-0.0003197534437400229,0.008859193521675968
2010-11-11,0.010291911392265485,,0.011079378200089307,-0.00977850544821146,-0.0057609981322404025,-0.0151578107227891,0.0010408988995178614,,-0.0006328317279026274,0.002881639567073435,-0.0013719371793456947
2010-11-12,-0.022301330878287118,,-0.014715055208066152,-0.01645834564933568,-0.011588992139350829,-0.014175195149028097,-0.004852510705956714,,-0.008227512766618261,-0.012452386153746442,-0.01044207320935664
2010-11-15,-0.007885143335789824,,-0.005083819583665883,0.004685459896759392,0.0030851284985529137,-0.0028761889788840866,0.00034806036003875995,,0.0035099658623580776,0.0003235996857009482,-0.001944273795845719
2010-11-16,-0.021572848423345947,,-0.01868392077986447,-0.016655508525583618,-0.015994455025751808,-0.018129906341313173,-0.011142018886287963,,-0.01176474828181484,-0.01454404998430614,-0.013633607454571983
2010-11-17,-0.0002901007688355106,,0.0040681759229830305,-0.0067748554413520345,0.0006250787320505324,0.00041983248565902187,0.00035226740031246706,,-0.00032196551926422234,0.0016399641441355861,0.008744227698451068
2010-11-18,0.01886240328217159,,0.022042294833795273,0.013641922051953026,0.0203058696504006,0.016778393280233894,0.013375741337665836,,0.005793597826856178,0.014079641775066154,0.008669395893474041
2010-11-19,0.007974905335715876,,0.008404350305323272,0.0,0.0030619812740178,0.002887670124869235,0.0006944879456016739,,-0.00383997754978449,0.0009688241842344958,0.004713187120641615
2010-11-22,0.0025430338432375077,,-0.003145198083124745,-0.014804324669200009,-0.002136820588870103,0.005759096331873437,0.0,,0.0028908507989551246,0.0003220688435354724,0.004690822768163683
2010-11-23,-0.019165221396090004,,-0.019561328718922133,-0.015710430655681118,-0.013765529526311049,-0.014723813555831411,-0.011801618188402307,,-0.010890480087712984,-0.014511223556332942,-0.014830997785669875
2010-11-24,0.0192529587614656,,0.018021034241327394,0.01526706344903439,0.02264272619437868,0.016604368245400902,0.007727371170656472,,0.006152876502012683,0.00948948811507333,0.020629731850758226
2010-11-26,-0.0169159792782978,,-0.012012117653403931,-0.014354117883842,-0.008189435977581483,-0.009800033679786657,-0.006622400288651686,,-0.006758867404521363,-0.008751969361917467,-0.008194153200316023
2010-11-29,0.008603413638042401,,0.006719225108612115,0.00832177441392723,-0.00030583133736705737,-0.002474401074126664,-0.0017545474102600433,,-0.001944095960224046,-0.0009810179474302183,-0.002203541461241798
2010-11-30,0.00056842923829592,,-0.0034962971479525207,-0.005501955649119039,-0.0024470095763220456,-0.009921187560671396,-0.00456919006919021,,-0.0012987287451716734,-0.00916513163598387,-0.0022078987830281838
2010-12-01,0.02728083104727519,,0.029660469553525193,0.020055482159337723,0.02575924408200958,0.021293905411984504,0.016242611999844003,,0.01170354815456398,0.019160635444652296,0.021300233687171488
2010-12-02,0.015214253053569049,,0.014867340397664686,0.02576259683869897,0.015544972245146393,0.011856579771776454,0.0006955343076446852,,0.0028918838172409256,0.007779778412168037,0.013000743918242241
2010-12-03,0.008447246504351247,,0.004425479966167822,0.003304331797538085,0.0020610830756853105,0.002424507481407767,0.00034697261368887844,,0.002242814821317163,0.0,0.0005350460394759615
2010-12-06,0.001621003753764949,,0.0033423947072090954,-0.0013173181457112326,-0.0005875841200527754,0.0,-0.002430176388243055,,-0.002877402744657087,-0.0064327815171476566,0.0010687190211473574
2010-12-07,0.0013484848302194319,,-0.0037857173452136017,0.0013190557618014687,0.002645383595970996,0.00120908574748535,0.005567688250553315,,-0.006732760442163976,0.0006473145597929442,0.0005340659494836864
2010-12-08,-0.010506368314643466,,-0.004711399023440532,0.016469193681138083,-0.0035180462577267813,0.008453850769188476,0.003805997022072738,,-0.003550649041124898,0.0009704640673162679,-0.002667858832640424
2010-12-09,0.005445087465577592,,0.0022901499162168992,0.012314127917291584,0.002942092973375443,0.0007987710294423689,0.0027577840017594113,,0.004210983258978285,0.0016157116617543377,0.0013373743371019042
2010-12-10,0.008665129324912701,,0.004114590464842083,0.00896276401774454,0.00909352438424782,0.00478618541508169,0.0017188622769686024,,0.0038713644389389845,0.009680872738167423,0.003473194320162909
2010-12-13,0.005368934181986029,,0.008497193054960883,-0.0006345668908159796,0.0005813610364588939,-0.001984527638540401,0.0,,0.004820049173471785,0.0015977973222629505,-0.004792138447901606
2010-12-14,-0.0008008393475836817,,-0.004663612539800854,-0.008889083439935441,0.00464877806761943,0.0015909839955152716,0.0048045162691348064,,0.0025585202608293667,0.010210618688936801,-0.0002675118676787047
2010-12-15,-0.005344753533113811,,-0.00544305417649249,-0.00832794378022328,-0.004048784900447799,-0.003971932520116073,0.0010245457959019433,,-0.008612620790880876,-0.003158640846830596,-0.0032115565455087536
2010-12-16,0.009403684433411552,,0.005624352016891043,0.0012918888682007523,0.011033399528010746,0.0015954448303936442,0.008870934369070715,,0.009009303761547072,0.006970871683879665,0.007248711300333444
2010-12-17,0.007862044365232856,,0.0003491196967690957,0.005568437694725814,-0.002972845542907998,0.001997235772736694,0.0015688834397724616,,0.005195086291841511,0.0017079264031751862,0.001608236293083376
2010-12-20,0.0031945969546220976,,0.0065258043741516225,0.0006442346144301947,-0.00028946144615682456,0.0007976554716393469,-0.001021705349677604,,0.0012837379292576223,-0.0003156539591282481,0.005889401800182492
2010-12-21,0.010085231922272841,,0.010102596430833444,0.017374454382141025,0.00810866174823821,0.00597611395197295,-0.002386580435891461,,0.0003207282151567181,-0.0025268082778567846,0.004257142297876326
2010-12-22,-0.0005256208656685413,,0.0034334349916576024,0.011384962504244589,0.002298094572725562,-0.0011884736172721455,0.0044424877028830245,,0.004487319399497203,0.002849762709873138,0.0013246833019588955
2010-12-23,0.002629143703216208,,0.0028268008766916264,-0.0075046331181394255,-0.002005904470424702,-0.00039656757165351664,0.00034096950754225475,,0.0006383861206771257,-0.0006313858190356569,-0.004233609113717618
2010-12-27,0.001572802716665267,,-0.003560391328537138,0.008821852515744855,0.0017226568976655976,0.0019839021883367725,-0.00476218504136261,,0.000637366580072074,-0.0018955100568356364,-0.0029232969342681825
2010-12-28,0.00209457356298004,,0.003721802577710598,0.0,-0.0005731346059808518,-0.0011880029439562678,0.002733891396985655,,0.0035053228939507797,0.0006329845475234741,-0.002132189650665417
2010-12-29,0.004179301104292099,,0.009937669230638768,-0.001873983609907648,0.0008604130186051773,0.0019814967199958122,0.00034106145131196364,,-0.0034930785258239228,0.0003163310900857752,0.003204934774478696
2010-12-30,0.0,,0.0008813025984406586,-0.0031290082989315904,-0.0017194193271564684,-0.002373296861120977,-0.0017038458556293268,,-0.001593013380455588,-0.003478541620079878,-0.0018639692325188584
2010-12-31,-0.0007800269153038775,,0.0014676692507127331,0.0012556292324190643,0.001148423662460818,-0.0011891475573712063,0.0003414291346004461,,0.0003189884542111887,-0.00031756980800590195,-0.0021340802400233727
2011-01-03,0.008070643503526709,,0.007472150660114751,0.021943476446639743,0.007169069135921413,0.011115722346406454,0.0013648587640431309,,0.00478595583209418,0.00920626265523361,0.011761716570612535
2011-01-04,-0.006715453638089008,,-0.008580599516361476,-0.001227317435699149,-0.0014234058287692086,0.003926198750825005,-0.0027259969272892537,,0.004763870920011737,0.0031454775001078517,-0.005548217588404958
2011-01-05,0.0023402884335321783,,0.003960785952127788,0.011671033263159325,0.005132576998952754,0.005865992220839056,0.00034168103736886835,,-0.006321206368438803,0.002195417535876265,0.008236491775410748
2011-01-06,-0.005187979801382303,,-0.009497327532443367,-0.006678735642356659,-0.00170214668916846,0.0058323273920419805,-0.0034152512737358753,,0.0009541262141852247,0.004067191724073771,-0.00606093433385968
2011-01-07,-0.0010426806909202835,,0.0072280083864868505,-0.00855724933546509,0.0019890917198936986,-0.004638698631527105,-0.005140727817383839,,0.0034948907217455805,-0.0006231221286313593,-0.0005300693294231218
2011-01-10,0.0013049324704934584,,-0.00395412470882317,-0.002466263000175384,0.0014181852447066046,0.0007766287840380581,0.0006894071513685596,,-0.005382816877117058,-0.0028063749021461915,-0.0007959815665379288
2011-01-11,0.00808130176356392,,0.016615243049361128,0.0037082053003223425,0.003681514309407996,-0.0015524144055437672,-0.000688932196585279,,0.0015921031196237667,0.005002894504268385,-0.00026553855263911075
2011-01-12,0.009827306194434948,,0.013740210402571229,0.016625655862539945,0.00818306799796198,0.008938992131448664,0.008267448851505321,,0.005085573656899323,0.005289949311241049,0.002390299189615419
2011-01-13,-0.008707680900528203,,-0.002853454229387875,-0.0030283738994990594,0.0011195671309729427,-0.0007701667876717222,0.0020500862242147644,,-0.0009487961775304088,-0.005262113000200075,-0.0015897328559197899
2011-01-14,0.002325712984680761,,0.010873953960989002,0.015795698899406352,0.003913606899204947,0.008866713234940038,0.0,,0.004748486233239646,0.0012451500098329404,0.006102564476725858
2011-01-18,0.00541194389788191,,0.006228040989881167,-0.005980954875319133,0.007240287418026625,0.0011464253677708758,0.0006819639897575058,,0.002520254693226809,0.003728504633740082,0.00290088061627114
2011-01-19,-0.023070781219346137,,-0.012097375097856133,-0.022262283956105744,-0.010505806613084978,-0.007252231241667406,-0.002044302143320187,,-0.0025139189771263837,-0.006810925589282202,-0.00999241295369302
2011-01-20,-0.014169586049418204,,-0.0071196432867765,0.004923325970880743,-0.005029040193304635,-0.0053822388093045515,0.005120832783440887,,0.007561570657972139,0.002493649557064881,0.002125193469844744
2011-01-21,-0.0023953795610887063,,0.005306589842228204,0.00796076989117056,0.008143429925317136,-0.005798508591550511,0.0016987352040573889,,-0.0009383154410977923,0.0009329171862431096,0.0023849524786057064
2011-01-24,0.010672242984763436,,0.003708897208415829,-0.001215481324292278,0.009470764713581215,0.013996896211808885,0.001695367837017292,,0.005633878148216809,-0.0012425258376702608,0.00396625105597237
2011-01-25,0.001320158730191423,,-0.002842958146780483,-0.0018243088948007857,-0.0011038118081988513,0.004601527394289873,0.00338489971203626,,-0.0015563259830644327,0.0,0.0005271224857874568
2011-01-26,0.021091116530006948,,0.023945511954961862,-0.000609686839060819,0.005801275644954806,0.005725117581784511,-0.0026987459264418145,,-0.003740665419279199,-0.0012441483665152075,0.0015792675783923293
2011-01-27,-0.008261958935609881,,-0.00584620556645099,0.0085365680694931,0.0035701510564174477,0.0034156048748508194,-0.010148702598395176,,0.003754710535137429,0.0024913195664972854,0.0078837064465751
2011-01-28,-0.015621202555277214,,-0.00434071894258381,-0.017533237586408568,-0.019430694185218256,-0.023071309941621654,-0.009569649696074434,,-0.01340361050674177,-0.018017927566231218,-0.032593923843896144
2011-01-31,0.016662120750789988,,0.02868786395277456,0.00923077099248415,0.011443043310962908,0.006194330100174783,-0.0034504079609321003,,0.002211354132121146,0.0022146298251124463,0.0021562042355567357
2011-02-01,0.02679496579759366,,0.01626809253601058,0.020731786880332503,0.014072971163615833,0.01692994464486941,0.007271302164855831,,0.010088485986599727,0.017992196808634953,0.011834408879575653
2011-02-02,-0.0017732936375940422,,-0.0008068651138513072,-0.007765701523535173,-0.0032656183365634694,0.0018911766456106704,-0.0037814515912636404,,-0.005305632434062901,-0.003411124411869859,-0.0029241963987886033
2011-02-03,0.004314504277740605,,0.0005382584772055665,0.0006017855460747068,0.000546375799447274,0.0015104379723756,0.005176107063651569,,0.004078092038522829,0.0012451500098329404,0.01173060086064237
2011-02-04,0.00025291339693067627,,-0.0025562330456232463,-0.0006014236180343913,0.003547048509198847,0.006410559865240417,0.005835803667242789,,-0.006249298102749878,0.004660764957929109,0.006850826754267958
2011-02-07,0.005305292650177762,,0.00580033422150672,0.014448734658599749,0.009515859789284153,0.004870735778365276,0.0013652268236366005,,0.0066036763705481505,-0.0015463555641022086,0.005234097096210366
2011-02-08,0.003267402478269066,,-0.003352831779778187,0.007122161295404883,0.006733255457720189,0.0041017428513581145,0.004771632607470044,,-0.00031301191844612664,0.0027881941557139633,0.011976403372811806
2011-02-09,-0.00901793482048685,,-0.012649683263790124,-0.007071794831963629,-0.00026760481352383625,-0.0018567572602692373,0.0016963326953671753,,0.0,-0.0021627859811349515,0.006688972280778138
2011-02-10,0.0017699841846348097,,0.010221807735875998,0.0,0.005352240364359995,-0.004464576380039942,-0.0037254954361806147,,0.001875859464745,0.000310108308764212,0.0012776270151351188
2011-02-11,0.005550798039896332,,-0.00013483361359767354,0.013650095930288098,0.0074522061191952815,0.005231391768911742,0.005438731529045837,,-0.0018723472045201195,0.0021661909583345906,0.010209143918234131
2011-02-14,0.010790485899036195,,0.021994198701579704,0.000585498325895939,-0.0010569937653707173,0.0014873756970825713,-0.004394914197258237,,-0.007186727819271876,0.0033971245968171804,-0.004042202970511943
2011-02-15,-0.01142020721487691,,-0.010430768875357987,-0.0011702207005210852,-0.0037021861284078916,-0.0037117040767679077,-0.00033969009855983057,,0.003147821605915757,-0.002154494402285767,0.0012683442822831736
2011-02-16,0.013058975065860068,,0.013342912265861706,0.005272480693991,0.004777987310100595,0.005588602519861485,0.002717371967837501,,-0.0021966912770661207,0.005243575716076476,0.008107167233751156
2011-02-17,0.008924431047725001,,0.009874576574443461,-0.0011654469249939847,0.00237800162024171,0.0018522839835619642,0.006775165490615631,,0.0018867503012922615,0.004296145868653012,0.000251563517945419
2011-02-18,-0.011056974720023205,,0.004172288289443493,0.002333884966259747,0.0026356810981511547,-0.0014792428340948405,0.002691674117790255,,0.0015694146841571666,0.002444051173112971,0.005276553543758222
2011-02-22,-0.03204975713814817,,-0.009737644253872912,-0.030850143076463055,-0.028916677731673723,-0.024444485929097204,-0.007046725350376537,,-0.004387274777101213,-0.01523897952029507,-0.0239939269453312
2011-02-23,-0.0074433690747300885,,0.02032254645214482,-0.004204055581824462,-0.017596421123636352,-0.011768819675349484,-0.0023659013055954414,,-0.0022037067963978085,-0.009594876705257827,-0.014596991238166823
2011-02-24,-0.0051721493013658915,,-0.01413512839739961,-0.002412806975161441,0.005787028065053823,0.0034572359235187644,-0.004064379917886107,,-0.00378570837295622,0.003437619669648395,0.00597697989692314
2011-02-25,0.014817293104960605,,0.01590171375167304,0.013905742312268599,0.009041230212219364,0.012634018348262943,0.0051018670111899755,,0.0056999896336189515,0.006228798332656105,0.010333456033528421
2011-02-28,0.010757681754079984,,0.007698506238583036,0.004770202159369852,0.004887098063863782,0.004159385286860662,0.00575256539555391,,0.011020496460896867,0.01114180689754174,0.0076708551800011016
2011-03-01,-0.024581825284912817,,-0.0187166397160885,-0.02136482737701695,-0.021345762247843236,-0.019202435003919494,-0.007738611368064752,,-0.00996595198117134,-0.007958435229980299,-0.01903126902882679
2011-03-02,0.0036375650846323104,,0.0057092389595403414,-0.006064282637248453,0.004969546197159724,0.006142107552587817,-0.0027129583244296374,,0.0015729713868390949,0.0030851526959898568,0.0038803103679247997
2011-03-03,0.020191408959782997,,0.01715876310980846,0.020744530932683247,0.02417579739700204,0.0160243960135682,0.010200366751470513,,0.011306381273549215,0.020609277244428625,0.017779182300743157
2011-03-04,-0.009134171190348206,,-0.006341632680038067,-0.012552227569928243,-0.01180205248180155,-0.007886007561349051,-0.004375394937878863,,-0.005900507106507691,-0.0015072616013823703,-0.0073420539441451105
2011-03-07,-0.01715781199251265,,-0.007020935725885358,-0.006658520298368442,-0.00922924498214539,-0.012868850793897546,-0.002704704375297906,,0.0037488450749956215,-0.007545822646582767,-0.009946516463288368
2011-03-08,0.011464187314815799,,-0.008227157549902886,0.021937575702940082,0.015616436815296675,0.008435537055278441,0.008813569478615113,,0.011204531173480747,0.00547455552110665,0.00798589195687116
2011-03-09,-0.016228546141832,,-0.006869741032217602,0.0,-0.0021581258768432754,-0.004182664456899077,0.005040443311381537,,0.010156991020219941,0.001512658007277956,0.002299564648711616
2011-03-10,-0.021733752771845194,,-0.03641354911671091,-0.02027409891558074,-0.020275940298213002,-0.018709349533734154,-0.00668691819278322,,-0.011273670691264503,-0.015705498213445135,-0.011473196798629903
2011-03-11,0.014721777199810715,,0.017337475707061012,0.006694805348633537,0.011865207682569379,0.003891244545415784,0.0006736280696009178,,0.0021573304958133477,0.0033753106702194557,0.006190097451802545
2011-03-14,-0.003692803943392997,,0.00545862610689718,-0.009068925691567475,-0.008453470079837211,-0.004651375654728618,-0.00706398961840049,,-0.013222548770510545,-0.0048927392353323995,-0.012304619187244903
2011-03-15,0.0,,-0.00754853359566765,-0.011592323290771867,-0.009350806387251387,-0.014797446076610266,-0.008807209630001367,,-0.01900972255573896,-0.011678167242933801,-0.00830519337468727
2011-03-16,-0.020121909375984126,,-0.016009892928845915,-0.01851852029112533,-0.018600922440267675,-0.02450574744872458,-0.014354425505701096,,-0.015565318957954433,-0.017412894294829173,-0.017011220386116355
2011-03-17,0.017832801806755727,,0.03050845608462449,0.011949472141028483,0.015558524919693228,0.010534744735795076,0.004854458776504478,,0.001291089253682376,0.011708736484529414,0.004526276896104298
2011-03-18,0.004900701574630295,,-0.0046873018861883775,0.01383369268423773,0.006351046516076986,0.0017701565950940523,0.008120599105848392,,0.004979284435925768,0.004556257963438615,-0.0006387083368991631
2011-03-21,0.017227789104875546,,0.03037570834808556,0.0049170809387684145,0.02196270634450359,0.01686789006557987,0.01239219364193711,,0.011657945484263799,0.008445411451660778,0.015433789415960186
2011-03-22,-0.0023448268016268425,,-0.00218846940198425,-0.005504672898964391,-0.007889317952040509,-0.0015806529330165686,-0.0013598946159292247,,0.001600452646716377,-0.0006199999222999963,-0.007861904930060226
2011-03-23,0.014624671862564886,,0.0025805873127036083,-0.0024597672067183662,0.0032907604788821043,0.005538513848676541,0.0017024745291913668,,-0.0006390365880347693,-0.0006209181264645869,0.008716709154387603
2011-03-24,0.004376368932336394,,0.0036030971533207445,0.004931855867985391,0.010385033205501326,0.015735844720367265,0.00917742722053183,,0.00415700194032631,0.011801265733190291,0.014663974092053111
2011-03-25,0.005381500681779228,,0.008975158814905848,0.0024543004437211913,0.003516735822676642,0.002323309703019971,0.0,,-0.000318298104239334,0.0027625792032845986,0.0018061746606967688
2011-03-28,-0.004587844593496926,,-0.002414342835065142,-0.003060411827143228,-0.000808532520955807,-0.002317924446662234,-0.0003369595732127806,,-0.0035042110699634588,-0.00030633311963934595,-0.010304003885887814
2011-03-29,0.010498694826112542,,0.012229029324699159,0.0018422827824315924,0.008092344220484993,0.006971009969587216,0.0047171974511270864,,0.009910259096163943,0.0058178265611215085,0.009109633764663672
2011-03-30,0.010390144310596927,,0.006921980284999352,0.00796560724238815,0.004014603468695199,0.004230898276951001,0.005365361296367777,,0.011396432648748345,0.007306027562453243,0.010833701718386601
2011-03-31,0.003762540416182958,,-0.003249510477406181,-0.0036477855202151632,0.003997542105432794,-0.001915211412102047,-0.0020013443185977753,,-0.002503838574467343,0.0006042218041020231,-0.0035727244424961224
2011-04-01,0.0037478522957454796,,0.0030089586428594384,0.008541937884982254,0.008229107770144406,-0.0019185295164666494,0.00501325126883434,,0.007844471573509981,0.00513400787884577,0.006402539773149307
2011-04-04,0.006472318749906947,,0.0006257814809258466,-0.001210168823884139,0.0013165751745356502,-0.003459866045646298,0.001995449411210437,,-0.0006231151654155775,0.006009791980376322,0.002289641843480794
2011-04-05,0.011873361863497633,,0.002998373906163865,-0.0006053491619681939,-0.0036813245761988522,-0.0015437050212538939,0.0009959271730621833,,-0.004049911094456293,-0.0044803075748718335,0.003300156275584998
2011-04-06,-0.00831135710342834,,-0.01046309543043833,0.011515537192236414,0.0010557885066626582,0.007341621750927008,0.004641648377442964,,0.007194493472828967,0.002100544047318742,-0.001771215460200426
2011-04-07,-0.00197206375408443,,0.0,-0.004793711480841734,-0.0047454387501854045,0.0003837728150575259,0.001320138726633946,,-0.004037234592715544,-0.0017965032159038552,-0.004056106031683271
2011-04-08,-0.007162022275899127,,0.003524149170501145,-0.009030781812657596,-0.008741987803447593,-0.005751262767566989,-0.002966255005008689,,-0.0028063156082867025,-0.0005999858124903223,-0.005853628251996312
2011-04-11,-0.011194115730348564,,-0.019693807996987833,0.0,-0.0008017533110927788,-0.001543199357391889,0.005289188062325811,,-0.013133391187819532,0.005702218354063149,0.0002561109056116173
2011-04-12,-0.013584854143634195,,-0.03096614563313005,-0.0036452883977975414,-0.007488540372360575,-0.008111129735497213,0.0032883146505378047,,-0.0025352820900443884,-0.0011935177875926906,-0.0012797589853495994
2011-04-13,-0.005865872186332388,,0.004093304070234893,-0.007317344589770736,-0.002964002115434905,0.00623108256410787,0.0006558066997595091,,0.0025417260826594568,-0.0008966665869302171,0.003331683880561931
2011-04-14,0.0030788900740632563,,0.006838247953509846,-0.009213462245676873,0.0,-0.001935582698954219,0.005895588141416441,,0.006020115179120378,0.0053829184034057675,-0.002298998901721694
2011-04-15,0.006649433279005468,,0.008229287828637855,0.0006202814288469582,0.0035134738859281534,-0.001938615032788027,0.004233402541193643,,0.011023712894613125,0.008923009222950862,0.004864119131098743
2011-04-18,-0.01397413723828167,,-0.014898487798623794,-0.013630832747039134,-0.014274074129446812,-0.008935420409108996,-0.005512394444544211,,-0.008722634842049048,-0.011202494041549826,-0.00891699997765516
2011-04-19,0.01777906234350768,,0.010125923497430689,0.0031408597387052595,0.00874296950588005,0.002743923173797791,0.0019565047292817717,,0.00031429589205522745,0.008348176415261088,0.0023138917110421264
2011-04-20,0.013164663136193022,,0.023565305496099143,0.0025046268094433,0.01625181462102887,0.021110341752716533,0.005206384309143219,,0.012880888122621004,0.00975733808233148,0.01795314973263351
2011-04-21,0.010745064152365202,,0.004578551680385123,0.005621572494636462,0.002931140820720879,0.008805870188361542,0.00032350002267822475,,0.0,0.0029287032915188416,0.005542586906540414
2011-04-25,-0.007664286197088699,,-0.005191065105121906,-0.001242297601170561,-0.002922574343760198,0.0007587713464569656,-0.0025887331146645653,,0.0012406093040981947,0.0011675871552936368,-0.0010025109127073106
2011-04-26,0.011211304411447687,,0.009927361892781983,0.006218637020656059,0.019189708531553107,0.008342802332107713,0.006813744443012526,,0.008054459486455556,0.011665406234017128,0.0017561260189982164
2011-04-27,0.00320238313549015,,-0.0005041816760840145,0.006180108982813515,0.004445469116721501,0.006017307433786145,0.006445315194111956,,0.007990493054478298,0.011242469120908982,0.012018233614844887
2011-04-28,-0.00024528078618546445,,-0.00012582813449679708,0.00798584929545254,0.003384693771369962,0.0003736692380409412,0.006403856403111696,,0.008841384034304678,0.005131263638254557,0.003958541320241649
2011-04-29,0.003929477400764991,,0.014880006009691638,-0.001828527115329548,0.0041509440138798315,-0.0007473200463498086,0.0028639297019426024,,0.002115344652072748,-0.0005671756248908366,-0.0007389903939127862
2011-05-02,-0.007095052063957996,,-0.013295003343936185,-0.004273623713007657,-0.001550405691336576,-0.003739655674756537,0.0012685889747277024,,0.000301308470017414,0.010215373070191047,0.003452336255095556
2011-05-03,-0.009118097581429563,,-0.02505939253153644,0.004291965960511845,-0.004140399805478645,0.0003752121808295872,0.002534957953531425,,0.006331399476781074,-0.002527811654093215,-0.005652895701576455
2011-05-04,-0.017657342612143467,,-0.017695853701364173,-0.008547153004245911,-0.014553288297979639,-0.0030015315272073906,-0.001264048629797787,,-0.0011983345779003063,-0.0008452233572403545,-0.002224111650856453
2011-05-05,-0.011898801039955775,,-0.020776155645884198,-0.012930921595537881,-0.004747156570261368,-0.005268997015691057,-0.0075949744292233,,-0.007198633839243795,-0.006482666362282896,-0.0027245563897404512
2011-05-06,0.008199236410650679,,0.0044315991634198415,0.004990699484267447,0.00874410878841636,0.0018912306136322776,0.002551215157482689,,0.005740312146226723,0.007092232676231269,0.0007446370362469423
2011-05-09,0.014485264415716292,,0.01751324064977755,-0.002482862040445677,0.004203187558628363,0.004154381532280205,0.0034986991852949956,,0.002102445555303367,0.005634106434109443,0.0012410074858397735
2011-05-10,0.008516827925935333,,0.004729964547843579,0.009334340550644082,0.00915476740730159,0.009025873687272812,0.0060220804793931215,,0.014388544562265349,0.006162657646282099,0.0128906618455773
2011-05-11,-0.02657674296461332,,-0.02890010466728188,-0.01356370019823916,-0.01347833972335788,-0.008945136019445799,-0.0018902786133665472,,-0.003250695035755813,-0.0016707413035954577,-0.009544732001727452
2011-05-12,-0.0010210843269623515,,-0.001481233890199496,0.0,0.002101814038616867,0.0075215905605292566,0.014835795637658133,,0.010080388131300522,0.00920246932367541,0.009883673878718469
2011-05-13,-0.012771388859993071,,-0.004855333914929538,-0.014375041746885975,-0.012060330763317362,-0.012318056140320222,-0.0012443516022846435,,-0.004696261397562851,-0.0030396770417790986,-0.007584919886351349
2011-05-16,-0.003622349565306604,,-0.007589016643258395,-0.0012682942521123897,-0.003715652347906939,-0.014361297351762725,0.00031138661954632774,,0.0011793247365980974,0.0016629246890471627,-0.013313567651192959
2011-05-17,-0.011685031764643639,,0.0,0.007619232793633524,-0.013585159607510833,0.0,0.0021794720086252273,,0.007364057414931624,0.0,0.0009994125198447001
2011-05-18,0.022332616511734793,,0.020210173076348203,0.004410668324719813,0.013501738005337272,0.007285319258619749,0.0015535954529986018,,-0.0032166618562518012,0.007747794251660389,0.011732626917310363
2011-05-19,-0.00025635680378499615,,0.00013417184917852154,0.0,0.006395228911813433,0.0019031924996264493,0.005582887217765675,,0.0023469397524911173,-0.002196713480346446,0.0032077821683511587
2011-05-20,-0.010026067843203812,,-0.0012044886259681142,-0.013801671368003476,-0.010590626792906899,-0.005698908436719274,-0.0030847069669208693,,-0.0011706295238088638,-0.008255135383544387,-0.009591901550106585
2011-05-23,-0.010386627413764171,,-0.01554351651626018,-0.013994823320324201,-0.014181664233655522,-0.014138399302784155,-0.0068067889723254504,,-0.011720107880217379,-0.010266444969914357,-0.009436495215054519
2011-05-24,0.004985366741876218,,0.014155334366033667,-0.0012901873914865636,-0.005157893273266323,-0.0031010496713304025,-0.0009345396447754117,,-0.00088911995819696,-0.0028031451022281217,-0.0050139201125701804
2011-05-25,0.014099367982531641,,0.01691062796712428,0.0006458271513165581,0.008458336996597815,0.0031106960944315976,-0.006547985759430053,,-0.0020772430506014183,0.0014050636145139794,0.0002517003584916466
2011-05-26,0.0023170559932335077,,0.005014854815908576,0.005164480785164294,0.004058317153884161,0.0065893474499809646,0.001569149517379298,,-0.00029719171730269167,0.0014039885049863532,0.009068252658757325
2011-05-27,0.010788821860332476,,0.002495124711521468,0.007065023366310097,0.004850704508054582,0.005005568757929346,0.004074291206391356,,0.0,0.0005607254123385363,0.0024961507556013895
2011-05-31,0.010165034105586557,,0.010086465061863947,0.01020449228471132,0.009117309883383218,0.013793077023903422,0.008427049848571011,,0.007435960369192696,0.011768290622739874,0.0069725246064682445
2011-06-01,-0.031195133581391477,,-0.023861376724487737,-0.03345998300857567,-0.032686497927811975,-0.02078593330282874,-0.01021426499789635,,-0.01033380437288356,-0.013847116064346743,-0.02275012297959078
2011-06-02,0.0015585036475316283,,-0.00039909786970504513,0.0006535035223931285,0.005219828610774746,0.0007720158481812067,-0.011569390466883656,,-0.0029828991666071003,-0.002246405403069862,-0.002276666074103928
2011-06-03,-0.012704481671823697,,0.00026619967106933373,-0.006527940609490357,-0.01339191663285888,-0.015040857203025837,-0.009491075289298156,,-0.006882341300751493,-0.009569340287164496,-0.012935141599462185
2011-06-06,-0.009978931160792848,,-0.022588730750691344,-0.019053408380390158,-0.007201997586612885,-0.007439264642208232,-0.005109851136442578,,-0.00451926502127642,-0.005967297426259011,-0.010534447421245208
2011-06-07,0.0037135595593447146,,0.0,-0.002009891167324973,-0.0005580186634220885,-0.0031558229194261767,-0.0022471564278647715,,0.0012104741258638363,0.0020007591047284112,0.001038837678469351
2011-06-08,-0.010306788765948482,,0.002991178566923436,-0.00939582142437878,-0.008654329771271896,-0.006727457578014184,0.0006434120227705176,,0.0024183086802194165,0.0011413583811363814,-0.007782012182477871
2011-06-09,0.01655580973858739,,0.013553522872173707,0.011517981285166679,0.0076031169944468235,0.0007970224235522849,0.0054662196507182514,,0.0009047854722874504,0.010544251491473977,0.008365876852640008
2011-06-10,-0.012608438785957743,,-0.019390233502569187,-0.0066980488143953965,-0.015930487657900616,-0.013933544123321817,-0.011512598968692278,,-0.006628522697577521,-0.018330668589299437,-0.01840837299993192
2011-06-13,-0.005853311758008406,,-0.01581872840027676,0.010114405636442836,0.0002838582477411311,0.0008080165456549881,0.004529393654473024,,0.004549613187726953,0.0048841293628618665,-0.0013199365803048257
2011-06-14,0.0192677026704009,,0.02133851776625395,0.005340514314882805,0.019023422155536984,0.012504669597044105,0.010628025627907434,,0.0039247064865870485,0.008576296695086194,0.01771970864542549
2011-06-15,-0.023103922584218006,,-0.022927916952106053,-0.021912109196482232,-0.01504614852456898,-0.018724745591220726,-0.014977811811094699,,-0.012330219788755259,-0.013605892053230928,-0.015332367284982773
2011-06-16,-0.009674506552111661,,0.0015273041742511761,0.005431047743345685,0.003394950715682743,-0.002436599317506727,0.008087991946349682,,0.007916915901656996,0.0017243721592301586,-0.0023752692785606877
2011-06-17,-0.00013668386052778647,,-0.0025743605128248914,0.009012528627239558,0.004391204473212396,-0.0008989306445239542,0.006366502755914993,,0.006836198622842238,0.002306500761682706,0.007513160038918887
2011-06-20,0.00846109754509583,,0.002790043704403722,-0.0006717055971291463,0.008744862124359543,0.0036810020541382382,0.0073859667178337585,,0.00575943401967427,0.01006581303901144,0.00816869307747492
2011-06-21,0.025710238231616556,,0.01989420468833636,0.014112813230122923,0.015660015417359396,0.01793020891187691,-0.0009561311492174429,,0.0006032671724807148,0.0062645727184653666,0.020386597987204436
2011-06-22,-0.004221275235369415,,-0.0028643277410251855,-0.005964308514098682,-0.005506717639712222,-0.007205987859704721,-0.006381784856373307,,-0.006627119374318258,-0.005942726783044416,-0.007683884235369365
2011-06-23,-0.0007948700441920975,,-0.010943903667415933,-0.010000055479379877,-0.0022144806192454514,0.0068548865783448765,-0.008991500878703262,,-0.008489634992396522,-0.0011387017797920285,0.003613492801389784
2011-06-24,-0.006364841358721063,,-0.018948596286583852,-0.006060079626301618,-0.011376622214896326,-0.017220778777428225,-0.008100781980771465,,0.0030583093279252793,-0.011683884602590844,-0.009773658034710642
2011-06-27,0.002135272996552695,,0.005357125296691745,0.010162548784316439,0.007858576904022918,0.013447444302185474,0.0045731275504621305,,0.007316855306309877,0.005190082691220788,0.012207515827929338
2011-06-28,0.019440742428058266,,0.02916820131722364,0.004694701264605916,0.015594462586267177,0.012465217094878023,0.0019512792974105686,,0.004539734305536669,0.01405671480815629,0.01898894375139215
2011-06-29,0.015935580627818302,,0.01171828457619739,0.020693963224243106,0.005209649296854746,0.00794255609023753,0.005842253723203239,,0.0066286467362739465,0.0019794957097789556,0.004533369249682728
2011-06-30,0.012342108390129836,,0.014815339242309156,0.003924497889638445,0.015821768525124513,0.012608096419665316,0.007744944865168968,,0.002094880668228827,0.0031055849193144525,0.008021658866912418
2011-07-01,0.009143925345551196,,0.009422618070323852,0.018241023181557736,0.017991087284898732,0.016342714900062782,0.007684605094011143,,0.011947769697812305,0.012102960180510047,0.0201451874398193
2011-07-05,0.0012581026952669383,,0.006179394265796168,-0.008957272373214753,-0.005539224111238861,0.001531628378765415,-0.0003177575984044667,,-0.005903399241353968,-0.002781318840173075,0.0043871461146247626
2011-07-06,0.004022754090615255,,-0.0018294826093924188,-0.005164703007689564,0.0053049440394803415,0.004586972777716136,0.005403686277074327,,0.002078645987253047,0.0027890761502162853,-0.003640575178175731
2011-07-07,0.015022443621752979,,0.015054404840545876,0.016222886351490384,0.010554231470852438,0.012176839976490994,0.00695575285455674,,0.004147831861635476,-0.0005565492127401761,0.01388566552806414
2011-07-08,-0.007646743588230032,,-0.008383037168396279,-0.012770908077469167,-0.012532633207370969,-0.004887290918815568,-0.003453985735660803,,-0.003836170837844932,-0.004451677017079159,-0.0060067209917853415
2011-07-11,-0.02013469643128918,,-0.023669948799064477,-0.027166606956770978,-0.018509054465411623,-0.01662251084789257,-0.0072467901976880356,,-0.010663151184175601,-0.013695004360929075,-0.01933770713156202
2011-07-12,-0.004058442197046319,,-0.0037300425324015007,-0.003989627542201557,-0.009698157709882471,-0.008836131256171331,-0.003172913963968904,,0.0044910855909681136,0.0,-0.004930037471471138
2011-07-13,0.00866021355579849,,0.007487930897073225,0.000667258482212274,0.004080893309027278,0.0023256233632178436,0.0,,-0.002682659651534691,0.003967248420347902,0.005202180680897284
2011-07-14,-0.00959603593669145,,-0.006635839728308723,-0.0073380332413646165,-0.010837517909359606,-0.00850761985497639,-0.00445791476762869,,-0.004482844870711045,-0.001693520811902216,-0.007638940221832313
2011-07-15,0.008923807374287662,,0.02685367828178209,-0.002016367698305266,0.0008212584771798426,0.010920485864457596,0.002878473242930557,,0.001500727903886112,-0.005088973779589501,0.000495986835777007
2011-07-18,-0.01187712126441276,,-0.0033827994428855535,-0.013468123534922993,-0.011219923809733245,-0.0034720621074805225,-0.0063772636968449925,,-0.009591921151564597,-0.007388315817078439,-0.009679150082184784
2011-07-19,0.015088970559073545,,0.018276372487039172,0.01228720146034723,0.013008490206505297,0.02400314230780287,0.013799417653771462,,0.008777458931763071,0.008875185911314087,0.01929743844289855
2011-07-20,-0.0007554922469579228,,-0.0025633287975859176,0.011462908075391631,0.001912266253319972,-0.0030249503008222822,-0.0015830220526057426,,0.006000437073056419,-0.003405648312145404,-0.005163248433470713
2011-07-21,0.01210268465083697,,0.019665308558267647,0.023999866027571537,0.014998678518461706,0.004550797296488662,0.008243903837053645,,0.014911990683490473,0.01509070105901289,0.011616824240449741
2011-07-22,-0.004732794917414185,,0.005042064497563947,-0.002603806883653914,-0.010477896026227285,0.008682519692696067,-0.0018867606767850598,,-0.006171246276862052,-0.0016824535220669734,0.003908360816080592
2011-07-25,-0.002503382341515148,,-0.004013558854011001,-0.007180168017420163,-0.000543066628944544,-0.0026198804898963646,-0.009136671090286042,,0.003548324025351768,-0.010396369081986712,-0.006570069908007459
2011-07-26,-0.010791183303541896,,-0.004785052723097816,-0.001314944909198812,-0.018473206797218866,0.0045032445785924136,-0.002544037499956131,,-0.0035357779395405187,-0.00794991857313232,-0.0017153517457938472
2011-07-27,-0.022830499375704805,,-0.01885344420872903,-0.023699665514718693,-0.02712450440438341,-0.02652237011337344,-0.010838471465604793,,-0.002956936687793066,-0.017458509495035246,-0.017423373270600506
2011-07-28,-0.002076732278667559,,-0.004127486605826625,0.0006742153569383458,-0.008535269372541232,-0.0015348879006514826,0.0,,-0.006227796740848834,-0.0008738565471396731,-0.004995410093247554
2011-07-29,-0.011186674153943144,,-0.009971182791496114,-0.0026954597765249666,-0.004877826666835783,-0.008070904957818703,-0.006444903635102639,,-0.010146310795815627,-0.005248081302758223,-0.004768448173802953
2011-08-01,-0.003419902970384636,,-0.00143890787655232,-0.0033783270179734703,-0.006343427948875657,-0.0007746084238194895,-0.0035681683574000367,,0.0030151652893695147,-0.016998569873013403,-0.005296759871685652
2011-08-02,-0.03088700113273557,,-0.02790152818111924,-0.0271186483178677,-0.03482323131310405,-0.020938544373053092,-0.013020891463822792,,-0.01713250568352387,-0.02146698105267819,-0.037778640541842545
2011-08-03,0.005175918062256146,,-0.005659520788959482,0.004878446921410706,0.009019759268255267,0.010297002526822308,0.003957717432171437,,0.0,0.0018281229347516526,0.007378031235220739
2011-08-04,-0.0677511097102933,,-0.06857295131674934,-0.050624687666853796,-0.053635231674696526,-0.04037640612474902,-0.03120897411252832,,-0.03272211593832808,-0.039842050005109986,-0.048652776957557875
2011-08-05,-0.0023256832591452836,,-0.009603002222918877,-0.0189921516787509,0.0,-0.006127420946797968,0.014242167485299051,,0.008220341815395438,0.0076024154632379215,-0.000824884916914792
2011-08-08,-0.07313486022258098,,-0.08505939924820327,-0.09456408036731057,-0.07052884199961107,-0.0563091738686482,-0.037780324127473786,,-0.05299440782351872,-0.051241835890351695,-0.06274100534288074
2011-08-09,0.06161531745426885,,0.05089923668148133,0.0773026959885057,0.04945811651473053,0.045731889714249574,0.02432303319566298,,0.0327811706919936,0.03644815357795084,0.0463890477179103
2011-08-10,-0.034349499292225305,,-0.034530084714275655,-0.06946596289282292,-0.05100081646043897,-0.03915022861310058,-0.0383314807815861,,-0.018916395077348214,-0.04219979312363864,-0.04264894367764405
2011-08-11,0.049371178070935384,,0.051907080920360116,0.05578387162371312,0.047619397360023186,0.038144594058912906,0.02963004054021634,,0.042156944453414,0.04572783256093804,0.04425581383094079
2011-08-12,0.006428873156091752,,0.007371622178534487,-0.0069928755268395815,0.019480003893391995,0.007098169666285292,0.01199049636818561,,-0.005958194469950939,0.009894686228051341,0.012349262392011395
2011-08-15,0.015970004676732152,,0.03375149588973003,0.032081265529256386,0.014968297358574523,0.017827548491440526,0.014218055849857913,,0.03406954266423723,0.016750796562711168,0.014693602550837737
2011-08-16,-0.016004531718149195,,-0.016613966592883056,-0.019712090127901427,-0.01411949336213636,-0.007332108500373247,0.0023361250816225088,,-0.0012202044653493171,-0.0009326063521463146,-0.005464736403777981
2011-08-17,0.002904664112133526,,0.003966532821801261,0.006186900680870133,-0.0031827883780157773,-0.004513464495806252,0.006660178505579095,,0.007330266911318439,0.0009334769186502001,-0.001373675328678603
2011-08-18,-0.058210650256545926,,-0.057945258761949336,-0.04842399155181998,-0.055236791349331016,-0.0486400697853524,-0.017863404705527497,,-0.011825015189785959,-0.03294981201251068,-0.0495182705323568
2011-08-19,-0.015990025000284125,,-0.01770735978115412,-0.02019411304779617,-0.015545758745321936,-0.02426344145699666,-0.004715409971621787,,-0.0061369752784588005,-0.0025713726378675528,-0.014472028458704989
2011-08-22,0.0,,-0.00806468108863867,-0.012365722032020576,0.0037768251293246458,0.005328797404588581,0.0030456350452567893,,-0.002469599472609718,-0.0006448154537698203,0.0029369621905219745
2011-08-23,0.03531223296767916,,0.045114036774239086,0.032553925565575126,0.035225414245657616,0.03666074340119296,0.02058081889628882,,0.017950767476037077,0.03257020212604056,0.038653174876575935
2011-08-24,0.01418687747573344,,0.005948746419498718,0.02667774294155323,0.020151879817993823,0.008947607263413593,0.004297166777544659,,0.021586835613505384,0.011555263482279088,0.01776134655915551
2011-08-25,-0.011011855359172262,,-0.021076316700109232,-0.0031498979116606485,-0.018782163717488976,-0.0143584014852981,-0.015141289099808941,,-0.01636898704656753,-0.01698044288258249,-0.0199442975399291
2011-08-26,0.021065343514157897,,0.01936121029909299,0.00868867760997527,0.020791945639129672,0.019708952319855255,0.008355663529295398,,-0.001512439446660574,0.012562859391844539,0.020915028054877993
2011-08-29,0.030356516752195972,,0.029175094019727732,0.04150382298730637,0.03168432151708078,0.025209666101198458,0.017898272151678274,,0.019696913238981262,0.025434220086713255,0.029070559459850154
2011-08-30,0.008295195311570192,,0.00590626631956459,-0.006767139017651358,0.008461391321959555,0.004099038029499624,0.002605525008491094,,0.000594002033701857,0.003327277174852039,0.0045733742086970786
2011-08-31,0.002552835250623664,,0.007485282406905824,0.012869242786227808,0.0068364694199851694,-0.002449401614031399,0.0032474760438017114,,0.0065340563955753606,0.006934277689108592,0.006159344498585018
2011-09-01,-0.013581915332646632,,-0.00757535445759816,-0.022421645524044354,-0.01635803662643498,-0.011047712995269965,-0.0035607797407715136,,-0.006491639655963666,-0.006587104138617295,-0.012243702472850337
2011-09-02,-0.02553073812347295,,-0.027892224929899068,-0.04128423072201193,-0.032004657652313195,-0.02275473870174416,-0.014295489773160641,,-0.011285953427775608,-0.022001302556543423,-0.028294161100312132
2011-09-06,-0.005298966538709204,,-0.010872665880116261,-0.017544194913186928,-0.010373527735175636,-0.004657659935317637,-0.003955015908508885,,-0.004806044663122178,0.002465189701815307,-0.0030505794453655755
2011-09-07,0.028706795990560696,,0.03664098784794079,0.047889936361695584,0.031117422463652122,0.025946669935145383,0.017868850245517542,,0.011167863549232937,0.02397814583049729,0.025869801781718937
2011-09-08,-0.013233788579249395,,-0.011634842667763934,-0.02168871389471949,-0.014930175343081498,-0.004975214680139062,-0.0026006449886984973,,-0.0005970365040628423,-0.010807383445891272,-0.013558328378435514
2011-09-09,-0.03294466473895874,,-0.033079940204601144,-0.031670208863961324,-0.026765238079661358,-0.02124985679486302,-0.022164367678188523,,-0.02031005604964564,-0.02974246697755889,-0.026387820078313085
2011-09-12,-0.006632303149860963,,0.004777235627446252,0.011446743042131668,0.001987769390464633,0.0119199186734118,0.001000077830008772,,0.008231426355942428,0.0034411018803597315,0.011857871829940025
2011-09-13,0.01638837891561029,,0.0027607875387891667,0.006467299532588733,0.018518836798614657,0.01177960534682354,0.0036629424848486636,,0.006652319438060106,0.01028653262167234,0.01171852947943175
2011-09-14,0.015527277806631767,,0.012389194108819002,0.012048382919110256,0.01753200350405293,0.014968796827152575,0.011944155373957877,,0.006909136789940318,0.00956496539973073,0.01654730892902423
2011-09-15,0.017053428589580033,,0.01979165648784309,0.02539685451801832,0.020421243322986227,0.015976825991768973,0.011803548023027188,,0.012529908873389894,0.00916884975280774,0.016820750680272667
2011-09-16,0.003284397501684966,,-0.0021717380950370124,0.0031080110321777266,0.005282761111416567,0.011090586479441278,0.006494545747707026,,0.011399593555597276,0.005389051855940963,0.011190581762329677
2011-09-19,-0.014773892280178003,,-0.015799658288058627,-0.027111028983863195,-0.009383806202128087,-0.002402006370924248,-0.00843066952992444,,-0.005591507429756115,-0.00938844302025632,-0.001853484135821204
2011-09-20,-0.01176166803019496,,-0.006209207564842889,-0.0031843556573325493,-0.007262594849556492,-0.0024075120970561414,0.0019621869363266597,,0.014501321284386304,0.009171911340147165,-0.0053050385111335085
2011-09-21,-0.045224240306621866,,-0.04160310633857878,-0.049520918865654684,-0.041348357259400226,-0.014883251976494094,-0.02056137550386461,,-0.01837777818238029,-0.026961597059002473,-0.032266785876014836
2011-09-22,-0.056092448183919674,,-0.05644770410597222,-0.02857153545920399,-0.03749161230890541,-0.031033159370068564,-0.01899394003713739,,-0.016939114511514863,-0.020236450903974412,-0.030035437721485758
2011-09-23,-0.00165046165566618,,-0.010784985768753419,0.010380252706795101,0.010341270000427505,0.011377819596945615,0.0020381687158737005,,0.009975793161633772,0.00031785661291228173,0.015056056522005923
2011-09-26,0.03207619127289685,,0.03645581421073252,0.04452094831887776,0.0252476373093391,0.012499865390206866,0.019321931283268423,,0.008081723788791573,0.016518195389045642,0.023510257985211114
2011-09-27,0.02082691001617376,,0.01462890634935654,0.0049182033797767755,0.017636820734213465,0.012757496460735318,0.005986213155746434,,0.00356246675745564,0.015312761553793353,0.0068367293081035285
2011-09-28,-0.044255826785339014,,-0.032723335805056486,-0.028548024196946353,-0.025506630669063224,-0.014222049441629303,-0.018842780642026602,,-0.010059111311957247,-0.017236287789555438,-0.017111070482032753
2011-09-29,0.0009852759084925111,,0.009546303831310832,0.027707537626780354,0.01442955185088679,-0.0020605714602054404,0.009770680224079564,,0.016138646305534188,0.006576770634172391,-0.008289456943896933
2011-09-30,-0.03674565631708604,,-0.02936310896825356,-0.035130641233346305,-0.033410730114406983,-0.02519635054863789,-0.010343794286692964,,-0.011176618110874115,-0.012756897557123836,-0.02869868920017593
2011-10-03,-0.028269740602109517,,-0.034011229772704654,-0.044876868891937316,-0.028062871140002943,-0.02245799246589497,-0.014497438816163943,,-0.023795225456743507,-0.03183104750601429,-0.029259966049489217
2011-10-04,0.03890667108085122,,0.032731617255514545,0.03989328131314496,0.027816900789317645,0.02037336855310823,0.009579015374474809,,-0.004874896576975818,0.010742192909226844,0.03161949208031456
2011-10-05,0.039810653285369924,,0.036834106227028984,0.014492709050812236,0.021240071235623326,0.020815020348305513,0.0013554605410057707,,0.0006122877790590842,0.016103115051273154,0.01833294080002079
2011-10-06,0.025308391937616692,,0.018836758391414854,0.03109237306977608,0.020127157062935996,0.01498180570841634,0.011844153944866598,,0.017747665655996725,0.012044615164733541,0.02334734368761393
2011-10-07,-0.01518981760161997,,-0.01232559509328146,-0.0358596663751547,-0.00230134621651501,-0.003690544525383199,0.005685733376705748,,0.004209444118667971,-0.0009396800474325007,-0.0008251460885767559
2011-10-10,0.04209529077707663,,0.045320163732895935,0.05156360980175623,0.03493731238731712,0.030864723929759474,0.015630360998247994,,0.01946088786965605,0.02288398084002119,0.03383746354207062
2011-10-11,0.0012334144247099221,,0.0020422136870088536,-0.0008039069792812326,0.0028661964551244257,0.004391064216101359,-0.0019649411531033056,,-0.009104134788470164,-0.001532188283270397,0.004258225177202313
2011-10-12,0.009855159901299704,,0.005329945921282775,0.025744238477418024,0.012702402365376786,0.004372050500765168,0.00787440823324137,,-0.0023709394716509014,0.0006135322700961954,0.009009030666331075
2011-10-13,-0.005184479615875426,,-0.0014035010308590667,-0.023529324650077732,-0.00846693981834079,0.011080386795802921,-0.0029296377719220112,,0.0,-0.0009202187974730602,-0.0007882497068335548
2011-10-14,0.02636406989930462,,0.0399750230078495,0.01204830121881284,0.018026839216595425,0.017612329335005894,0.007835566992885346,,0.009506573494232784,0.009518158613586625,0.016294363890213104
2011-10-17,-0.03405036980339626,,-0.018167937266193368,-0.030952473489472276,-0.028580087118681208,-0.01576913600758878,-0.0068029083294387505,,-0.0041197935780822315,-0.01733585290101447,-0.02042862503808096
2011-10-18,0.025664564023408554,,0.032114426928401496,0.04750195065809404,0.02878112016007872,0.008987991573622622,0.007501493471396614,,0.0070920736311566035,0.00742842701989499,0.020326662204637636
2011-10-19,-0.02894125532497338,,-0.010371321362438346,-0.014073082616684385,-0.012122985481926252,-0.019364678324106377,-0.0029134242029251745,,0.000880437129791467,-0.001843263734357281,-0.015006341401925138
2011-10-20,0.009313592465480136,,0.007785371332187152,0.015067212722993828,0.008495855112264028,-0.004344695324048131,0.0055195899587014985,,0.005570377426525663,-0.0009237079068903364,0.004990740962503848
2011-10-21,0.026453360789328473,,0.01842221622492035,0.025781358360419393,0.019344861904492694,0.012693425932528202,0.0161446431533665,,0.016909432963702953,0.02002456162501831,0.02770556867999141
2011-10-24,0.02397372431002842,,0.013129133491010636,0.022086452210013263,0.0186715772965651,0.01566779006426766,-0.006990765045066016,,-0.004300683369676039,0.015101302087271895,0.014750977745474625
2011-10-25,-0.025460683397039774,,-0.020878357626557098,-0.029806340291825606,-0.02043274704364928,-0.01581215011174919,-0.011840138059016847,,-0.011229501535018338,-0.020232110412827242,-0.021804710451399312
2011-10-26,0.018017620182896765,,0.021617821329336095,0.017665194773436976,0.007055410851174226,0.004310648836201025,0.0100386091943383,,0.004077146494787964,0.013361852950301678,-0.003843225413009854
2011-10-27,0.05427771663298664,,0.04433555806677947,0.059622587471116484,0.043557945193196446,0.029652565870481373,0.012824870437904146,,0.02378204563038211,0.02427309788349219,0.027263285179719654
2011-10-28,0.006995132747977806,,0.006753639634028641,0.0007123483703896927,0.0,0.003410416153490914,-0.002532512977848733,,-0.008215514148945724,0.0008777518287916841,-0.007762100953197626
2011-10-31,-0.04278986826666564,,-0.045591143069010465,-0.03914591719411942,-0.024518505832152315,-0.017749234148977444,-0.014915608610101105,,-0.004570485983213413,-0.019000638373585454,-0.015391874278078421
2011-11-01,-0.02670579610385193,,-0.03227673842446466,-0.04740742172686174,-0.03022139163594728,-0.027681576170912048,-0.017396971401301475,,-0.02094643239004923,-0.01907023124885432,-0.0215267422991976
2011-11-02,0.024754329057601554,,0.030091782220332597,0.029548621713706202,0.01974659972272086,0.01225763395555357,0.009508270004057628,,0.017585001393323862,0.006683068265711967,0.01021410313288107
2011-11-03,0.02037215317901886,,0.026334913168165608,0.017372132862977452,0.024508468140660877,0.02382854989271932,0.012341416994970045,,0.01209649290693271,0.010863129468540178,0.012963145478670723
2011-11-04,-0.0022817093028872915,,-0.0008410741021974699,-0.013363148503892641,-0.007678556298683636,-0.006104431517056086,-0.005774956587858759,,-0.0045530479795380385,-0.009254065651534193,-0.0038390597421089634
2011-11-07,0.008576584103469731,,0.0054727802661529434,0.005267493172484761,0.0023808403841178993,0.00614192447439299,0.008390136870491283,,0.0054313910166559065,0.01175121326496198,0.006423402346066975
2011-11-08,0.011904689902757726,,0.01632950482648554,0.018712143871014275,0.011282631277572452,0.011445445918883523,0.009919840707782956,,0.006540025807294514,0.01220911878377029,0.009701173109100347
2011-11-09,-0.04873959540513095,,-0.04421849633259578,-0.054371848810584655,-0.03875511646884988,-0.03470343896371031,-0.023447500582804315,,-0.021751565239915394,-0.028831792066215445,-0.03565136604500718
2011-11-10,0.012073165275631625,,0.017385012565335867,0.004661868560796645,0.012217431571035275,0.003126481417540239,0.009733988406558591,,0.006641378134158993,0.014237963075672821,0.009439601701759281
2011-11-11,0.023276126186234647,,0.020477089314001606,0.02397509883661364,0.02383834039867172,0.01908840724140859,0.011568470849547374,,0.014343217664828156,0.017622722556964288,0.025194364742122666
2011-11-14,-0.010520398746379445,,-0.013147077747796998,-0.020392304637566028,-0.006189336383014665,-0.007645938649717965,-0.008577352307879815,,-0.011877906929772641,-0.006751298581859189,-0.007347002010351988
2011-11-15,0.0020115315298276926,,-0.0011217075748033434,0.0046261018431261736,0.0059311794806555795,0.013482553197844194,0.004806492217148017,,0.001717533083574363,0.0023644049838196235,0.0035732157251131547
2011-11-16,-0.023516035211975095,,-0.01502172601054208,-0.02455853833046473,-0.014740262397855641,-0.014823258817237117,-0.00892884778720282,,-0.012000343166058358,-0.019162582104799708,-0.018819552602129752
2011-11-17,-0.028487207389935154,,-0.02280474856457526,-0.01966970443507421,-0.01735519883080372,-0.019289796266483417,-0.0035389728777116547,,-0.005204804598029189,-0.010520458338323158,-0.017625630028499262
2011-11-18,0.0054412651122075495,,-0.005980257127195299,0.003210157875627173,0.002436015624257548,-0.008261410093416077,0.002905715988950952,,0.006976349321876185,-0.002125739390021475,-0.0005279554252896057
2011-11-21,-0.017438166027912705,,-0.017901807076549425,-0.02480014300040112,-0.0230859866367481,-0.01745315172677464,-0.016097504990896683,,-0.012413616046437093,-0.019178181937655858,-0.015575786773927791
2011-11-22,-0.0076500441872140446,,-0.009412934461368039,-0.009023768193619275,-0.006529902601526305,-0.0016152236835131895,0.0009815051507156003,,-0.012276923892439173,0.002482756206437786,-0.0005367138030818452
2011-11-23,-0.026518846134820584,,-0.03031636777860225,-0.027317560043212397,-0.023161214478355507,-0.02385763483598924,-0.010787717692721577,,-0.015685128869797338,-0.014551159688646509,-0.019854590758696777
2011-11-25,-0.005067975282189385,,-0.007155463527296124,0.002552887493438183,-0.0016021853786165607,-0.005385283500725091,0.0036349655889305055,,0.005111681254109435,-0.0037701474005671365,-0.005475074132056723
2011-11-28,0.03756743123587469,,0.037443086484793664,0.029711213146132565,0.03369716200812922,0.03290299849126854,0.015804742386182458,,0.012563272664954939,0.026805514159801147,0.03055319737652562
2011-11-29,0.0018414728817006676,,0.014346429517080983,-0.004945953739430742,0.0009316056639887549,-0.005242244569100274,0.010373136894198387,,0.010930488131538407,0.004299977401153621,0.003472360842494915
2011-11-30,0.057273719458340366,,0.05508392934267303,0.06130851400939097,0.05117838567582633,0.03850880782730903,0.02341999032738351,,0.02893057049639669,0.036085335470300794,0.031141839684433403
2011-12-01,-0.006372873418790448,,-0.0055027196315240445,-0.005464272303082884,-0.0032459653088837692,0.005464552733519312,-0.0015671853663042912,,-0.0028400745418148965,0.0014760888388369864,0.0007742350681647636
2011-12-02,-0.008746836860474727,,-0.0008517252454803836,0.013344001320645393,-0.0020723477541005897,-0.0007766636143579086,-0.003453855661535221,,-0.01025361868623087,-0.012378707359557484,0.0077377649779668545
2011-12-05,0.011764829531595078,,0.01235480343391493,0.020139210441639355,0.010679751661035963,0.011266700040450273,0.005986015964659197,,0.007769727060982223,0.00179053075240021,0.00921467223265493
2011-12-06,0.009302541787489238,,-0.00014042992644125452,0.0007594055259312338,-0.00029365527977465167,-0.0003843038090489692,0.0012525527977660378,,0.0028555724094869728,0.004170389517552442,-0.0032971129122254528
2011-12-07,0.0008640289189421058,,-0.009539854160982797,0.012139404681842603,-0.00029396145981996913,0.0011532659802586664,0.002502763785529938,,-0.0014235880430983894,0.007415860914100847,0.006361061608997964
2011-12-08,-0.03107907639888252,,-0.0279037647335848,-0.038980160459056834,-0.024669445431529602,-0.015739307085328003,-0.011544683801758104,,-0.014542520740782772,-0.01855084609518376,-0.021238730988920262
2011-12-09,0.012770800558421724,,0.022730759535411815,0.021840568668451965,0.02288507069230583,0.015601024882349934,0.01041681653390425,,0.012731754875578094,0.014701357301386997,0.016533332208345852
2011-12-12,-0.023753547716456547,,-0.0233653417067613,-0.023664026868288168,-0.01825162303739547,-0.012673342151348632,-0.009059651362423926,,-0.008571610319148881,-0.011827216974266364,-0.003049969139481523
2011-12-13,-0.01682179333768108,,-0.009336160088263656,-0.014073082616684385,-0.01319357119519804,-0.009334591815688298,-0.002206722703237518,,0.003746164617549841,-0.0017952797714623214,-0.019627414574163837
2011-12-14,-0.012221092196001315,,-0.028125295885147783,-0.003965648656555132,-0.011850166217030611,-0.015312398385824433,-0.005055422974537316,,-0.006316173860916319,-0.0005999157800730126,-0.010400883760198654
2011-12-15,0.006804563539238417,,-0.004242507473027901,0.0007962875278761938,0.007072689198927673,-0.0023922452242735037,0.010161684194575749,,0.012135211546618896,0.011098068151327967,0.001576851674394808
2011-12-16,0.006342027840853026,,0.01065035232391165,0.004003122529610437,0.004241653162134318,0.0027698534215188086,-0.0011098364875109512,,-0.002944020877266973,-0.003340959276654898,2.3799986825778774e-07
2011-12-19,-0.01782978018055581,,-0.017538392484402143,-0.022328456784180384,-0.010406674045832842,-0.009607740936454112,-0.004128613477589194,,-0.007528121993343295,0.0,-0.011081687723303313
2011-12-20,0.03943682657911074,,0.04108969431826659,0.03752061132829576,0.0343333455311301,0.028294423219564324,0.02072722536108529,,0.02129561897656984,0.020951805854220185,0.027480840064332712
2011-12-21,0.0015051627104030185,,0.011086565206472887,0.0055032252594700015,0.0002989019765431422,-0.016509707028946385,0.010621671526955145,,0.0148528933091987,0.006449517508652747,0.003375956551277648
2011-12-22,0.009922183692542053,,0.011695296097785857,0.021110004692357798,0.009566009088501914,0.01159093327931382,-0.00030882468032378263,,0.0011258951653057014,0.007282370843590513,0.002846707004645399
2011-12-23,0.009526298923988374,,0.005780548566324262,0.006891331332846473,0.00947610208049876,0.009877710971608389,0.007111886922317012,,0.006465817910080718,0.006362277803665606,0.011097167635493843
2011-12-27,-0.0002950594075276092,,0.002586427675363545,-0.005323330378118607,-0.0002929118603764991,0.0015646841431526948,0.001842143742344371,,0.008100257053532678,0.002298720751794825,0.0030622145721217464
2011-12-28,-0.023893535787208764,,-0.019060138377134606,-0.01605487656190474,-0.015845090538540108,-0.010156128840487333,-0.0049037494123037595,,-0.003601808502500692,-0.010894730542814757,-0.010940718143069739
2011-12-29,0.012994863778644783,,0.010372690400377804,0.015539939289037852,0.012522221400576683,0.007498023650549079,0.005235598047863554,,0.007786598824837121,0.00724676725459239,0.010289676419548588
2011-12-30,-0.0005966800248147219,,-0.00043388950795875125,-0.0053559140999702715,-0.006184115525047829,-0.0031332260006641244,-0.004595569626903551,,-0.007174221035185169,-0.0017270950522775275,-0.006365706246321268
2012-01-03,0.027761271764978446,,0.02777379476297015,0.026153934606656604,0.021926321955504147,0.014144825871572175,-0.0009235117544996729,,-0.017787736049138636,0.012972208572147759,0.008457299364818427
2012-01-04,0.008422964981554593,,0.002111295644153577,-0.0029985778937894336,0.004638779338083987,0.002712009369633561,-0.0021562513421810037,,-0.0056594808904324445,-0.00483740809691624,0.007877826919559183
2012-01-05,0.0028799927055285224,,-0.004775255911297349,0.01353429851518273,0.0002885358156625717,0.0030913860483514632,-0.000617575258698988,,0.001991987656755123,0.0028596222635925983,0.008320595851460721
2012-01-06,-0.0014356411178761963,,-0.005927300607996844,-0.005935321158222706,-0.0020191681073195022,0.0003851659767104554,-0.006487341445044259,,-0.0053960622664701585,0.0017107154587150397,0.0015005465914359473
2012-01-09,0.002012934059558047,,0.00482668886786386,0.0052240161770109594,0.007516518659004046,-0.001540159193132995,0.0015546331162086258,,0.001427623537751277,0.0017075874794534318,-0.0014982983249914872
2012-01-10,0.018656943913166524,,0.008901179833530115,0.017817492240709276,0.014347195658613199,0.0034708586804428343,0.0034150397832657386,,0.0014255007728176672,0.007388649227894728,0.006501579098316501
2012-01-11,0.009861635965743076,,-0.013443464424257257,0.011670391058344665,0.0031115348571115753,0.0030747522767931024,-0.004331527494950471,,-0.0045559835296989926,0.0008461550473262136,0.0014911898446698935
2012-01-12,0.013951392735089163,,-0.00936872627943841,0.003604995040657366,0.00874224957598102,0.0049804744065165,-0.0003110626350174561,,-0.001429986608368683,0.003100445100925997,0.0029762607374919092
2012-01-13,-0.006604455919417607,,-0.0050153883589206805,-0.0071837627259835335,-0.007827426083978017,-0.005718282421819598,-0.0009326115359195031,,-0.0005725498709499011,-0.0044954597466276836,-0.0012364565947289297
2012-01-17,0.005540221450440752,,0.007056991327940354,-0.007959791447437747,0.005071554554119118,0.004600988242976056,0.0037337549387364,,-0.0008600649202911148,0.006209025243417932,0.0027240411908893147
2012-01-18,0.011294111226128,,0.01644485389912198,0.015317457800889889,0.008970996103962348,0.014503988430202508,0.0021701378384983983,,-0.00028681763762861134,0.00560988534295892,0.016053344139450587
2012-01-19,0.0008173846084940095,,0.004080027253863472,0.0093389901661447,0.010558541490203632,0.007148315135086625,0.0018558191201634155,,-0.008321331441227153,0.0,0.00875084084724076
2012-01-20,-0.004354249086257256,,0.00013985756383982917,0.006405749508410885,-0.005773926720250788,0.0011203632675333974,0.00030861545893978715,,0.001446536739589499,0.0,-0.008192727875390937
2012-01-23,-0.0005473244787558285,,0.007985569634128442,0.003535726795417471,-0.001106358957580933,0.0033583571260542566,-0.0009259049690518717,,0.0040454283997326534,-0.004462791160104951,-0.0007287817510682748
2012-01-24,0.0,,-0.0029189281709043335,-0.0014090498018698439,0.001107584343440493,-0.000743604260015962,-0.00556109521187631,,-0.008058169327155418,0.00028047112918483386,0.002917472354410977
2012-01-25,0.015864272436688198,,0.0122669642389035,0.002116879978341313,0.011062354953288223,0.007815065844225533,0.01149492094356308,,0.016536790188962147,0.007282824135340427,0.007272354338615283
2012-01-26,-0.00026898617577408857,,-0.013632773254807051,-0.0084504924118729,-0.0019148426217945325,-0.006646756318944846,-0.0036861899285703936,,0.00342456839720251,-0.00444947382523464,-0.001684313039732932
2012-01-27,0.0013465991872685379,,-0.0020939367767544015,0.003551443826259826,-0.0008225028515040922,0.0,-0.00678131363713097,,-0.012229933331924236,0.0005586109338655554,-0.000723594430051655
2012-01-30,-0.0010760915744247868,,-0.004756814250803099,-0.009200623443200162,-0.003565435014635576,0.002973909049236445,-0.006517629636911715,,-0.006334491234923356,-0.0013956464280502345,-0.0028945150452326374
2012-01-31,0.001077250794928819,,-0.006325432517859997,0.004286041926681472,-0.003027601846189887,0.0018534480776513096,0.0006247324721686542,,0.004926240313716246,0.0008385176402945227,-0.00024214623406404456
2012-02-01,0.009951529528451353,,0.003961066785869161,0.015646862279296236,0.010767245688017235,0.009988658485782453,0.007180634311708012,,0.0034597633498139047,0.009776332803284271,0.0033881396012624965
2012-02-02,-0.0047937796313659575,,0.007608788032751335,0.004901765998755803,0.0005463800071934255,0.0025643276357341094,0.0037197794390415595,,-0.0017239614493382849,-0.0038722178798596962,-0.0012058473315691431
2012-02-03,0.013647731850072953,,0.017619392484360397,0.02717776457098542,0.01719910021454618,0.0127875842365901,0.003088486170744975,,0.0025909824934546855,0.005831509511185162,0.020525787331016954
2012-02-06,-0.0055436821420941085,,0.011955910893165278,-0.004749311699580927,-0.0024152516846821515,0.00036054518410266745,-0.0006159498827119636,,-0.004306674207696037,-0.005521533399627576,-0.002129437301555903
2012-02-07,-0.0010622293002868766,,0.005159986573478159,-0.0006812651359757727,-0.0010764963669832595,0.0025243151861913393,0.0009243654168276105,,0.007208364210110396,0.003608490643593809,0.004742822772051847
2012-02-08,0.0010633588311941278,,-0.003377296707913202,0.007503499430695504,0.002154778534349866,0.006115350409702458,0.00030749397048368543,,0.0011450594749606857,0.0,0.002360430184808582
2012-02-09,0.0010616871045106002,,0.00013564856126402347,-0.0040623924657779975,0.0026878484454735396,0.009653541674572885,0.005539024029491246,,-0.002859242815670515,-0.005255592258158748,0.001648038490125403
2012-02-10,-0.017501932739775627,,-0.010030067954036492,-0.009517268812111013,-0.009113123545380963,-0.007436666057839769,-0.0021422466081806313,,-0.002007763870272128,-0.004171243066330321,-0.00540649827271944
2012-02-13,0.0026990131113133753,,0.007941342514948158,0.008922358157537502,0.01217158902134452,0.006421399758754109,0.004293007326533926,,-0.0011493370465084363,0.007539984402685773,0.00803588207999173
2012-02-14,-0.01292070675704493,,0.0017659984931217565,-0.009523847077203551,-0.0034733685544023896,0.0017727982366331219,0.0024430620528395064,,0.00028790782709098295,0.004157167725896249,-0.0011727310113542888
2012-02-15,0.0008182757961914255,,-0.0016274558097519876,-0.006181268458056222,-0.013140767119741437,-0.00530784475178081,-0.00030473405371622686,,-0.0020132733319707663,-0.0019325004623749198,-0.004459810306931322
2012-02-16,0.01771089444149143,,0.013038307256405535,0.015894942257709266,0.009239087505651167,0.014585924471726353,0.006398477292558935,,0.01066277712910857,0.005531566818674616,0.004244341162037646
2012-02-17,0.0005352892752870098,,0.00375387409706307,0.006122502768475702,0.0037695465885958512,0.0,0.0009081602478220319,,-0.0005702878705995396,-0.0033002433647763008,0.008687894163611931
2012-02-21,0.005887218028675312,,0.006811644716829601,-0.0006759436163602528,0.00348734312926946,0.004207031751920276,-0.0057467158822218645,,-0.003709205377414704,-0.007174704176774016,-0.0034918596239046362
2012-02-22,-0.0015960903800100734,,0.0022552701472204895,-0.012855434236635599,-0.0010691925431658422,-0.0034914798361684873,-0.002738420372042305,,0.0011452994970495567,0.0,-0.0025697331952807545
2012-02-23,0.0010660560897475246,,0.005029784764140288,0.008910232538396956,0.0032110108183209807,0.0038542211316807684,0.005186255567881659,,-0.0008579041280059041,0.0008340939723927576,0.004917802148031836
2012-02-24,-0.0005326302993928778,,0.003950874827693962,-0.003397137298107644,-0.0002666119946683754,0.005933756017117098,0.003338174566525298,,0.004294346658953785,0.00499837918526147,-0.0011646796726242359
2012-02-27,0.00026645707280681385,,-0.0031485255024377157,0.007498907449112524,0.0008001816356724145,0.0017345572546196841,0.0,,-0.0002849313840583845,0.0019339016166208811,0.005832714150916463
2012-02-28,0.0031945939189064188,,-0.003289576328823207,0.002706222526376756,-0.0013329444504210919,0.00727406975540279,0.0033274899350026477,,-0.004847315557887422,0.003861337703751744,0.005566847363491778
2012-02-29,-0.018842546515021263,,-0.011355038654116911,-0.0040486867550942884,-0.006139437065655451,-0.00447025502733811,0.001808906386257414,,-0.0002864888564547696,-0.006043897917694219,-0.0036907901287204226
2012-03-01,0.011089637988941803,,0.00961545165072053,0.010840490690398052,0.003491625182577396,0.005871869627161352,-0.0015048259905449113,,0.0025794906553313623,0.005251232482222923,0.008335380055403574
2012-03-02,-0.0024073130517813235,,-0.011375488028411818,-0.0033517003458845007,-0.005888992814070515,-0.0013734768120062801,0.0009042227285458448,,-0.0005722818084527015,-0.0016496353887066606,-0.00068899380806553
2012-03-05,-0.016090265531076398,,-0.006422166813752739,-0.004034663723313847,-0.007000176299944982,-0.00859674760108975,0.004516609443966368,,0.0022889447805576335,-0.0022031260516577333,-0.0009189118102708171
2012-03-06,-0.02044143188764025,,-0.016293989893574445,-0.02430821197406019,-0.02250576610514743,-0.009711920933278884,-0.008393235262503795,,-0.003995519675647041,-0.012972986894172034,-0.015639188057992137
2012-03-07,0.0025040496343129437,,0.008350003060864086,0.012456858445030417,0.010263706171921738,0.007355355406910569,0.0015116497928708839,,0.0005727137489750511,0.004474901271844356,0.011447952800785588
2012-03-08,0.016653029768685768,,0.008145860591441734,0.009569520166494705,0.014277876894231767,0.010083385792300614,0.0069421340701694145,,0.0031503650554209894,0.011135496397681743,0.010164445164004388
2012-03-09,0.00027294025939927913,,-0.0009427661101543139,0.008124475109067886,0.0021657939907389068,0.0044749497012051,0.003297482723153111,,0.003996397815722252,0.00413003150002611,0.005716984317587492
2012-03-12,-0.0054586395815091615,,-0.005526290914038778,-0.0026862308796077317,-0.00027033179861679635,0.001370888535132453,0.0035851356203449036,,0.011373677302727758,0.0,-0.002728413909188543
2012-03-13,0.016465659485691786,,0.012063156428464783,0.03838327934999319,0.020805026542234373,0.019849687838424668,0.007442578982822079,,0.0033733688693176056,0.014258386341569063,0.015503482985387729
2012-03-14,-0.003779900460805896,,-0.009642825706171698,0.001297743179206945,-0.0023820088611726797,0.0036909481449269865,-0.0029551538410323985,,-0.01484996581185849,-0.00027028724358579836,-0.0013468526925307645
2012-03-15,0.007316918761673286,,0.0016226299294674895,0.017486897867233786,0.011939337350424406,0.0026747060454275218,0.0017785128769671754,,-0.0008531983540757127,0.0016222926463496101,0.0033720277642723673
2012-03-16,0.0019177183437726342,,0.013756254599188722,0.0038313607068811706,0.00044837741998615677,-0.00046847206018074683,-0.0006542606549369001,,-0.0008043643716407756,-0.00010853022083723296,-0.003213963095207162
2012-03-19,0.006199471744761542,,0.004545532596754942,0.005088564073938651,0.0,0.0073630190271170015,0.0005951718110777104,,-0.006900601851807298,-0.00027138763670697674,0.005186253892655923
2012-03-20,-0.0056255505518412185,,-0.015038603989292798,0.005063475324796229,-0.01158511794126127,-0.000996878724171646,-0.0005948177922950881,,0.0011578569322587828,-0.005157503705009336,0.0015705618692147816
2012-03-21,0.0,,-0.011890339063531985,-0.004408028496639682,-0.0005330016118941794,-0.0003322944593497912,0.0014881771719992276,,-0.002024082214129863,-0.0005456716328584577,0.0013431354630357717
2012-03-22,-0.01616409899696114,,-0.02256212799305135,-0.013282443379460607,-0.011194199744865019,-0.002329120026744791,0.0008914311091900995,,0.0023183441371372737,-0.0032760143001342446,-0.002460218308171669
2012-03-23,0.01067927492750087,,0.010911722405669844,0.008333339831216202,0.0016173705571218555,0.0,0.0023756912629111504,,0.0002887818753001259,0.003012603381815415,0.0011216439271490852
2012-03-26,0.013004729405956983,,0.007473509373339793,0.015892994369396618,0.014800893571670581,0.014671950418889468,0.00681244577648088,,0.0069366784722633135,0.017477180739706943,0.01590102003978644
2012-03-27,-0.002139799654565566,,-0.010027859612203205,-0.009386405868045067,-0.0031821533360860688,-0.00032858898800947056,-0.0005881796134726835,,0.004879479314939594,0.0018785511698309332,-0.0015431584790452924
2012-03-28,-0.013936921433738592,,-0.01248772908746143,0.002526361732698712,-0.009577197983289931,-0.0036161186501287856,-0.0023553278238787057,,-0.00828333252219604,-0.002142733622201076,-0.00861128230868935
2012-03-29,0.0013587966267551987,,0.0,-0.010081705832368337,0.0005373073165102493,-0.001979641727160364,-0.00029503944976150276,,0.0040319273189211025,0.002147334788650923,-0.00022240932689188142
2012-03-30,0.0035289057527068124,,0.008149628564345646,0.005728460684885306,0.004563566043235268,-0.0029749741795408458,0.005903103535787713,,0.005163750197801686,0.007500952913079173,0.004455285930677677
2012-04-02,0.014065297515956088,,0.009755983828135584,0.007595309221711144,0.006413894651813301,0.010610041306157614,0.007922711809119853,,0.005136875529627938,0.0034562345333246647,0.002661155093080181
2012-04-03,-0.007468881920052128,,-0.00869557772653562,-0.005652992342940255,-0.007169613352057791,-0.000656175029297934,-0.005531163614679868,,-0.0005675782214793479,-0.0005295292708473731,-0.0019908426014061398
2012-04-04,-0.013974310006225399,,-0.012809832893262096,-0.015792978573951344,-0.007220991755672368,-0.01181883061147293,-0.003220268439875107,,-0.0014207021964958155,-0.0053028166957490575,-0.009308500699699351
2012-04-05,-0.005724025879947914,,-0.00564232739708781,-0.002566998334471382,-0.004040914861528466,0.0023255684784240227,0.0,,-0.007396846273240998,-0.00026634919295875914,0.006935194601276562
2012-04-09,-0.014528436051504334,,-0.012623902150561195,-0.015444172599714534,-0.016229040096921388,-0.006960821911236481,-0.009104302868114256,,-0.005159134803674914,-0.012529890513820252,-0.009109183435047852
2012-04-10,-0.02058398002650208,,-0.019680781020719795,-0.021568999441587522,-0.020346987544868744,-0.014018694089209638,-0.00889135505615668,,-0.012964548449365676,-0.011339422626443496,-0.02443965941785209
2012-04-11,0.010792066127021327,,0.00029279654395408805,0.016032235922227356,0.011226288298427978,0.005755011164865653,0.005083579639637348,,0.0023348174388571064,0.003550264767456124,0.01379040880988991
2012-04-12,0.027255340885962598,,0.021828481728427773,0.01840880241217402,0.0213713680483425,0.012453971712505618,0.0005949946999255218,,0.003203538174832099,0.005442456910092375,0.012695313296349653
2012-04-13,-0.011761671111900185,,-0.015054085658547045,-0.023240459838353322,-0.012771478357704535,-0.015625281943273506,0.0,,-0.0034830871508376715,-0.01001396942322963,-0.0026862774583999993
2012-04-16,0.0030443833601399017,,-0.006695342316635378,0.007270482740517448,0.0027520698963237056,-0.010469125993962103,0.004162981089017581,,0.009320933546870025,0.0002735223284955346,-0.0035915524941336763
2012-04-17,0.013520904393655053,,0.016266138010830877,0.013122927764483983,0.01647055682383103,0.021842768335810003,0.010068218473564983,,0.0051951334008537575,0.014758344685349867,0.010588023658052226
2012-04-18,-0.002722587902965423,,-0.0020185776359160634,-0.006476522826330822,-0.004320872878722515,-0.007348262753345436,0.0,,-0.0017226738028922606,-0.0026936047437707833,0.0015607591551773936
2012-04-19,-0.0035487907344552427,,-0.0013007926062765796,-0.004563694020978226,-0.011120637619112639,-0.011103180041940108,-0.0032248264884134903,,-0.00258855730087193,0.0016205408982306047,-0.008012894925610192
2012-04-20,-0.0005481159159943516,,-0.002314817122920587,-0.005239121094245736,0.008502490613859104,-0.0037430045618305208,0.00911736449071876,,0.009803720295279428,0.005392436465391004,0.0015705110324666371
2012-04-23,-0.012335676362585923,,-0.0010151333274458496,-0.007241268856167604,-0.011150013820611093,-0.007854925298233062,-0.015447451607424334,,-0.004283233286384802,-0.007776988959315001,-0.01075253329761039
2012-04-24,0.0,,0.007403097133738212,0.011273010364539093,0.013201276884549529,-0.0020656630465399894,0.0002962465691067617,,0.006882792878194044,0.003513606188398466,-0.0033968296731531344
2012-04-25,0.021094181981720972,,0.009942435726575605,0.0085246992839767,0.0019001820103101696,0.028286083212299973,0.00651089762721635,,0.005126634581653855,0.010503199412709607,0.0168148237220338
2012-04-26,-0.0010871755661335802,,0.010557808758561826,0.00845244531891609,0.005960081831903441,0.007715036415598675,0.009114928659109456,,0.005667628457536988,-0.00026634919295875914,0.012513645746621282
2012-04-27,0.0048976146145423005,,-0.0004233562812014924,0.0006451607843414031,0.006194579118281807,-0.00033277877827408986,-0.0014567140942604029,,0.0033811038492184142,0.0005331609093730538,0.01235918819363957
2012-04-30,-0.007040404692932656,,0.006214716613895721,-0.005799176439156728,-0.009368473672333844,-0.0069933499114619435,-0.0026263961758907772,,0.001404259653121187,-0.0005328768002936801,-0.0056683964548702725
2012-05-01,0.005999659171751048,,0.014317601760369447,0.010369191952735779,0.0029723903418694686,0.0033539524622108186,0.0026333122972381773,,0.005047989733202973,0.003732318726733519,0.006577386295089305
2012-05-02,-0.004879649312780621,,-0.01632990367927678,-0.007697032684129357,0.0002692169743163664,0.0006682267298652178,0.0008753844577498171,,-0.00586003857283568,-0.001859220161142261,0.005445453405832357
2012-05-03,-0.011441056233932878,,-0.016600820058456756,-0.00840317220340403,-0.008078923171939922,-0.008350009997584396,0.0014575632776532288,,-0.0030871253185351666,-0.0037253665989728235,-0.007798800777922055
2012-05-04,-0.01680923102153642,,-0.022889771207159848,-0.015645634045899026,-0.014391096619566612,-0.02088244852262766,-0.007860435841255509,,0.0014079034470848573,-0.013087282015946666,-0.0194319660303095
2012-05-07,0.0008412119582545952,,-0.002928512070205058,0.005959976284152235,-0.002754956953670118,-0.002752008011800311,0.0014674612383434038,,-0.0019685160606891516,0.0021646389707006275,-0.0004452201061280192
2012-05-08,-0.004760629527569393,,-0.003230787985288641,-0.006583417583407525,-0.002486372314664531,-0.003449661073386956,-0.00234412369756698,,0.0016905050679583145,0.00027026335380919697,-0.012029802869047646
2012-05-09,-0.009004024681238398,,-0.004860966697707636,-0.011265142204547773,-0.011630830036877593,0.0,-0.0049927531645492795,,0.0005624080888879668,-0.006749628496411253,-0.0038329169778643646
2012-05-10,-0.0031229710094324847,,0.004292950958572517,0.00402118433855847,0.0014012639458893528,-0.00761485945182272,0.007083773362477563,,0.009274816706539513,0.007067064348660779,0.0033951898847541795
2012-05-11,-0.002848281335060654,,-0.007370185244686134,-0.011348164177998776,-0.0019590796732462668,0.0006976009094934454,-0.0026376181560996415,,0.0005569265719471694,-0.0010794961364632982,-0.0020300586622546968
2012-05-14,-0.013710497513066855,,-0.016632214901603493,-0.020256487862452155,-0.011494275943459531,-0.008713732958090414,-0.004114129206005734,,-0.0011132331547695218,-0.003242118096307589,-0.014014707947897942
2012-05-15,-0.015059199336732276,,-0.01661141764363261,-0.005513845601843981,-0.005104613847528805,-0.0028129698751637733,-0.0011803214825135688,,-0.006965673341499556,-0.005963727346869119,-0.001605024258842347
2012-05-16,-0.010879250467900392,,-0.005681794128434281,-0.014552802934543085,-0.001140335191268993,-0.008110061486232167,0.0032496788217708517,,0.0014026507452575832,0.0016363185587171536,-0.0016069850420820098
2012-05-17,-0.021997518314001874,,-0.006331901687687713,-0.02039368881492376,-0.02140414451445305,-0.014219523170187709,-0.0070668411311617385,,-0.005603426301491576,-0.009257323901826986,-0.026448989299683867
2012-05-18,-0.003951438602263324,,-0.006216929168861518,-0.011486303507322493,-0.004957792920729842,-0.009376557573705369,-0.005931111847195858,,-0.0019726963733078806,-0.008793194657817693,-0.007560035545147059
2012-05-21,0.02929497529886449,,0.022990010499533753,0.009441154249872019,0.02227474781649086,0.024754636278431663,0.003878013886279952,,0.0011292623080656483,0.009703503144471881,0.0176150221355722
2012-05-22,-0.006225890950428692,,-0.002445824564435206,0.007913186416141471,0.0037267020958400288,-0.003197233224572993,0.0011886572376913485,,0.00705040013303182,-0.002746049886947155,0.003977107494124832
2012-05-23,0.011933174043254002,,0.0036780199992341167,0.003569334330217444,0.005426999964742718,0.001069108359220916,-0.0026714475938034443,,-0.00532064725708814,-0.0044056326194154005,0.005358626879099049
2012-05-24,0.006190867059556071,,-0.000763254856230855,0.0007108304366065799,-0.001136307609031939,-0.005696120743247324,0.009523739554466504,,0.003941632825359864,0.009679622693792078,0.0046347349727480225
2012-05-25,-0.00410160229272416,,-0.0047371734265230225,-0.0035534647199590985,-0.006825742064409557,-0.0021479234143741976,-0.000884417304651941,,0.003364899871681981,-0.0024648393460454665,-0.0016141913588954004
2012-05-29,0.017357838975536444,,0.016735597870814134,0.01426541506635881,0.013459269523812933,0.013275778690730489,0.007082010736817246,,0.003074352857779905,0.0032947051334661914,0.013862644308829664
2012-05-30,-0.017929582339848427,,-0.030655070868746304,-0.023206729398712045,-0.016671074161784816,-0.006373925845573392,-0.00820422977597024,,-0.0061297755851899005,-0.005747030351028748,-0.015724796490217074
2012-05-31,-0.0041221344088429035,,-0.00872483765195875,0.008638962247369264,-0.003736403838642377,-0.004633102154328217,-0.0020680444725841296,,0.0053262723531646294,-0.004954963096133969,-0.002083330296965169
2012-06-01,-0.021289263522291102,,-0.024987957539644,-0.03711617147868751,-0.02768964064640178,-0.026136607765159248,-0.018353903639727442,,-0.004182647003972084,-0.01770394190048674,-0.03155461193382436
2012-06-04,0.0009064729947965144,,-0.0008054970121572635,-0.00963677741780844,-0.01038264272069267,0.005882416832684312,0.0033175495384514253,,0.003360529873279283,0.0022530976791161894,0.0035934470193585977
2012-06-05,0.009658625143885491,,0.008549841140854664,0.01646754615432333,0.002997824856430409,0.006213559238328115,-0.0012024002319599436,,0.0036280623027395986,0.005619236861004406,0.005490280515112467
2012-06-06,0.025112176771111105,,0.030869632012660908,0.02945501009489382,0.02659912565191891,0.022883996683760843,0.013541805517867767,,0.013904397494582055,0.015647423381944803,0.021605399860820995
2012-06-07,0.0017496588243173239,,0.0006205152872491571,-0.0007152243374658473,0.005531345199809357,-0.004971482029298979,0.0035625486700479048,,0.007679771383536371,0.000549645595374848,0.0
2012-06-08,0.006695866306580367,,0.0001552512169684661,0.012168060444013307,0.007527774759990669,0.011063521910693819,0.008580406838788246,,0.002177462218425852,0.0060491947919549816,0.008831066294176848
2012-06-11,-0.018507763783055853,,-0.013643278563805317,-0.018387793201361968,-0.012931348208292559,-0.014119621068826693,-0.004693423503648875,,-0.0008151976980436126,-0.008745588357866096,-0.015204190039117882
2012-06-12,0.018562030867525614,,0.014146445277842812,0.015131114599802986,0.016011679041114668,0.010025173219630368,0.004715555603149513,,0.0010874586713602863,0.0093737392331672,0.010760403306087518
2012-06-13,-0.015331060697189258,,-0.012708945398554605,-0.0035493887445603445,-0.010028616508022115,-0.00602585112457954,-0.0014663795688081294,,0.0002714660812384029,-0.0010918791325276178,-0.014579889084791353
2012-06-14,0.008225713500754628,,0.015697883487139297,0.012108265579354072,0.007814624058541497,0.004992184856386084,0.013806801255981549,,0.006786379404768672,0.015039350943728769,0.013386647755231351
2012-06-15,0.011571638465926792,,0.019118461211149018,0.014000950181797256,0.008771857681548756,0.010651981497414864,0.0016337894141247311,,0.004952544269947401,0.0037648582474660852,0.009814021868146838
2012-06-18,0.005212967032967031,,-0.008990835939930664,-0.00557910697776709,0.0022883330577083694,0.007401737960174071,0.002621690810433286,,0.003790874962348534,0.006745452912900518,0.007140082127196523
2012-06-19,0.01901435862879497,,0.014454635053352982,0.01683058743105148,0.01341332405850415,0.007698175270403285,-0.0008715318095904312,,-0.0021581844544686923,0.009113164627687187,0.009146989936743566
2012-06-20,-0.005654390169800516,,-0.0039407107948519204,0.0020689487475742396,-0.005350570038066937,0.0017360287352521375,-0.005233912439661426,,-0.00973230556761484,-0.0026561404639104946,-0.0011331497104889454
2012-06-21,-0.032698491749548086,,-0.040937893858049135,-0.02202336058394605,-0.019536023443283757,-0.02357037104866322,-0.011692720409494872,,-0.010373837375046824,-0.013848230357368818,-0.02177869599616833
2012-06-22,0.005291265741941276,,0.006664912759614339,0.00914848360867837,0.0034655290439473685,0.011004889271243323,0.002957601465952253,,0.00027559480744132614,0.010531828833732826,0.004406226072460218
2012-06-25,-0.01257312744479322,,-0.0223839015891083,-0.020920543154081206,-0.018416939508774655,-0.02036511532491425,-0.006192720805309748,,-0.0019304611640598157,-0.012292338478059883,-0.01546989788977704
2012-06-26,0.0032574844199044772,,0.010803210751836101,0.004986002096317499,0.0017585667187809406,0.0039425304396041305,0.0023738205383172506,,0.0013816749929238537,0.0029759564235782854,0.012429684852592215
2012-06-27,0.010921036588302346,,0.02073664951434928,0.01204791367542235,0.009657474745520922,0.006068859355306211,0.005920701014914487,,0.011313819704745764,0.010790536094261949,-0.001389893877367987
2012-06-28,0.00029144749325249464,,0.006876282457665139,-0.0007000272126836959,-0.0008692372967966655,-0.00816138482136064,0.0044143286808304705,,0.003546673020995872,-0.004536995413844225,-0.005567105624724511
2012-06-29,0.03006461589057219,,0.03011054776451183,0.025928270646234264,0.0348126430980753,0.027907073551467487,0.01875187046548299,,0.00570958575361602,0.019034891475380844,0.02122694603331232
2012-07-02,-0.005100700795301449,,0.0004518882304722638,0.006147491420386286,-0.008690575145201773,0.005568731631443891,0.005752200926313122,,0.006218067897050483,0.003156827380300875,0.0029690681473391045
2012-07-03,0.014241157627856715,,0.023945737806289502,0.005430981000606794,0.010463580926433513,0.007961204270928945,0.004575457634381719,,-0.0024181420916039587,-0.00026206333626022094,-0.0009102663679586565
2012-07-05,-0.0014044249402000997,,-0.013089834459430127,-0.01485457420691616,-0.0011194748322745918,0.0,-0.0037007007768374844,,-0.005924990498759608,-0.0062960637270140785,0.0025072749271384254
2012-07-06,-0.011529564351733468,,-0.012072145173511739,-0.008224951841684147,-0.013449028908816829,-0.014766210609441166,-0.0011428643386738324,,-0.002167539650155592,-0.00659981134735077,-0.004775237144608924
2012-07-09,-0.006259403949293474,,-0.004525748749693137,-0.0013818800533553777,-0.0005680387220970973,-0.0020914445192695696,-0.0011440931777219054,,-0.003258249349262776,0.0053149774492990964,-0.00548275121880748
2012-07-10,-0.014886677532738313,,-0.015608400991186544,-0.007612637854311433,-0.01619795572770566,-0.011176845333691232,0.0011454036261964173,,0.0016344911800381112,-0.004758152089367806,-0.005972649612412617
2012-07-11,-0.003196162840218064,,0.013546920850248334,0.008368132841628961,-0.00808736253612885,-0.0045925561925533875,-0.0014301164721524096,,0.005167333284470388,-0.0007965943352401528,-0.0057783549172137905
2012-07-12,-0.004956824151482242,,-0.0033413452887617323,-0.010373255744958176,-0.0037861512511434547,-0.009935609472397244,0.0008596144092016811,,0.0013526451210243984,0.0023923877023821483,-0.002324462902117852
2012-07-13,0.017872904989113758,,0.017524998721961227,0.027952532214792436,0.019292942141355907,0.013261313086026849,0.011161683939584499,,0.008916832002851649,0.011137301284106504,0.016309463499490473
2012-07-16,-0.0037420044864148183,,0.0032950859934799404,-0.0020397206483858676,-0.006883139257738757,-0.001061016434053541,-0.005094969098115021,,-0.0005359069785617621,0.0018357608855570362,-0.006419155058621895
2012-07-17,0.012712963555133294,,0.012539308084632106,0.005449788173746306,0.004331716185779655,0.003895225872287522,0.004267628988686267,,0.0021437272210302893,0.012827656044170244,0.009921525532889497
2012-07-18,0.005991097147361568,,0.008697991878013456,-0.004742781920815897,0.01868922246077931,0.017283871736621936,0.0002831122968673938,,0.0032085913222545948,0.001550733757377909,0.005254687111501566
2012-07-19,0.0107774334653723,,0.0030692628711237457,-0.006126670951229429,0.004797653518844536,0.00866834306998876,-0.0014159409676659518,,0.0018656317686396306,0.0,0.006590895367321048
2012-07-20,-0.006173063394864786,,0.002331313225287568,-0.015068339385730822,-0.012359400193074244,-0.01134399313640222,-0.006239130524794967,,0.002127687557851532,-0.0129036368470834,-0.012192011870623687
2012-07-23,-0.015810087545761853,,-0.009594163772446596,-0.00834517187457251,-0.005119130388659965,-0.009735553669606212,-0.008561420511545514,,-0.006636317068500097,-0.011764797857034104,-0.014628783082611063
2012-07-24,-0.015490350460253488,,-0.01599864768965964,-0.002804779554047343,-0.01114930427655747,-0.010182838022529284,-0.0031668135574000056,,-0.008818328511778994,-0.011111106188762099,-0.006726858670803915
2012-07-25,0.0,,0.0007453720940464592,0.003516394267779388,0.0034691800735886513,-0.0039018925898758328,0.000288828432808641,,-0.000539519169592384,0.0048159465679589175,-0.0021015677161532187
2012-07-26,0.0046620524263827345,,0.028469311990465096,0.01541711337123286,0.015269370027259477,0.015313346942777972,0.016454808976590796,,0.015645800449055836,0.009584391252530411,0.016147418923178503
2012-07-27,0.018271363753349368,,0.0176810760732955,0.018633278318251234,0.02184996617329582,0.02174689397816043,0.01136032471839954,,0.011686398882884141,0.02399793629633451,0.01980690460749157
2012-07-30,-0.0008546553462898121,,0.002848422760707514,-0.0020327086994231802,-0.002776959736062623,0.0003432567397516628,0.005054831129033932,,0.00367653692919645,-0.005150538394247617,-0.0038392130336744046
2012-07-31,-0.006841216356297641,,-0.010934101687579356,-0.004752339520449067,-0.0027844190222880982,0.004117902325727396,-0.004470397031167472,,-0.008109550491360973,-0.006212817934412196,-0.012922099503182904
2012-08-01,0.00028672982564525995,,0.0048811746761174835,-0.0047746192077059435,-0.006702321444107651,-0.003417707208489107,-0.005051760794773652,,-0.007647506680050986,0.0005208261281979265,-0.004134452332217875
2012-08-02,-0.011764457377260507,,-0.01671657704654661,-0.007539487329797034,-0.005060400207978044,-0.006515717592257553,-0.008180566281026258,,-0.005580855512208549,-0.009632696684217845,0.002537076312234321
2012-08-03,0.019744648744937532,,0.02353969042359294,0.023480647394320542,0.021757356977229803,0.019675509308764827,0.01678024105677567,,0.011758550101868881,0.011829552316486858,0.019783600220485198
2012-08-06,0.009111421077292237,,0.0026969209495972812,0.004048754552576916,0.0,0.007108884870431709,-0.0005592514506405077,,-0.0023769467063735616,0.00025942573434911687,0.0036092960978142408
2012-08-07,0.011568601852526728,,0.015008266663276704,0.004031818067641968,0.01023222483551467,0.006723138865553757,-0.005317634897574419,,-0.01032594715174262,-0.002337395020877042,0.009440392254330465
2012-08-08,0.001115948258951338,,0.0008368827500477849,0.0,-0.001368378918274571,0.0003334778302368502,0.00703404090737525,,0.0013378504165650895,0.003645379840731877,-0.004898826033613024
2012-08-09,0.005572887177192953,,0.006829377917939361,-0.0006690011989354261,0.0008218560084294335,0.003338159205347635,-0.0041906989696122166,,0.0,-0.0005190986734282532,-0.0006712101091159717
2012-08-10,-0.0008314475296818946,,0.001799555777554529,0.0006694490611600656,0.0046566124360953864,0.002328307172922761,-0.00028087512465080344,,0.0029387103162761274,0.0041527110372123754,-0.0008958823221951739
2012-08-13,-0.005546473639132521,,-0.003730844977541281,0.0006696089214475176,-0.002181229476031832,0.0029873088212075682,-0.00028064478719713737,,-0.001065220654054344,-0.002584803588254414,0.00044864406168687587
2012-08-14,-0.004461701133604223,,-0.0018033960196428556,-0.001337714374903154,-0.0013656946735558506,-0.0019854817731776997,0.003930516662838723,,-0.001066919280225176,0.002591502112213151,0.002464528801263244
2012-08-15,0.0016804947043087548,,-0.00013905336798958334,0.0033487656291779633,0.0021887182257549487,0.00033145849756865964,0.000559017909448567,,-0.004805459911500276,0.0023259769730876734,0.003127678235308018
2012-08-16,0.01482114003970092,,0.008894154492533612,0.006675682735918009,0.01010106633844754,0.013589832389899748,0.0025155994109455904,,-0.0024140893415214304,-0.002578558594382163,0.008242607987356987
2012-08-17,-0.001377969853354255,,-0.0004131964875120353,0.003316158321849283,0.004864489643966907,0.005559268249631932,0.0008363778197608696,,-0.002688398223384292,-0.005170944275604272,0.003756084469779264
2012-08-20,-0.001931526610337464,,-0.0034452715799894174,0.0026434981108154343,-0.002151632105935497,0.0009752962779605578,0.0,,0.0018870979330514182,0.002078991997550128,-0.00418188492227467
2012-08-21,0.0013823318753281022,,-0.003180594116702573,0.0032957852552513156,-0.002156072923280572,-0.006497492945330086,-0.006128132721550772,,-0.007266058267026421,-0.0033710660452741514,-0.0013261983446439807
2012-08-22,0.008282891239236978,,0.003745943890675285,-0.0013139834946731543,-0.004862392822932993,0.0016351271688486158,-0.0030833837670166675,,-0.0016263525664657053,0.0007806750159031761,0.002877262073017306
2012-08-23,-0.01670330602023473,,-0.011055951370806949,-0.00986853927360476,-0.008143585349176363,-0.008162214982743055,-0.007871621111439353,,-0.010317830531581307,-0.0013002551993414047,-0.006842543577484039
2012-08-24,-0.0019492060982888582,,0.0058692582405663885,0.0053161079317112225,0.004652587104714945,0.006254209441298508,0.00878427728641884,,0.004664037380447406,0.008591648947367858,0.008222759960763382
2012-08-27,-0.005859321098263814,,0.00041666894058733916,-0.000661199576656224,-0.0029965558014645177,0.0009810391388049844,0.001404716191075961,,0.0021844581270344943,0.0010324883704573296,-0.0015431112761378207
2012-08-28,-0.002245393078330493,,0.0006946208103788543,-0.0013228737766445287,-0.0038250595003288534,-0.002287444263023297,0.0005612064695059704,,-0.0019072345870612128,-0.0015473819086477825,0.0019869110540557955
2012-08-29,0.0022504462146841764,,-0.006661377414396652,0.001987139562256157,-0.0002742146755192465,0.0019655460050524987,-0.0022430261925532324,,-0.001637896355775048,0.00335738301443822,0.004846922609344828
2012-08-30,-0.008981146323362332,,-0.01061735912301498,-0.005287996372253856,-0.008504739235857595,-0.011114827563447949,-0.003933520325381301,,-0.004922162549820808,-0.0033461487115901134,-0.005481116097754146
2012-08-31,0.009628866353100118,,0.010025180711223047,0.007309045125584168,0.006087770307043661,0.007933674454411621,0.0002819920308694268,,-0.001099380938601624,0.0030994364531808927,0.0041885353549719895
2012-09-04,-0.012902952043973737,,-0.007688703525569052,0.0,-0.010451379158344487,0.0,0.005922338340562883,,0.0038519437773945064,0.0020595984562157277,-0.0024149977735632433
2012-09-05,0.004546576621249576,,-0.0038039060181690454,0.0,-0.0027790018798247162,-0.0009837630462894431,-0.0016825206285817629,,-0.004384644903162149,0.0002561292774880819,0.0015404385581148095
2012-09-06,0.025176552739905045,,0.021071739095928965,0.023746707904472864,0.022574329269265503,0.02232445684155282,0.012356159324687921,,0.011285289452107827,0.015926584013870704,0.0224127101640752
2012-09-07,0.019591966312377807,,0.017313171121472015,0.010309161750380325,0.008449982283418533,-0.001605722284916844,-0.0080441092237713,,-0.003266476279482733,-0.0005056714745580448,0.005372743013662307
2012-09-10,-0.0016236442474688584,,-0.0043569899790248945,-0.008290813987714696,-0.006486827354911462,-0.010614312547668314,-0.001118729102786653,,-0.001091982101865896,-0.0035413701177181567,-0.0014962175539783296
2012-09-11,0.0035238455476580555,,0.010666275137342307,0.008360126239278287,0.005441006467887588,0.002600909179772959,-0.003079700030199306,,-0.002460366710426709,0.00050772535095156,-0.0004278024392988522
2012-09-12,-0.001350592306304521,,0.006088430168863734,0.0038265963452825957,0.0040584389143716315,0.0055121041783618985,-0.005335169456551325,,-0.00575570355359134,0.0005077105042472496,0.004925768020517696
2012-09-13,0.02461416033536401,,0.016272424906514482,0.02604829775723938,0.011317868927190444,0.013544083821123154,0.01778622128579066,,0.01405751382755649,0.010144688984602412,0.012787994626557664
2012-09-14,0.012407875370301635,,0.013232264775001834,0.008049532702837148,0.006128233568950314,0.004772429511397336,-0.007489588115444312,,-0.006795217151718269,-0.004017651672627132,0.0039982413998351785
2012-09-17,-0.015384814287577209,,-0.007574308442178546,-0.009213684419713042,-0.004766907173467505,0.0009503135203861035,0.002794836719698379,,-0.00629439780033092,0.005798053204451481,-0.0037727134979357313
2012-09-18,-0.002648249020355542,,-0.007106394557108597,-0.004959693053849801,0.00026591138331522046,0.0006323634855913696,0.005573864432893316,,-0.0030294398388150956,0.0032584513665327997,-0.004839469118561257
2012-09-19,0.005576492844847625,,-0.009675345850888473,-0.0006232049857907151,0.002394461833068018,0.0009483064097164373,0.002772285996447632,,0.0011049846139907782,0.0009986775336519038,0.010359611618996789
2012-09-20,-0.001584467092348607,,0.0028104781876885365,-0.005610833056914344,-0.00955399018784675,-0.0018945997817390037,0.005527644465586734,,0.004139056252251416,0.004243145009146465,-0.0012553411767000089
2012-09-21,-0.004333958469387111,,0.001126399667672251,-0.0033994037025996127,-0.0029669976242292506,0.001270613905771878,-0.004567279789217005,,0.000583613797939142,0.0037210824240683227,-0.000714819901524888
2012-09-24,-0.0029368018124107387,,-0.00508853060761405,0.000631155251149762,0.0,-0.006347242647217866,0.0033364145204848317,,0.009436278892938077,0.0027367541714089505,-0.002734885562971634
2012-09-25,-0.016068736424333818,,-0.010901829645627692,-0.015151395509750976,-0.013254233281320471,-0.014052610012480149,-0.006928798489194143,,-0.0021997383771261703,-0.000744017469879843,-0.011814846296790305
2012-09-26,-0.004899278752303116,,-0.009525226163727196,-0.0064100198629859495,-0.003837322321155412,-0.00712692861369435,0.0,,0.002204587893721799,-0.005215192142111191,-0.006831747288166823
2012-09-27,0.01230829315622084,,0.01360067289146416,0.009032369840364485,0.00935653987392282,0.01305060107216538,0.003349360867009432,,-0.0041243864292382915,0.005741555829475997,0.010103459928748837
2012-09-28,-0.005673969022483072,,-0.004743978298434204,-0.003197197273392516,-0.0040896087956340255,-0.007085322108388414,-0.003338180097224641,,0.004693844288368609,-0.004219783720575188,-0.004256840223733627
2012-10-01,0.0032608379009682054,,0.005038967525216487,0.004489969003264482,0.004653468251299753,-0.002270102641358962,0.006419538348094056,,-0.004671915046611241,0.005981930795432966,-0.0006407643292654086
2012-10-02,-0.005417065661924569,,0.0017619079982398311,0.0019156573788028375,-0.0016348596213885402,0.0012998681002072132,0.0008318284919235364,,0.005246056418866996,0.004460536800254378,-0.0019247668065475176
2012-10-03,-0.004629601709239539,,-0.012309145026647483,0.008923378065319287,0.0051855886104144044,0.0051949354800757686,0.003048058613433602,,0.0049432354580467575,0.00838658179794427,0.007928211381468264
2012-10-04,0.012859367518950116,,0.009997225236339391,0.015160767998848579,0.005701977138798275,0.002906930026371768,0.004695868004897408,,0.005739147718179849,0.006115283398723248,0.00914104094556456
2012-10-05,0.004862017936274832,,-0.002304649962296179,-0.0006221044572837231,0.003239573413985175,-0.005152595680714245,0.0038491060769081376,,-0.0016302025273933207,0.0009727760451698764,0.002949027923120351
2012-10-08,-0.0018818203557653401,,0.0016301676601664372,-0.0006229608798583586,-0.0024219657432371644,-0.010359815199519562,-0.0030124713120713853,,0.001632864427109304,-0.0007287573646181933,-0.0018899345908014453
2012-10-09,-0.009426366975027745,,0.001356978043335344,-0.006230205799128696,-0.011599605759867737,-0.012757526143720388,-0.009615621616519743,,-0.001902078579150146,-0.01215361817875682,-0.015993529752717728
2012-10-10,-0.01087550735194176,,-0.018698750153084864,-0.0006270681817838186,-0.009279463835136892,-0.003976204951424811,-0.004160676865149426,,-0.0016329843509794717,-0.007382262420878805,-0.006202068813993988
2012-10-11,0.004123295022454121,,0.007456385842895541,0.005646209387646817,0.0030300122124542472,-0.0039919271121288125,-0.0022285020752390583,,0.001090301321116982,0.0007439879951682826,-0.0045188303654408735
2012-10-12,-0.004380194307745278,,-0.005482707278682941,-0.013724584390231276,0.0010989452338396877,-0.0006681521574826155,0.0008377074977417021,,-0.0057203058424787345,-0.0014862801237658374,-0.00021600292096179974
2012-10-15,0.008523686320317303,,0.005099127312130136,0.011385466201899286,0.006858624292740423,0.0050134665154975,0.006694448359036542,,0.004109615126391297,0.014388642151913933,0.009945714403489347
2012-10-16,0.023991247993171205,,0.015905639645975134,0.006254053684208838,0.010626487759174186,0.013634768391176388,0.002493866138263856,,0.003819806638719836,0.010760312519211057,0.00899179659862126
2012-10-17,0.008253565195252444,,0.01255260238482836,0.013051323592465858,0.005931739969158967,-0.00524902846013986,0.004421905822659777,,0.012231987678740897,0.0,0.005729157390590434
2012-10-18,0.00026400883157062793,,-0.00013363281426159723,0.001840811032995493,0.002948315523088274,-0.011543681431409047,-0.005503349400136748,,0.004564958033529853,0.00024178679404074366,0.0006327060717177257
2012-10-19,-0.02085524522092752,,-0.015731056775468488,-0.0134723544547658,-0.016836026407319404,-0.02268935356913293,-0.011898049158924673,,-0.008019534003779416,-0.01789987471354504,-0.017921173270767476
2012-10-22,0.0045832817686994876,,-0.005011581810461907,0.0,-0.0027180563186630646,0.006828400598881013,0.0005602429711109025,,-0.0026946817754691654,0.0007386368766599816,-0.0032204683683254576
2012-10-23,-0.030059158457568458,,-0.023277841454704573,-0.016760071795604792,-0.010084637040697175,-0.010851097105023189,-0.013434168577755146,,-0.009186415276587478,-0.01329104060500319,-0.007969192558625049
2012-10-24,-0.0005532240533044908,,-0.00766556563686549,0.0,-0.006332676791035996,-0.005828234763757489,0.0,,-0.007363255568321736,0.001746639429161867,-0.003907456388385855
2012-10-25,-0.0022153055128341093,,0.009410399504096612,0.002525407002469837,0.005541890290094331,-0.002068802023629468,0.006241230423309485,,0.004945086284551925,0.00796768400026071,-0.002397657267554143
2012-10-26,0.001942669804506858,,0.0012516079115161283,-0.0050377111865353985,0.000826564144996933,0.0017279028040935174,-0.003383430582992064,,0.0,-0.00395229211184589,0.003277364092840962
2012-10-31,-0.00221543136100244,,-0.0002774231871610633,0.0063285935725378994,0.004680712141479804,-0.004139656794536539,0.001131355294156311,,0.008747950501836632,-0.00719182869968038,0.003266463603700309
2012-11-01,0.019428240566129906,,0.004309018531247544,0.012579389477138214,0.01781285086298512,0.016279860201793284,0.0005656180730047033,,-0.010569172335204935,0.008242837780686019,0.011503798353584838
2012-11-02,-0.01796889157612913,,-0.016470575095024365,-0.006211323140997815,-0.008346499423794729,-0.012951636218677898,-0.00593061136805817,,-0.006847373757189024,-0.005450692454280204,-0.0006429935310694468
2012-11-05,0.006931196495806757,,0.007599094188671662,-0.001874949257602232,0.005430340786297672,0.005524922125467624,-0.0017045362266596698,,-0.016271421195569014,0.0004985027718913404,0.0025765051568455988
2012-11-06,0.010462554608238195,,0.016061510574405746,0.011271016500483455,0.010802088834125367,0.004464231727167256,0.007398805666963382,,0.0005606430736619927,0.000995916044787215,0.005353972475830471
2012-11-07,-0.015804034172693493,,-0.02611661235767193,-0.03343684283063042,-0.023510709772080474,-0.024957376753766858,-0.011864421709698703,,-0.021014340793158115,-0.01666698050451143,-0.011717001465766597
2012-11-08,-0.01356598558173805,,-0.018066622164158885,-0.00832780489010454,-0.01039685004658808,-0.014375551954502575,-0.010863397833560606,,-0.0017171552543813196,-0.011889269301560534,-0.016167238654232308
2012-11-09,-0.0019645999098216738,,-0.00028713212646236386,0.0012922145485019243,0.0027647828103580796,0.004624470404908987,0.0,,-0.006020595125368566,0.002815989153136522,-0.004820336942276349
2012-11-12,0.0,,0.002012822730402153,0.0019353342092536252,0.0027574290963390258,-0.0014163454714797297,0.0,,-0.008364662026114078,0.005105862617126755,0.0008805806602742994
2012-11-13,-0.0016870250443146162,,-0.004161323015328233,-0.00708322999013733,-0.0027498465893429636,-0.004964683339198528,-0.0005780580333265561,,0.003781003237414149,-0.003809596250032299,0.0028597129915552966
2012-11-14,-0.01690173632817793,,-0.012103577817531352,-0.01750945421595096,-0.02343488285452855,-0.009978584931042866,-0.010988743259834344,,-0.006954465989415515,-0.011984025749914307,-0.014915323886964815
2012-11-15,-0.003438001788366729,,0.0013126679428163701,0.001979945504499092,0.0,-0.005759356828475615,-0.00029240940067432053,,-0.005835640739286774,-0.0028386405265279357,-0.0006679850066744208
2012-11-16,0.002299860044696178,,0.003933203004201191,0.006587868894251336,0.0028228416661244538,0.0014482209199073726,0.006434248404038501,,0.008511707220036024,0.007505255859931115,0.006684812507896654
2012-11-19,0.028399306499770738,,0.023070019683539167,0.018979004342687844,0.01886267383472151,0.027476487711168396,0.01627452168105248,,0.0008731138999089616,0.010531309843241354,0.021469431277630235
2012-11-20,0.0008365838290971261,,-0.003971276234135956,0.005137818268116323,0.0008287132373598904,-0.004222523975734194,0.0037172310629514094,,-0.0017446177332892665,0.005592258745498402,0.004983390632812501
2012-11-21,0.0016723301736927265,,0.00541078132827888,0.0,0.001380584279065955,0.003180402248310621,0.001424715121268072,,-0.0043692971977984385,-0.000758296143105408,0.0034496083211088546
2012-11-23,0.012799232365345636,,0.014162468250337401,0.01214057144970071,0.012958913855497078,0.016202911962657884,0.014793716048026928,,-0.002633309952704055,0.01239588624393173,0.013322070516362805
2012-11-26,0.0008242196978969218,,-0.00977546764174575,-0.0037877775248195134,0.0008163734506529963,0.0045059319415119425,-0.007288719501089891,,0.012613810079252774,-0.0044981930854021135,-0.004665068882546808
2012-11-27,-0.004391872848929501,,-0.00832039845749688,-0.008871624448507753,-0.002175839746866415,-0.0044857195943112105,-0.0008473295138488046,,0.002607114423806456,-0.006023496008116358,-0.0040474562148599125
2012-11-28,0.004135521895508809,,0.00910161848236335,0.003836212773276282,0.00844926531700474,0.005892487635422938,0.009610026218439982,,0.004045214629345262,0.007828429646984603,0.013048102336439493
2012-11-29,0.006864587261750543,,0.002254334805022573,0.005095275332902771,0.005675580396204083,0.004824164224508598,0.0053185200251051334,,0.005754945475194173,0.007015737140891876,0.0027449857603332184
2012-11-30,0.0008181507870703708,,-0.0008434086172045552,-0.001267170281461949,-0.002149783210893208,-0.0010285304418442553,0.003620537560439896,,0.010586936553319104,0.001243936092886866,0.0008423856889201442
2012-12-03,-0.01852897405122178,,-0.005488574409406088,-0.0038070990756059464,-0.01077299417097577,-0.0013734618163576684,-0.0038845018538685716,,-0.006228692592779694,-0.002236563434625083,-0.005259915580581032
2012-12-04,0.001943747845141619,,-0.0036787456584942424,-0.0025480216070236095,0.003811401050129337,-0.001718837057714473,-0.001950091702464296,,-0.005128407351782549,0.0022415768634738154,-0.004230258416321742
2012-12-05,-0.0119150791829562,,0.006959185929706679,0.012132913730558803,0.010577756471843225,-0.009986075729318866,0.0016747186045993345,,0.015177846542434814,0.003230617919269596,-0.0029738365355326257
2012-12-06,0.002523759171147555,,0.0032441920347354714,0.003154077153857626,-0.00026843600743076124,0.005912983639783764,0.0011147140269984757,,-0.000563953999125566,-0.0004953087772606724,0.0063917315925492435
2012-12-07,0.008391775164960258,,0.006045015942477194,0.008176769021368546,0.006443079890625425,-0.005186822310092043,0.006957949005289565,,0.0008460715556450893,0.003221338470736246,0.0038098503771291092
2012-12-10,0.0063802977444358255,,-0.00111763013833166,-0.00249537898004204,0.005067495959580448,0.0024331215351749425,-0.0011057788702334426,,0.00028248646979811554,0.004200096887315707,-0.005693556536065736
2012-12-11,0.007993045388095865,,0.005875512805816774,0.0050030544587087444,0.002123616825845609,0.013522564417997485,0.0005534257980284174,,0.002255216765639334,0.010578479061526203,0.0031809678278325038
2012-12-12,-0.002460958442261574,,0.003616157390088137,0.004355950278155829,0.001588771765765884,-0.0017099832631501943,-0.0022127813311819677,,-0.0016876066554065705,-0.001461170957929192,0.0012687489970644172
2012-12-13,-0.002741236087905996,,-0.009285463217642675,-0.0049564646219906194,-0.0031729549980673566,-0.007196801089536686,-0.0016624324977958516,,-0.003945161938067376,-0.008532294470530055,-0.006545466955384938
2012-12-14,0.0074220555506596675,,-0.0037760007613304447,-0.0037360762754089505,-0.002122036458231169,-0.009665058712167385,-0.0016656564185333345,,-0.00396011280612818,-0.0039342947376627135,-0.004250842505692076
2012-12-17,0.010095482403799982,,0.00912666436855658,0.020625195317025558,0.009303992883036516,0.012199051484924617,0.0022244791901204763,,0.015336479690627014,0.007899551578782082,0.017929469187227154
2012-12-18,0.011885416121438785,,0.018366272936896078,0.014696291801133077,0.012904835669458992,0.014807152997520223,-0.0002772529898241727,,0.006993023914609875,0.00783705474499663,0.01174263092004546
2012-12-19,-0.00427191898650392,,-0.006831233487835875,-0.006034599498180748,-0.005460824944474529,-0.005089789637292674,-0.009991923042438566,,-0.007500047852547653,-0.01069267589706957,-0.007046846403677254
2012-12-20,0.009651857261645969,,0.006740218578880741,0.013964650237770382,0.005229129435792679,0.001705276042092141,0.005607255898484986,,0.003079026967367282,0.0014742183695608535,0.002087223132139382
2012-12-21,-0.008839924018831047,,-0.0101494333584361,-0.01181037988020428,-0.006287710485062381,-0.008629368862625109,-0.008513791769213297,,-0.0036685923648467345,-0.008409218670046514,-0.008888095719470468
2012-12-24,0.005135105890617497,,-0.007631488584174395,-0.0018288772485314242,-0.002900088998082362,-0.0027634864905883294,-0.0031279274567562743,,-0.004248069835688262,-0.003979478458917773,0.0008458013338965564
2012-12-26,0.006184116024211761,,-0.0044743502049914285,0.0,-0.0034369911653000518,-0.005542210776462886,-0.008556748969291594,,-0.008532553630899331,-0.0034953645599142824,-0.010354607282726302
2012-12-27,-0.003473484144508432,,-0.0018256629380536404,-0.0036656456212006416,-0.0015920910881865868,-0.001045049320788749,0.0017259485655034545,,-0.001721095391754357,-0.0015035221001850063,0.0012812719160257835
2012-12-28,-0.012604037779268884,,-0.017447951608048018,-0.007970060097967968,-0.010895456811871207,-0.011157147756259311,-0.010626060011323601,,-0.01005711699257017,-0.00978689657155607,-0.00810411751159612
2012-12-31,0.019554244759578676,,0.02276973389319581,0.01297888955499471,0.01826976914024736,0.01727793025504032,0.013062708665077638,,0.013642617250834377,0.010644440967045421,0.019995638980040198
2013-01-02,0.02504007947653708,,0.022122985435188758,0.029286090998170256,0.024010256721781698,0.03327560291021481,0.02578785146553475,,0.018327988155828923,0.01980900222016979,0.020868448398528416
2013-01-03,-0.007276268801235886,,-0.0002743685694601705,-0.0011854601545485677,0.0005152987914955887,-0.006374083974076017,-0.002513902741257845,,0.0,0.0012295215100479595,0.0024776094984406694
2013-01-04,0.012303263398286024,,0.011099193813732366,0.01186964903252652,0.007468795604515854,-0.004051008324937433,0.0028001301970401737,,0.005061893159488573,0.004420725626963273,0.0037077317574498725
2013-01-07,-0.0020686367600538658,,-0.0077247829910479515,-0.0023463285662802535,-0.004345577285093993,-0.0013561348792912042,-0.006702121351407575,,-0.009793260271991677,0.0031779673281480125,-0.0024626294837837293
2013-01-08,0.00155470982639061,,-0.003277892047436448,-0.0029393462476982046,-0.007702194585380018,-0.003733706870157172,-0.0028108478559585315,,-0.0031081700004209623,0.00024363133719895735,-0.0028798562837176744
2013-01-09,0.006468568804223862,,-0.0016441244131993882,-0.001179434171820315,0.010089920394382057,0.0017034858617523962,0.0022554286050271433,,-0.0019841236663120654,0.010965239703227603,0.0016501627509510897
2013-01-10,0.004370205499435897,,0.009058508479472538,0.012396781524042,0.004867492888562364,0.005101843632641767,0.005906767890326181,,0.0042600504845848874,0.00698948490026563,0.005767562427708928
2013-01-11,-0.0015362473809031885,,0.0012239520614014676,-0.002332211412851337,-0.0035689665472089516,0.0013532291087516857,0.004474504597613338,,0.0011314225308829418,-0.00023914451094775302,0.0008188621949323238
2013-01-14,0.0002568614687334936,,0.00013600555298665107,-0.002922166699168449,0.003837367534252456,-0.006420487662994301,0.003062466884210524,,-0.0019777309247706043,0.00095748705334886,0.002455756753353855
2013-01-15,0.0010246888711782365,,0.004482707244779727,0.004103339115907323,0.0028035180560199713,-0.006462821889644643,0.0030528165109602323,,0.0028309167805478097,-0.0011958838220216261,0.007348407347012698
2013-01-16,-0.007168225766095104,,0.004462284674720429,0.0005836459196102428,-0.0040667408395788085,0.0034235340609507503,-0.001383481778443274,,-0.004798481829484058,-0.002155372317662496,-0.0022291546130925877
2013-01-17,0.007736170913474227,,0.006327617832269983,-0.0005833054757493628,0.010717463398851601,0.00409416250053285,0.0066501224328268105,,0.003970665728153744,0.008879319573003475,0.010560627565117553
2013-01-18,0.006652708958551967,,0.009899514344116955,0.0011671169902331968,0.008078932880668743,-0.001358823614747151,0.004128440913439002,,0.007909590490959628,0.0033302459342581248,0.0012056490672334164
2013-01-22,0.009659517250501182,,0.009537483158848614,0.009329282264295191,0.004006577504693798,0.0027216525019293503,0.0002743548508608029,,0.008407950660922259,0.002844877553286329,0.002609465027612279
2013-01-23,-0.005538446234442329,,-0.003411452206807275,-0.0005777501812713748,0.00024960449566169274,0.01051932992219462,-0.0002742796009218562,,-0.002501608082930873,-0.001181919034404122,0.0008006791251091716
2013-01-24,0.0030375944065976768,,0.002896682313998644,0.005202844091011016,0.005984722021522559,-0.01712583711202853,0.0027414723097358706,,0.004458365249637941,0.006390228966019373,0.00760174178553874
2013-01-25,0.0035339568927899023,,0.009452500292099097,0.004600219737180167,0.003223007254169463,0.001025132453781108,0.00492067088481396,,0.004993255320997703,0.007761219361497762,0.01052223185672907
2013-01-28,-0.009557789285207785,,-0.0016907210267732564,-0.0040067817230200475,0.0007409438137868651,0.0034130947965300695,0.0008165007922547041,,-0.0005522486403635174,-0.003500466732581309,-0.004715369108523215
2013-01-29,0.0055863915342599935,,0.016154424902618203,0.0040229006076482055,0.002222202940577178,0.0013602099070579854,0.005436005762898377,,0.00690394899593727,0.010772613800225983,-0.003947726081754199
2013-01-30,-0.005555357134195749,,-0.0049998230326315785,-0.004579154619718917,-0.00911509527341614,-0.0030566411660108983,-0.0018922495648725501,,0.0008228645507992738,-0.003011670139504541,-0.0017836054942821367
2013-01-31,-0.00914144282482543,,-0.0033503094227721464,-0.0005752642900211935,-0.0034809976513960894,0.0017034858617523962,-0.0013541797248456389,,0.002466644840812826,-0.002788900389937621,-0.004764809164104045
2013-02-01,0.012301572410611694,,0.009307979008002176,0.01323352439998926,0.009730592735647692,0.011224517001778622,0.008136316182172365,,0.0027336143607163965,0.007923744538997024,0.00578498705194419
2013-02-04,-0.009620448786717861,,-0.009478690232308629,-0.011357302698862703,-0.00864861621421964,-0.01311816308029734,-0.009415941218246737,,-0.006815646465510805,-0.011097980041504085,-0.012296994272395056
2013-02-05,0.005112388115299682,,0.008664592597467546,0.0097641337883827,0.009222419771145463,0.01158823902144257,0.011949705125315457,,0.002744951119044714,0.010988697093395894,0.010642848730795462
2013-02-06,0.0010172515329034404,,0.00064072480766586,0.001706971921427991,0.00024677950649132363,-0.0003370157197132295,0.001341968393577142,,0.003011172612355173,-0.00023172681817396068,0.002185309137680891
2013-02-07,-0.005335159208720297,,-0.002562286850311568,-0.0028391130707715595,-0.0012345505403664747,0.0,0.005360607211165602,,0.0013649716946491086,-0.0037009303863176912,-0.00218054397500711
2013-02-08,0.005874514508330542,,0.009376796387637443,0.0022775866996305183,0.003956032078675564,0.00876338324669712,-0.0007997423517157598,,0.0,0.00743001596716808,0.0077488036860431375
2013-02-11,-0.0012694530488601696,,-0.004963313918641243,0.004545247622268933,-0.0007391651229599061,0.0020041470159650743,0.0,,0.0024527156018856466,-0.002074293698466678,-0.0033514225833717326
2013-02-12,0.0005079573107833468,,0.0026862126392275254,0.007918892005652767,0.00443570332381249,-0.0033341917693935352,-0.0010675615168611596,,0.004350080030693926,-0.001154622778023695,0.003956227427041048
2013-02-13,0.0035581431525997242,,0.0035709975538456007,-0.0022446924914152344,0.005397229144109783,-0.0003345723670884482,0.001068702422440282,,0.0,-0.0006932679217750426,0.0021671363833446478
2013-02-14,-0.0032918515651232383,,0.008642774705497791,0.0033746979356441553,0.001464983626862315,-0.002677474745771735,0.0021345456613499625,,-0.008121242426161301,0.0020816848762963414,0.00039365645262057214
2013-02-15,-0.00025451391454700545,,-0.011466617606956997,-0.004484351610773762,0.0004869442717496675,-0.0006709383046797912,0.0013310333721940903,,0.0021834716781052865,0.0023089314910571535,0.0011791095582249778
2013-02-19,-0.004319533806543929,,0.011599626083641734,0.00957221432019062,0.007306511430301921,0.006715859869915519,0.010103902967318446,,0.00871453674602618,0.006219688590147099,0.0037299865611100103
2013-02-20,-0.02807580419382738,,-0.020917304505150613,-0.015058925212280139,-0.013056441581764,-0.013675608578822773,-0.0018430097993380468,,-0.0018894476427654405,-0.006409660162799424,-0.015255298487415914
2013-02-21,-0.00919130121952405,,-0.006949679465677372,-0.0079275197227624,-0.007349055902529877,-0.008116554725075775,0.0031650242457592626,,-0.004328121146541464,-0.004608829911907364,-0.008341618678628149
2013-02-22,0.013252197824065837,,0.010497513293981742,0.012557211795513279,0.007897136325888177,0.012274265854985256,0.005783372039187107,,0.01005165661696017,0.00439844735148287,0.005607976199065279
2013-02-25,-0.02301846067718516,,-0.026163632309497697,-0.027057445026743787,-0.020567966017792205,-0.014146467689460485,-0.01359105060054877,,-0.00887574692137516,-0.011062608703433896,-0.01553473289861984
2013-02-26,0.010709257480661982,,0.009877682955000244,0.005214032778828814,0.006000107361158413,0.005807977711491885,0.002384461180078956,,0.002984943684702701,0.002563742923415102,0.009912599922760501
2013-02-27,0.01774838340493967,,0.015257996737845003,0.015562344021585295,0.018886574195362993,0.008492161889955163,0.0074012887991339316,,0.00919905110842878,0.01092506171998342,0.015224360042504603
2013-02-28,0.00182213542975318,,-0.002055507753254804,-0.001702670965741615,-0.0007317795175504349,-0.0020210326477839713,-0.0005247439522069186,,0.0034856561182015078,-0.0009199457723053639,0.004933236388999784
2013-03-01,0.0005199502304651382,,0.001287437850021167,0.0028426817568010243,-0.0017086965235247886,0.0016875410449472827,0.003413017031068666,,0.0018699176292142905,0.007594770062255174,0.0023563395909476093
2013-03-04,0.0012979369681183073,,-0.002185155377226522,0.008503192294618156,-0.00195598610556591,0.0030320759353954507,0.007587772568246276,,0.010132968018628175,0.005482140670745261,0.008814436595697472
2013-03-05,0.006742684099450447,,0.006441320441250342,0.008432002735550004,0.014209255287594091,0.013772612166109699,0.0033755122516849756,,0.005280380330665135,0.008632595756463246,0.010097536527742479
2013-03-06,0.00875874652171249,,0.0011518811872108792,0.006688781459235793,0.0,-0.0006628645268377253,-0.002329203743023145,,-0.0005255742818881526,0.002027108240029163,-0.0007691591322788183
2013-03-07,0.002808536432178377,,0.0051144854432965126,0.007197764340447277,0.0007242406361516185,0.0023208157383454164,0.0,,-0.004466669244897692,-0.0006744777081765241,0.0017315347835111794
2013-03-08,0.008148820286330238,,0.004834300751299425,0.0027489988671391963,0.009413579055321808,0.0019850061939905572,0.0018158869301470038,,0.00211128298587715,0.0017994306365021195,0.010562269379020606
2013-03-11,0.005557011012707003,,0.0005056395581992668,0.007675684729338883,0.003347469850808027,0.002310780385251787,0.0010356287529371677,,0.002370422275894457,0.005163632141949037,0.002470948773340087
2013-03-12,0.0007539083777003963,,0.001139321721040698,-0.0054406716728927496,-0.005719374311170089,-0.0036228015513538603,-0.0010345573356139726,,-0.0026275482346879153,0.004467375214777469,-0.0028436531540440013
2013-03-13,-0.0025102790709292666,,-0.002274879400480212,0.002734807632392311,0.00479390996957374,-0.0006615545972965542,0.0025894220881979013,,0.004478048022379388,0.00022228582271344166,0.00551333455403924
2013-03-14,0.006039316727090016,,0.01368141474110618,0.006546960818155645,0.0047708067925578135,0.007277733332755387,0.0033575545886426195,,0.00209845908770645,0.0008897878942315529,0.0011342155643701002
2013-03-15,0.0008535248423460207,,-0.0007911076719154808,0.0033717921099414294,0.0007628393550538348,-0.00415468601385538,-0.004371708581354494,,0.006573461253007951,-0.0021418177209304723,-0.003826007601912207
2013-03-18,-0.00702634874545649,,-0.008040232755897714,-0.009756258960353814,-0.0061948832017176825,0.00033083241114706397,-0.0031177183074164727,,-0.005507824468389044,-0.006484148488950625,-0.007606213518481009
2013-03-19,-0.004295977661845196,,-0.011018381931535592,-0.005473336417555208,-0.0009589642445645419,-0.0013237111633198628,0.008339823463775264,,0.00263767758515443,0.000675722486747965,-0.007089732397222659
2013-03-20,0.007614535813941892,,0.005634581970282326,0.006604347582870318,0.0012000875570539193,0.004971372550861997,0.009563330996220865,,0.0073648065130755835,0.008320543317335227,0.011578687437493018
2013-03-21,-0.017128633073357213,,-0.005093390438434375,-0.012028285161682084,-0.010067287221859456,-0.011213508239081071,-0.0030724281257863417,,-0.004961119470927922,-0.005575735985163255,-0.008393667706917074
2013-03-22,0.001281575590549755,,0.007935353109284282,0.006087156624846157,0.007748340880724625,0.006337796913745031,0.00924548372649836,,0.0015742704841625876,0.0076248082563212805,0.012312115576123661
2013-03-25,-0.007678212704257281,,-0.003809331668022664,-0.002749969664622931,-0.008890062872136895,-0.0023202920185488862,-0.0007632620026272185,,-0.0020960600598318724,-0.0028926279385778075,-0.0017097423962904035
2013-03-26,0.00696346417541327,,0.010579791211555056,0.006618670187096276,0.005090704795630563,0.006311931186055331,0.009421874741891934,,0.009451736918172138,0.011606709106201762,0.004949483373833052
2013-03-27,-0.00025637475282025424,,0.0032796863028794476,-0.00493146580069892,0.0,-0.0026410246088115485,-0.0007569869529073792,,0.004681200723802625,0.0050751567006519505,0.00037838385852673184
2013-03-28,0.0038434886804339374,,-0.002891351686041932,0.0027531622161400815,0.007236183127290685,0.001986125272896988,0.004039234942807113,,0.012166494093893032,0.008781687006386596,0.0035982286004605513
2013-04-01,-0.00867792193744299,,-0.002017736733072928,-0.0049421348035563195,-0.012212730353102108,-0.006606997370311896,-0.0005026701007330159,,-0.0023013919191683385,0.0026111924401013287,-0.007547373253559808
2013-04-02,-0.009783963535627827,,-0.005685275449641813,0.006070524940032351,-0.0031516226738531605,0.003990818446602873,0.010817210107132214,,0.0033325754527810947,0.014543268898650652,0.008365027580280682
2013-04-03,-0.008320093053791333,,-0.018678595100646178,-0.016456199153119133,-0.006079757945778419,-0.007949761205359174,-0.010950857134282455,,-0.0028108329101381724,-0.005990643673161045,-0.009238303036287032
2013-04-04,0.008652257137177433,,-0.0012949007738992657,0.008923580556835065,0.004404386414146533,0.00033389443121922824,0.005285103957288317,,0.00948004400798741,0.004519832492803522,0.005708919511271615
2013-04-05,-0.004158899886902989,,0.002203986227318211,-0.003316776403561539,-0.0019492347783924835,-0.0076770836994057845,-0.007259545005358747,,0.004314641033548616,-0.0055710781988641545,-0.004919432368810428
2013-04-08,0.0031323959619287134,,0.006727228372524818,0.009983110929948413,0.005858064990348799,0.004372673063534727,0.0113468426007437,,0.007581444155477124,0.0008622110191116583,0.011408815641502423
2013-04-09,0.011709643505044331,,0.008480996766393911,0.0027462588309197233,0.003154448157190348,0.007032993726014292,-0.000997556071509309,,-0.003009920702154889,0.0032293640188048034,-0.002632012021886121
2013-04-10,0.0069442132716814875,,0.00535148986897549,0.013690745149787631,0.013304593316662006,0.01762533546113132,0.0074870925458701,,0.008050466431793746,0.016737929499372806,0.011687087024492282
2013-04-11,0.004342127405112084,,0.004309476874814422,0.002161415004743983,0.0026255893463054125,-0.003268019746926476,0.004706157683586065,,0.0022458993398628557,0.009708995822582223,0.008384593209021851
2013-04-12,-0.014750644838831595,,-0.01564877627278738,-0.004313184887873689,-0.0057138287156720535,-0.00426198632018937,0.0036980891314803976,,0.004233136339408139,0.001881616072856751,0.005358354187677605
2013-04-15,-0.0369129834320574,,-0.04076890818569057,-0.021115336275819296,-0.030411925547381147,-0.01646376817606343,-0.0159661414154344,,-0.014381402536426502,-0.018152139023729696,-0.02628202090149878
2013-04-16,0.018225934795506937,,0.012295826949544342,0.015486854789025006,0.01358353203537832,0.012386731068620094,0.01872182871536432,,0.012075883567548074,0.01444952290114565,0.014345226158593904
2013-04-17,-0.014740849270555856,,-0.021917088729363265,-0.018518914448212964,-0.016569183129152676,-0.020502192874613523,-0.008576342341361953,,-0.005717370684050205,-0.004608319507518832,-0.010234533259455225
2013-04-18,-0.002938837924548743,,0.008504388726051193,-0.010543185555957568,-0.004459622542465014,-0.010465969345527237,-0.0019773215416081236,,0.0032500950954021945,-0.012205416520070678,-0.010904085443803502
2013-04-19,0.011790399989349831,,-0.0020077442504493614,0.014020921638656425,0.004977820302410674,0.0013644337649767468,0.015601607895306291,,0.01495114890702176,0.014060678965341245,0.011974584411408085
2013-04-22,0.009533404745491803,,0.010729758841629522,0.0011064515710945688,0.0012374096540659352,0.007836490432121535,0.0024389309003929327,,-0.0012276711432376297,0.006092599307962132,0.004320285686181258
2013-04-23,0.008657059065878103,,0.011544572183518786,0.018232026613227426,0.007173561244147919,0.010818272567381326,0.007783508249528781,,0.002458504116700455,0.006264226361595737,0.010099013078819219
2013-04-24,0.015084273089363665,,0.013380365016860907,0.005968415937803728,0.010313924995777768,0.0016723393225090977,-0.015930420139022128,,0.003187428299177064,-0.01722345951066384,0.000740656419445429
2013-04-25,0.011017585045922873,,0.0007769782042572615,0.00593308579873697,0.005104786188688593,0.003338418494191142,0.003188633867428514,,0.0002448256544691496,0.004011532745983981,0.008510344739543818
2013-04-26,-0.014191707093782369,,-0.0016815095427237248,-0.0042894195358500475,-0.0029021721940718503,-0.00033240912615795093,-0.00024468721727788356,,0.0014663075149439209,-0.00021001312433310826,-0.004402284387425404
2013-04-29,0.01516688154950141,,0.010106210005546234,0.004307897917334991,0.005092940009942426,0.014314447065491454,0.003179605865004209,,0.008296648443749444,0.003155222381985734,0.00350052846161919
2013-04-30,0.001519524713051723,,0.003976406711348801,0.0026809072172735426,0.00024165253533103837,0.010829956801409635,-0.0019502617311480952,,0.0026619711382114275,-0.007548557655233212,0.0027541870774525634
2013-05-01,-0.017699362956345888,,-0.015587012587709559,-0.011229880110745771,-0.013027338910839958,-0.00876591908480151,-0.0009772007101750413,,-0.00989605126372084,-0.01056420387734014,-0.005310114974870883
2013-05-02,0.007207463442341799,,0.01310813080759865,0.008653316648636444,0.012466003176870855,0.012774275301284499,0.00366767579851901,,-0.001218991689483695,0.011104085828371524,0.009757202987799918
2013-05-03,0.01763361659727125,,0.018063138990847438,0.010723708898564555,0.01714125655631271,0.0093788085493407,0.0043849310183001755,,-0.0019528813136381329,0.006758162918825361,0.01257936747618249
2013-05-06,0.0027621984569343727,,0.006795214220735479,0.010609931086162927,0.0064090521489665875,0.004806147347478751,-0.007276442806116279,,-0.01393957450874328,-0.006503213478211811,0.003240820674483169
2013-05-07,0.009517071444822722,,0.007748816467896935,0.005249623708934337,0.009198085100982523,-0.0006377640694770204,0.007574022322028862,,0.009672975265443196,0.003167114809479843,0.008435159981551754
2013-05-08,0.008682889912864589,,0.0016123485277712568,0.008355082470577146,0.006309519351839432,0.007977138400713013,0.0012123050727141926,,-0.008843297873654787,0.0029470251975813877,0.0007117638858309405
2013-05-09,-0.0012299446650148038,,-0.0008668486647898099,-0.007250034840329156,0.0,-0.002848971399828204,-0.007023690008996164,,-0.01511785537889232,0.0012590169021335917,0.0017787733881404755
2013-05-10,-0.0009852408401842538,,-0.005205071067671652,0.0041732992468348495,0.0030198196962314405,0.0028571112280029176,0.003902427367332706,,0.002264843822321838,0.009851050822895946,0.007811198254678686
2013-05-13,-0.0071481117759748525,,-0.00012477749354122825,0.0031166756452232214,-0.0039368305854370345,-0.002532624760541169,0.0017010757610436134,,-0.005272375603477042,0.00830242188222452,0.00017561651212827378
2013-05-14,0.012413634794046668,,0.014203886894123663,0.017089809518664012,0.012320145872286137,0.0031738547423649788,0.011883914306709764,,0.00681444522149266,0.010086237309586243,0.010215206965968227
2013-05-15,0.00563965893888585,,-0.00282581296412987,0.009164891287843702,0.004133346897280399,0.0031635285702593663,0.009828031069817333,,0.009526455656763577,0.005298982874702762,0.005404385861352168
2013-05-16,-0.004632885009033028,,-0.004927731926050449,-0.006559159931116776,-0.0050309996853624694,0.0053609465381767585,-0.0059342414844383296,,-0.008194355870704606,-0.010338330234363924,-0.011617888159275003
2013-05-17,0.010779033614501499,,0.016714196878222953,0.013204478315997914,0.015168650368903691,0.010037570407906982,0.0014324192724053386,,0.009513865133736976,0.005734731302052598,0.00964926922390763
2013-05-20,0.0009695389093791196,,0.014126029377984128,0.002005179110854627,0.002943165986498242,0.0,-0.010252624319223136,,-0.00495989387715734,-0.006924828439713426,-0.0029542406280407274
2013-05-21,-0.0012107046550114964,,-0.002041891670105267,0.002501196690347429,0.0013551103861002556,-0.0031055640243370375,0.0009637824521948612,,0.001993526105971366,0.010869857406670569,0.004531288771356223
2013-05-22,-0.01357599181109237,,-0.01155059770057798,-0.010478756935440647,-0.008792000230641195,-0.010903229961854444,-0.0016847199990308592,,-0.016915259807784522,0.0,-0.009541746319985833
2013-05-23,0.0004915298556920078,,0.00048701426277442117,-0.006051561219398649,-0.002729243083405941,-0.0003151067207014524,-0.004098274754553488,,-0.0068320582698429,-0.00040586826394273245,-0.0021020166452200284
2013-05-24,-0.0034390796315538763,,-0.005840428645210838,0.001014721642164984,-0.0031929043146745606,-0.0015753922957886246,0.009440530347135656,,-0.01070042324115239,-0.0030443388484163725,-0.0029843948733532244
2013-05-28,0.009120291839541439,,0.010524973211813338,0.01013677896166354,0.005262185116296836,0.004733634218244687,0.0016787892836080953,,-0.011588851235916797,0.010179039793819955,0.009683403705111004
2013-05-29,-0.003175706765567221,,-0.002179709740879443,0.0,-0.005689787312841865,-0.002512880242362514,-0.019152378267348946,,-0.01485172768673082,-0.01571903249687079,-0.010287747661964941
2013-05-30,0.003185824008424598,,-0.0023061873178131798,0.012042171828182235,0.005951001498962105,0.006297318433221566,-0.0039052183193178935,,0.002644654127208046,0.00716605918971247,0.0
2013-05-31,-0.01563284373509366,,-0.020681366394956102,-0.0163609924648076,-0.009556151642222677,-0.009386583997488374,-0.01862312209069361,,-0.006066953401246744,-0.02195568777800816,-0.011275650556215822
2013-06-03,0.004962866343493744,,0.009689868601024942,0.0010081480874073456,0.004824065514694498,0.005053623781805738,0.010986536099813815,,0.0021230850732667506,0.005404130848117195,0.004455058645201904
2013-06-04,-0.0012346814909411918,,-0.007874195034460296,-0.009063443200561294,-0.005486749293027171,-0.0043998101782039,0.0002467659992881899,,-0.0034427428129237825,-0.006202064060019885,-0.003548239301984002
2013-06-05,-0.022249652564128586,,-0.011656510807090625,-0.016260371626633296,-0.01816129960608248,-0.009785349096925633,-0.012099118301685086,,-0.008769790001107558,-0.014562580667688896,-0.016556883546895218
2013-06-06,0.00657451211083937,,0.007527924510456474,0.013946783659138706,0.006321905059784028,0.0022316061030556167,0.0042491194984801695,,0.011796401683533686,0.014566474494734916,0.010499748135760267
2013-06-07,0.009293338016777453,,0.012577834289093204,0.017320032639912553,0.0188460075285668,0.009223617280313068,0.012444484698490133,,0.0060942819905249745,0.00915536883511403,0.018273136428435865
2013-06-10,0.0047290831783590725,,-0.002829167267198729,0.0005007552809688232,-0.0029691465982105703,0.002206358080472537,0.0,,-0.0002633972546612906,0.0014436289156247728,-0.0029909868856007327
2013-06-11,-0.01387125199838024,,-0.015169744805706764,-0.01651627995959215,-0.009161230988945168,-0.01037750312117458,-0.0024583840065426354,,-0.006585972943053298,-0.0041181673179842004,-0.009881774924657694
2013-06-12,-0.005024510392759862,,-0.006136785686592927,-0.010687336816505355,-0.006934646581355675,-0.0066729729262156035,-0.004928553453011908,,-0.009811420132903037,-0.010129930741814674,-0.011049645798196561
2013-06-13,0.01842992076877592,,0.016759365351096456,0.019032850760144715,0.014664888723127323,0.011516476398672149,0.010400805294165094,,0.016336436167088353,0.015455317392347956,0.01874225711842925
2013-06-14,-0.007188619401790164,,-0.009666745608733263,-0.013124795254700894,-0.006653187502684843,-0.007589953535760863,-0.0024506270817316045,,0.001317371784725907,-0.0016458445479849981,-0.003184376726993121
2013-06-17,0.008488975614524552,,0.014391130169644883,0.00971913490423404,0.007852214175937622,0.009241394904969669,0.008845478227163861,,0.003157963592149038,0.0022662327627260836,0.005501409948723834
2013-06-18,0.0044565038958506165,,0.005675104065824277,0.006585439417049699,0.011686500629798813,0.007893873178604682,0.003652792684266659,,0.006820842736511956,0.008427380628179604,0.010236448150463318
2013-06-19,-0.007641156791866499,,-0.009200483733429965,-0.01358828615188834,-0.015175586664372576,-0.01159156916046622,-0.019898462953517493,,-0.022928745156254537,-0.01589855677086016,-0.011355965208360352
2013-06-20,-0.025831621712860353,,-0.029218691016222875,-0.021428366910114738,-0.022768845394640413,-0.02218667307863309,-0.03020506576619275,,-0.028266757375322582,-0.02568331364404597,-0.026152560222765464
2013-06-21,-0.0033916190664401435,,0.0017172801669664839,0.0008899266697621755,0.0006149280543263913,-0.006027213727949232,0.013207977630858458,,0.013058106515571266,0.009865567757270322,0.0019295341604836924
2013-06-24,-0.015983532426255942,,-0.014839653989033308,-0.017782708089056243,-0.016784574632314198,-0.012127302523868622,-0.004057406221143589,,-0.0008209154327984969,-0.008458366210603252,-0.009084613520620177
2013-06-25,0.006025755446108727,,0.01285548817315263,0.01863658912423949,0.011300731058071056,0.008294878442837161,0.0015273854442190427,,0.013147340963926446,0.005118552523195596,0.008984474439489798
2013-06-26,0.004687531799721922,,0.0061539958138645545,0.009932508087676206,0.009747692675811104,0.005922490984711759,0.010424491738627806,,0.01270574381879408,0.014427864858448158,0.012538481704085225
2013-06-27,-0.0005184352189856467,,0.0019108348789780294,0.012939820355848841,0.009889203074108455,0.0049071567926513016,0.004529514284120406,,0.002135833806615084,0.0035561073293921552,0.00861434850122067
2013-06-28,-0.005446233564166181,,-0.004196332843078965,-0.006131651272275329,-0.005828780333368755,-0.004232062772100198,-0.006262483986901435,,0.0023975281110439894,-0.0077117213919563055,0.003558826349075561
2013-07-01,0.005736797603093535,,0.007151839394416992,0.0030846255427081637,0.01008433528449837,0.005230458335028665,0.0073102995731670894,,-0.012490341557896634,0.0027303121034110145,0.006914957112584608
2013-07-02,-0.0031112901109284774,,0.002155363893507456,0.0010251228238713495,-0.010680084637115006,0.0016263865086938445,0.0012512563927207232,,-0.0002686575000113711,-0.0020946348246779767,0.0017609650976904145
2013-07-03,0.00025993376241428834,,-0.0006322027756527904,-0.003072371302968002,0.0004696730172062402,0.0058441616960562826,-0.001999561802139893,,-0.0037687606286141984,-0.0014688787171601714,0.004570367831219668
2013-07-05,0.006760367645951115,,0.012408077945331275,0.017976661117715675,0.015716410125352187,0.006455728150022377,0.002504660994757213,,-0.00297221480096177,0.013664022038458734,0.010848635455498634
2013-07-08,0.005681977720458642,,0.0065033328624319875,0.007568092506775592,0.00277080281092279,-0.0006413816512296222,0.009992477666820543,,0.014363412230150585,0.0055988736063044,0.00934714889558741
2013-07-09,0.015408129096737166,,0.010188923068407574,0.008512681742260497,0.014049064293282232,0.0038510470626857973,0.007420129266880293,,0.007213256690741021,0.002887325204735447,0.003944670717271448
2013-07-10,-0.00025289288321639347,,-0.00615002169179113,-0.005958409306588863,-0.00022682670744889055,0.0031967990789738554,0.0012272073531325312,,0.005570055189206613,0.006580641499862372,0.0010246770553832274
2013-07-11,0.01619011179433172,,0.008044199132684504,0.009490505707357322,0.015901760007399623,0.01688964343927557,0.01569380071329629,,0.016091148715271952,0.012869755322285625,0.014334405816766038
2013-07-12,-0.0034848510978273683,,0.005647586769112145,0.006927535860908218,-0.0060375562799840354,0.0006267791478609119,0.0002415336671202084,,0.003115174905468754,0.006050887397848648,0.004710982335244029
2013-07-15,0.0024976641559049106,,-0.000854187873819412,0.004422563033868565,0.003599579582758583,0.002818634281045229,0.0014487875078306178,,0.01630402864108249,0.001002713706887537,-0.0025119254443046746
2013-07-16,-0.007475552789130369,,-0.0061098907014754955,-0.003914213416559176,-0.005380165073099796,0.0006247657652689309,-0.0036156009361439923,,-0.005347367725860419,-0.005808428552587452,-0.005371933490460057
2013-07-17,0.009289342605654394,,0.004426501715532716,0.004420465463484513,0.0029301553424934124,0.0009365984471438882,0.0019347787625219048,,-0.0005119192785996152,0.0026190361825819686,0.000506459705274187
2013-07-18,0.0004977885603687504,,0.01064831347839168,0.013203105532088921,0.010112340637841388,-0.0024948865435268086,0.003380696572507169,,0.008709012785037107,0.0028128789056904857,0.005735434010229579
2013-07-19,0.006464415099523224,,0.01392741414032872,0.00048262901447682083,0.010233289081657437,-0.016880155284805465,0.00577483162800374,,0.00025373268937767257,0.013223706768216825,-0.000838614484632294
2013-07-22,0.000988568669863854,,-0.003225059746271075,0.006753475034616541,0.0006606464099450093,0.0028614391694530283,-0.0021532078805259758,,-0.0010159225373945757,0.00494358311996046,-0.0006716767212168184
2013-07-23,0.002961073516310142,,0.0016779489294322936,-0.0038332815970431033,-0.0006602102444173141,-0.0041216097002966245,-0.0019183846920068914,,0.002541690401762553,-0.0035417447091795617,-0.001343663838445086
2013-07-24,-0.009350424599348761,,-0.011125397372222845,-0.007215203359520195,-0.007707400466343661,0.0066856223166791295,-0.006485234361926495,,-0.015208764749470083,-0.0015795594880899655,-0.0033642725571758625
2013-07-25,0.009438680267507493,,0.006653643154635347,0.0009692876686340224,0.00044413604031845466,0.000632669220610671,0.005318665036348147,,0.009266290402278221,0.004944373592304929,0.0013504599957854246
2013-07-26,-0.0036907782834146863,,-0.002523924184761994,-0.0009683490598313416,-0.0033275178193313826,0.002844397820358502,-0.0012017989295076692,,0.0035698735683926675,0.0064947835640258855,0.00320223665354491
2013-07-29,0.005680246871635486,,-0.008313361272101583,-0.007266992657887439,-0.002670923101929956,-0.0015757311442595734,-0.0021674636785631307,,0.0017794701620419406,-0.002933107652246414,-0.005208219518426427
2013-07-30,-0.0024560077287413273,,-0.0019437691219198472,-0.0004880464177340338,0.004240367423502978,0.0050506367313982725,-0.0009651515499601304,,0.0032978215888210816,0.00019579049514928393,-0.0025333386351679144
2013-07-31,-0.003446366557717351,,0.0032863961671620867,0.0004882847233440568,0.0035554772136079382,-0.003454968946828396,-0.0002418439672332573,,-0.00733240195354079,0.0003923326259136495,0.0052488586849126495
2013-08-01,0.007411037193799874,,0.01625869764706933,0.016105096482939008,0.01705052480287539,0.010715832450735263,0.00821454009585132,,0.008405407135019027,0.006272192299515256,0.015496075444969115
2013-08-02,0.005640095696938685,,-0.004417616374921329,-0.0004803823637983262,0.001959395160232358,0.004365144067413285,0.0004793504109821267,,-0.0012631038987038767,0.00038955142801078146,0.007132155602929124
2013-08-05,-0.0026818668780002053,,-0.002398500346574073,-0.0019221672285487656,-0.003911544220064789,0.002173120947072338,0.0007186170628090682,,-0.0065757003111681644,-0.0013628533852874103,-0.0021409701597335795
2013-08-06,-0.009290980043543007,,-0.006130638067124106,-0.00914752022527543,-0.00741649697914315,-0.005266383153177068,-0.0011968777103209538,,-0.005091259106180024,-0.00467935689270349,-0.004125944191765818
2013-08-07,0.0004930660757824779,,-0.0035072696524850455,-0.006802697993494089,-0.0015391263650710307,-0.002491361310270057,-0.004792158339950725,,0.004605877673192316,0.0007833448383276487,-0.008783533125928167
2013-08-08,0.014800442835350314,,0.005461718248034542,0.0024462742935595916,0.004622911419563502,0.0031218747881582853,0.005296892297532274,,0.0038204988538281803,0.0,0.006687601789287401
2013-08-09,0.005833737929675564,,-0.003017846549501879,-0.003416397474520938,-0.0032864788207854767,-0.004979760968965685,-0.00431138210897819,,-0.006850636614244787,-0.003523211301910689,-0.00215903183634647
2013-08-12,-0.0014501246487588215,,-0.004237625939620071,-0.003918047149788273,0.001318335064197873,0.006568935382118335,-0.0028865931895931674,,-0.005365938867728959,-0.004124792584887849,-0.0013315097481497729
2013-08-13,0.003630099095345063,,0.0018238435851740675,0.004916750197239361,0.004391264653228921,0.006836374017270996,0.0007238825965656392,,-0.005394143976683141,0.0037475932399086975,0.0
2013-08-14,-0.0021699912479833383,,-0.004612507140198674,-0.003914213416559176,-0.0069949063933144595,-0.0009259155627461269,-0.006991567452482528,,-0.006456451787012374,-0.007860106303552161,-0.011000042399992638
2013-08-15,-0.007250384932430354,,-0.005486803355609249,-0.014734446796376477,-0.011225832499257571,-0.01606419231971412,-0.016023541594641144,,-0.012737307931200426,-0.016835074427414387,-0.017526080893250473
2013-08-16,-0.0077896219351681895,,-0.004046029664582007,-0.0019942545963043123,0.0013357054504392618,-0.0009421857373771436,-0.005920932041376892,,-0.011584992226320812,-0.004632930245646261,-0.003601852208275691
2013-08-19,-0.007850716032020033,,-0.01588096870632194,-0.012986663898491235,-0.005335588136960334,-0.0031427602446419955,-0.004467945211153124,,-0.008524047490703013,0.0018212164304654,-0.004303889431824248
2013-08-20,0.005687820583826442,,0.006129419906599098,0.009614925997885493,0.0017880697829084635,0.0015765811540227048,0.0002494887547377367,,0.009403093219571224,0.002828127130506397,0.0102006412733322
2013-08-21,-0.007622764479181865,,-0.005470500389038402,-0.007017298616480261,-0.006916256094307904,-0.002203570142966682,-0.007726956475138103,,-0.011445310284977639,-0.006043384151403486,-0.008557541065187801
2013-08-22,0.011892966962351759,,0.014876703721046436,0.011610307299440459,0.013704359345283912,0.004416802562308808,0.004270247434402297,,0.005654431997762943,0.006485756003574261,0.01001187533568948
2013-08-23,0.008080481862545064,,0.007145054942072848,0.000998085426617168,0.00022166627700337393,0.0072238406355502605,0.005752819721124958,,0.008299654614400964,0.002617224552970532,0.00017128161221457994
2013-08-26,0.0,,-0.001712407198456889,-0.006480456697715353,-0.0022162779128026555,-0.004677702872860623,-0.011688696477436089,,-0.0074347588021009825,0.0014062051192957892,-0.002050506840447386
2013-08-27,-0.017488285183716257,,-0.0062489372810650146,-0.024084316514823678,-0.020208330734237445,-0.017543687407901798,-0.005284410900362579,,-0.0005347720710212611,-0.016245093147822187,-0.016267213263272295
2013-08-28,-0.0019778721138560273,,0.01664411304438307,0.0015422745565127904,0.0009069794320049063,0.000637700293139476,-0.007589069926264069,,0.0034793504024597244,0.0042812045169864366,0.0053959549600843815
2013-08-29,0.0032201980081929538,,-0.010429145923149363,0.0025666774088510813,0.0029435442307967907,0.005417640072332253,0.004078705595685905,,-0.005868244194005334,0.003045239336183281,0.004847699401875127
2013-08-30,-0.0017285930547897843,,-0.0003674497696164458,-0.004608480837830831,-0.0056446405673455935,-0.004754658486889829,0.003046212625356093,,0.0008046809895378981,-0.003845624074406362,-0.006202546530873598
2013-09-03,0.005936614564398424,,0.007355297602686717,0.00823036141556388,0.0063578810522932905,0.0009554033649274984,-0.0007594264827446295,,-0.011527850066167189,0.006501282071209813,0.00710838416920323
2013-09-04,0.009343343615547672,,0.00535510664637906,0.007653119268977715,0.010153627211660243,0.009545056846083089,0.006332347699366636,,0.0,0.011505939094754059,0.010500791936907339
2013-09-05,0.0017050723846496751,,0.003389353679875029,0.002531965700027561,0.002456747115384239,0.0006304053324277525,-0.0015099714792888852,,-0.004067917963340495,0.0013969435654095363,0.00034077825280420804
2013-09-06,-0.0012161783557185224,,-0.00012084774136900123,0.0,-0.00044581029792922777,0.0006298671674018763,0.0025207394915203185,,0.0070802995198451235,0.00039874366282388607,-0.0011922049409153201
2013-09-09,0.01509657355430205,,0.011220928249406681,0.011615945025603258,0.012483653288961394,0.011961140789143787,0.0070404985848129265,,0.0035152606615485027,0.0061748376068762045,0.00886613459835739
2013-09-10,0.008875192735214421,,0.00035856362522057594,0.0119821901026127,0.014530908692655942,0.006220722652660049,0.0009988491767123353,,0.007814902133544965,0.0063358950856133855,0.009633209296821876
2013-09-11,0.006181263367796674,,0.007633405042249963,0.0009865403104978299,0.004123499288211097,-0.004636802166844034,0.00723357992698892,,-0.009893252954570997,0.00668863307277201,0.007365056863260611
2013-09-12,-0.010396919593481213,,-0.005918956451094637,-0.007392712511453237,-0.0041065658667823746,0.0009314579969725845,0.00024735698891764635,,-0.002700774494045488,-0.0015635660312665056,-0.0023262705857398647
2013-09-13,0.006685593444430982,,-0.00035710913126796306,0.002979315370097657,0.0028212099974305183,0.0009311468086605768,0.008170561150959266,,0.007581957865401279,0.0023490218977457733,0.0028314904803450336
2013-09-16,0.01114814307159806,,-0.00023827928679487353,0.010891019670171476,0.01298438563257509,-0.0015499819210408328,0.00908662715905928,,0.002687399165161475,0.008982702482236204,0.004484509180901375
2013-09-17,-0.002814861850623962,,0.004527875113936819,0.004896830946311548,0.004272548223748007,0.004967322223660808,0.003407129857393887,,0.005897021713493489,0.0005801864027090708,0.005786826942381529
2013-09-18,0.02305348986807254,,0.012098246265975554,0.00877185102544975,0.01254995078971377,0.012666137424174995,0.011884495024252484,,0.02984272858205217,0.006189968913068444,0.011507499379201036
2013-09-19,-0.0034493099169360386,,-0.00246136171970468,-0.0038642610183396986,0.003361877551316894,0.0006100757138514101,-0.004553638321122766,,-0.004657195552859927,-0.003268038725627309,-0.00032503295472996463
2013-09-20,-0.011686834341859353,,-0.008108107913814222,-0.0053069088510359075,-0.012221373711198025,-0.007107273054602126,-0.007003109917582129,,-0.01509004374181977,-0.0018784489376184599,-0.006032984655119478
2013-09-23,-0.007508433418727534,,-0.004878888445172924,-0.01419503132591382,-0.003193702932600906,0.003085255732831582,-0.004392540624694519,,0.011990361140941097,-0.006984862955984106,-0.007709706186125209
2013-09-24,-0.00047274754237391914,,0.0009566438239883013,-0.006455092593034895,0.0036314466576263804,-0.004306223439850654,-0.0046569508503742085,,-0.0005266144098491354,-0.005080137541735086,0.0026448599142858686
2013-09-25,0.0026018054129899326,,-0.00023851400101926323,0.005497528065941948,-0.0044697271742015765,-0.0015447062601272599,-0.008371985279105432,,-0.006849367835486508,-0.007855517377810095,-0.00610055311971569
2013-09-26,0.006605222698698343,,0.0017923385115883317,0.0,0.004489795334414293,0.0037127272947832246,0.005214619596928705,,-0.0013260099094828393,0.0035628515247527748,0.009455937719354157
2013-09-27,-0.01195202449480326,,-0.0034591915292199182,-0.003479098693097038,-0.006385498937428791,-0.006164875447884688,-0.006176292508457082,,-0.006374608421534811,0.0,0.00016421291298662766
2013-09-30,-0.0035580778001360613,,-0.007660185102428607,-0.006982637861125296,-0.005784353004645526,-0.006203876949784304,-0.01068851374832458,,-0.0010690464196370097,-0.002169655378551849,-0.003779166211296703
2013-10-01,0.00428456579999037,,0.006392848237955828,0.007031737940699667,0.006248893560265811,0.008739271977866503,0.006030565396470289,,0.00294350339355276,0.012651057157561318,0.008081793885325483
2013-10-02,0.0026073560418982122,,0.002276571916444592,-0.0004986437952227973,-0.004711245469572467,0.00030933650352693576,-0.0022474661831436427,,0.001067432121215628,-0.0023425586444876245,-0.0003269031119593757
2013-10-03,-0.008510383628367535,,-0.008728510017958047,-0.007485087900259368,-0.010972412513763685,-0.008660604039424036,-0.005006343572517169,,-0.011727704874538891,-0.00880453573976625,-0.011293249412515194
2013-10-04,0.014544083554637544,,0.010132363019938806,0.008044191948988866,0.006526210527836973,0.004056363997920753,0.0015094198347178622,,0.0018885060775659657,0.011053835593295203,0.009435807632478532
2013-10-07,-0.01222083565426213,,-0.008239604537386702,-0.01147124438213365,-0.006915982786327213,-0.0043509354975127534,-0.0032660814358903556,,-0.004845417266646002,-0.011128189969634938,-0.014103231406293437
2013-10-08,-0.01594099991560549,,-0.010716334265317262,-0.012613520149828972,-0.011316881416973401,-0.015917371172479378,0.0,,0.0070324710766838106,-0.01441259876586054,-0.015801570797432163
2013-10-09,0.001451187366390272,,-0.003530073308125048,0.003576724415925936,-0.00044018214956176305,0.003805892690189161,0.0007562426687088841,,0.004029172999150399,-0.0018029774081452787,-0.004563349470724676
2013-10-10,0.021245421418970345,,0.018566232022437124,0.028513324277128493,0.025765258544073077,0.01674583847402844,0.018635205082885964,,0.014981421065125566,0.02327907783475558,0.023260047424245256
2013-10-11,0.005909924195697025,,0.010792356641747158,0.005445450567107546,0.004723178791366411,0.008390219629758056,0.0029664014777019965,,0.004743920416155456,0.004707078833463552,0.008627590682409148
2013-10-14,0.003525582524769977,,0.006762798394352121,0.004923843623620083,0.003846178199346184,0.0033898931071554284,0.004190513345908808,,-0.005508692914776403,0.007222022350567903,0.004112701813172803
2013-10-15,-0.006089295418953644,,-0.003653181922387505,-0.007349105700045988,-0.01000451805129865,-0.006143042133149312,-0.009081770505931286,,-0.013980442838558593,-0.006395347099179549,-0.009502047784347711
2013-10-16,0.01013227948717721,,0.015020738990562998,0.021224106170228962,0.006665625333980074,0.009579990889704959,0.01486231789992365,,0.009095988798564658,0.020479898325775903,0.0124048657932474
2013-10-17,0.01306310590114279,,0.0020973255284708614,0.008699162059850662,0.00768845682067254,0.000306363482509342,0.011227366197555044,,0.01617183678728029,0.008409455341536809,0.007351650526771669
2013-10-18,0.0029930182863870947,,0.010930209498987375,0.0019168459090590506,0.010810227629592939,0.01713576320890975,0.001448726431175329,,0.0026085040988585995,-0.00397984499681614,0.0061628237425281895
2013-10-21,-0.00022987436425547791,,-0.004485583584050379,-0.0019131786404088524,0.0025159322834982234,0.00541501898406449,-0.0021690492902919356,,-0.0020816425862502097,-0.005138228258129707,0.002579206855096494
2013-10-22,0.014466376214102405,,0.005545788363471749,0.0019168459090590506,0.006693415001226999,-0.0002991548874428096,0.0125598194385943,,0.012777049770573035,0.009372756089555567,0.00675205530445977
2013-10-23,-0.006564142951311358,,-0.01562696617826942,-0.008130283379450876,0.00041548867088336827,-0.004789044027467049,0.0019084435234160146,,0.0007724310043943916,-0.001895163069060457,-0.006387417493078473
2013-10-24,0.005012505554142788,,0.004785776546687437,0.001446806256400146,0.007476583377786561,0.00240614516370119,-0.001904808304344141,,-0.002058152413034864,0.0,0.009964371877169587
2013-10-25,0.0029473242124480326,,0.006040955290888217,0.004333435184684875,0.005153614806531204,0.005100367514393023,0.00238553855604251,,0.01056957284586546,0.0013290886982997296,0.0074795431179750516
2013-10-28,-0.004973070850179506,,0.0008081358247735704,-0.002397541753080268,-0.0014355194463139265,0.003283443854287027,0.013089332041340773,,-0.0020408996166145776,0.0034130570059134335,-0.0018956527197546702
2013-10-29,0.0020445756499678502,,0.007038175967681637,0.00288323875637575,0.002875558897864172,0.0065459265058989136,0.008691736772997505,,0.0012783174580699441,0.006613695391258778,0.0058556823703121985
2013-10-30,-0.006120989221617856,,-0.006759948989311981,-0.003832769473045783,-0.0045056389492675875,-0.0020692316825025037,-0.008616841455253765,,-0.0063826952833930806,-0.005443904616894479,-0.004877356458689697
2013-10-31,-0.0015969410353863234,,-0.003460135649795748,-0.01058211157490474,0.00020579127926767526,-0.0032581564932609997,-0.005168036082615068,,-0.0035963119735628046,-0.003963758510531656,0.0025294480211044412
2013-11-01,-0.0022844649211730683,,-0.0035886236843100106,0.002430839418830155,0.00719865694013877,0.0002971100880262423,0.0037779430174222917,,0.007219619277681888,0.006632494973543901,0.0023658293953106035
2013-11-04,0.00412181167379666,,0.012430114261894998,0.0004847878860905208,0.0036751569249551252,0.003861813368630118,0.0009408215729074243,,0.002048214517586633,0.0007530704913754072,0.0034612783490550747
2013-11-05,-0.004332574912686127,,-0.009064521174638296,-0.0053320924872467534,-0.0010168740608720306,-0.0026628469592479,0.001880436608039382,,-0.007153804676226616,-0.003386003323748943,0.0
2013-11-06,0.006870882470996209,,0.003010190425577486,0.0048735255957872425,0.0028511579702130696,0.010088537377905826,0.010790548900448726,,0.01363866724775753,-0.002264916634551417,-0.002508635410137239
2013-11-07,-0.01319376498067637,,-0.015469596942871089,-0.01115464539679889,-0.010560351082461228,-0.01292621091607793,-0.014620673952304153,,-0.00939333806110676,-0.008891613677862953,-0.020748292033728855
2013-11-08,0.01867220503608147,,0.014892520913759588,0.02305106147690461,0.013546752724011846,0.008928692188455267,0.0049459742469617485,,-0.001793584112298241,0.014697576813642366,0.01589076988570759
2013-11-11,-0.00045286124149479523,,0.0018483849977994904,0.0004787843179927531,-0.0008102325273466882,0.0011803992868317792,-0.003046546621262247,,-0.00025689700366082757,0.0024455933947082897,0.0015799321252933929
2013-11-12,-0.0031692434657193402,,-0.009226068028957868,-0.009582597704013596,0.00040549320266114464,0.0026514707730760367,0.0016454323229750933,,-0.008474331051271045,-0.0005630448384208453,-0.001735280955384999
2013-11-13,0.005451073823992791,,0.00872997332435288,0.008708225240457335,0.0058755253128637275,0.008522336733766567,0.008448455874974448,,0.004920832057029978,0.005632830482177775,0.015802514077381424
2013-11-14,0.008357415867021656,,0.006000523764882804,0.008632762654491755,0.003826206457853365,-0.0026228265356723623,0.00721427088943094,,0.008762724183419168,0.008401788227285545,0.007001292229559253
2013-11-15,0.006496282625936267,,0.005505783080880011,0.004755549102887668,0.003410964280915918,0.002044921368602015,0.0011556261420182512,,0.005876360484656784,0.005739646173865021,0.0033983755385964542
2013-11-18,-0.006231488189840428,,-0.007643307499192176,-0.0004735073114729982,0.001599860542622178,-0.0037900815558891132,-0.003000264332364666,,-0.0012698356750926454,-0.0044183461746046815,-0.007852148851525853
2013-11-19,-0.0031356112013520843,,0.0017246262498744613,0.0014204236732604514,-0.007187300336865321,-0.0035119773945221366,-0.0037039771018143597,,-0.00737567995825672,0.0011095534740901414,-0.004345148889211448
2013-11-20,-0.008087826815396104,,-0.0024101520938010212,-0.002837307935458888,-0.004423235059724195,-0.0032300807055671843,-0.00418224217847063,,-0.011017174695361787,0.0029552709310609604,-0.00514316030526929
2013-11-21,0.00815377312028498,,0.009548359612488344,0.014225361180581375,0.008078924161619039,0.00854421147181017,0.0018670217017091595,,0.002331552742077525,0.004051707106692781,0.01033991154062841
2013-11-22,0.005167651338124468,,0.005355154923946781,0.004674818021921601,0.008815615198401128,-0.002044921368601793,0.005123380160984459,,-0.0007754258191156049,0.013389545572861872,0.005582287737958325
2013-11-25,-0.006258715734559384,,-0.009066986139743993,0.0013957612597115254,-0.002184810931648573,0.0,-0.0016219801679168144,,-0.0038798412080280897,0.003981700910411279,0.0009248436263171733
2013-11-26,-0.002474231445581454,,-0.0025166190278106404,-0.0009288894527974545,0.0019904801715906473,0.003513135456439498,-0.0009285277826910354,,-0.009867670914738502,-0.002884412979108464,0.005854256113275058
2013-11-27,0.0006767859327643233,,-0.006765583733265301,0.0027904989426985605,0.003973336895654933,0.007875972441959478,0.0006969813319375184,,-0.002098095968321667,-0.0003614572787837833,0.0038292415864888962
2013-11-29,-0.0009015129941684075,,-0.002077745279314036,-0.0037103116362334765,-0.002770205439487028,0.0040518339703614625,-0.0016251159464247822,,-0.000525720995791068,-0.0005427624070244441,0.0009153754296922223
2013-12-02,-0.0024807062023961546,,0.0006939298123254112,-0.000465998707611881,-0.004166803777292616,-0.0031704246279400383,-0.0053475463345067364,,-0.004206924726866901,0.00036178434032940743,-0.004725684084286419
2013-12-03,-0.01175675341410165,,0.0024280559392204637,-0.01024675100577821,-0.008567504619051314,0.0023134716756583185,0.004908916536740637,,0.005017443666470056,-0.008682812630932402,-0.009495975091446951
2013-12-04,0.004803836154829932,,-0.00322907463890576,0.002353122674619179,-0.004018881375331351,0.000865035279158155,-0.0023259160593231964,,0.004466811984699781,-0.003467379169725837,-0.002319530758968291
2013-12-05,-0.005691825315005783,,-0.003355462065604331,-0.009389490224932295,0.0004031143962470729,-0.0031704246279400383,-0.009093069213685134,,-0.00810914102261795,-0.0018309663129932874,0.001085195956669116
2013-12-06,0.013739746728047342,,0.0031346907282394643,0.013744008180860412,0.015328755297781882,0.006940350606400303,0.013646996766564445,,0.013713182256713363,0.013025070250330284,0.008360229637641492
2013-12-09,0.005195443932237698,,0.0013886229906907577,0.004207620041291271,0.0025826832238668995,0.003158458538650155,0.003482232692792797,,-0.005983592557205597,0.001992228657567985,-0.0007673111414281397
2013-12-10,0.002921051459456203,,-0.0030046987220422317,-0.0037244739901718393,-0.0021796158379735475,-0.0020032404140409854,-0.008559405375174522,,-0.009944994809826024,-0.003976366185241442,0.0006146310146903922
2013-12-11,-0.017028844791372455,,-0.01414154322343053,-0.013551336524349589,-0.01568696974928352,-0.009179749555937144,0.0016332099709326364,,-0.008194281161762795,-0.01723852765128031,-0.009214207178604106
2013-12-12,-0.0020519014308959527,,0.004232555131678639,0.0,0.001008739938031189,-0.0066588055633289844,-0.013743243298452557,,0.0013322942940665605,-0.007200281703998446,-0.0030996254448915073
2013-12-13,0.004797053925085448,,-0.0032781521513872702,0.0009474910530906655,0.0030228812547938855,-0.0032063809734298454,-0.0016535820330083606,,-0.0015970838567468393,0.0007435320405977386,0.002487642777859733
2013-12-16,0.0040914930380713255,,0.008692621635385978,0.006152091221179878,0.00944320669918941,0.009941700335660775,-0.0002361322889028461,,0.005331975841849079,0.0018581874042500335,0.006513508728164474
2013-12-17,0.006565853187153969,,-0.005706601171125758,-0.006585086479929059,-0.0003976584197890043,-0.0002897768743865825,-0.00473262769530125,,-0.0018564230816866534,-0.004822534560601666,-0.002619105775810371
2013-12-18,0.012145825829643186,,0.015108855598534143,0.02320072072830026,0.016726094885543885,0.007819275973611095,0.016642867103030312,,0.013283826019766742,0.024790268427138606,0.014830701282796843
2013-12-19,0.001555666227226471,,0.0028848024972527586,-0.0013885586603509248,0.0009793036684759837,0.0017245834859787035,-0.0018708905305929724,,-0.0073414474816746456,-0.0021826960738762224,-0.0006089905339448087
2013-12-20,0.0031701798663152925,,0.0017682698914947004,0.006099284307916841,0.008043062915512822,0.007811966808199289,0.00453276145037651,,0.009904408388652364,0.005033747185888338,0.004159797118737263
2013-12-23,0.004896660773803907,,0.0010384955455073897,0.004627735203195815,0.0039013608332501004,0.013157942292690405,-0.0009401597726160782,,-0.003965186384906172,0.0038244362409141086,0.0044170420722307036
2013-12-24,0.010852957100654592,,0.005532431162907914,0.0018421327030690993,0.004664086093523645,0.0028231159429539243,0.001411814922950727,,0.003980971679608869,-0.0018146922763462303,0.0021223582309914946
2013-12-26,0.005477336964167634,,0.007107098425554126,0.002299041705696725,0.006963236173324283,0.002534019764530271,0.003993428914264241,,-0.004493687938279312,0.007452013217940312,0.0074142774479848406
2013-12-27,0.0030507057791617775,,0.004893883625321616,-0.0004586995634140445,-0.0011521030928117737,-0.0008423722452414184,0.0023393947008274463,,0.0039826331793950676,-0.0009021459685951694,-0.00465641717815124
2013-12-30,0.0006518176380752028,,-0.007135603381993816,-0.0018359108049276207,-0.0009619401287145335,-0.001967400023363597,0.0025679992193743395,,0.0023804909727931367,0.001625530768831318,0.004527359331545577
2013-12-31,0.003473637581377753,,0.009696607795269374,0.00505743098199396,0.0059674097339113,0.006477039489303005,0.000698368532998872,,0.0018469379720447154,-0.0005412160030079383,0.0039052556846024267
2014-01-02,-0.00800505302490584,,-0.014235733973223086,-0.0054892204799923405,-0.013968688423379172,-0.009793210274913089,-0.012331565527285093,,-0.015275191166819857,-0.00559142338293106,-0.004638279215052887
2014-01-03,-0.002399203264183969,,-0.0036676205500431047,0.006899550447268199,0.002716966255522868,-0.004803722965160628,-0.0018843764503266858,,-0.003209691255560143,0.002357988506188624,-0.0027061924038095375
2014-01-06,-0.0054654704652375985,,0.0013806820975461598,0.0009140313644182552,-0.005806479103734219,-0.0017032117761726084,-0.0037761170431952484,,0.0016103177243562694,-0.004161778558639417,-0.006180219087997707
2014-01-07,-0.0017586347961043858,,0.007581505466988325,0.00045626200941728534,0.006229738284897257,0.009100849326439286,0.00544871210100939,,0.008840114538801291,0.01053941620183263,0.0060670987718765
2014-01-08,0.005945701388557767,,-0.006954618786470412,0.003193251558285093,-0.0017412145116111333,0.0,-0.007539964652628739,,-0.005311207007590468,0.0088111903800423,-0.0027136804706431317
2014-01-09,-0.003940657257914371,,-0.0030998274749095556,0.0036381585759681645,0.00484486694033559,-0.006482518798061165,0.0052232916806222995,,0.005873288453137171,0.0074868752525185656,-0.00015111509436593895
2014-01-10,0.0030773909168320124,,0.0008062380918070211,-0.0018125519573629623,0.0015430621175820391,0.0019859448182781847,0.001416922478263194,,0.014330865656378089,0.003892000486932501,0.0030236854922214285
2014-01-13,-0.013584757075966292,,-0.019907882301043567,-0.014979519498288574,-0.012131621819539085,-0.010758767265928282,-0.005660354824796432,,-0.010203666601500738,-0.008106940864587187,-0.020048074457525544
2014-01-14,0.013993738446393955,,0.013032141259843755,0.008294912973163981,0.010526431903044697,0.016886280518830565,0.005218211066178258,,0.0013214788415290002,0.012615721938474156,0.008613938761114603
2014-01-15,0.0061335953478189875,,-0.0028971960909389693,0.01188298770491758,0.007137153495215598,0.012101832859706008,0.0002362316790540664,,-0.0018479882337436582,-0.000877696199816369,0.002440364001208728
2014-01-16,0.002395130509880161,,0.001395267057384686,-0.0063233757012974845,-0.002489582489893838,-0.00027758536119748545,0.00023561593346066445,,0.006876557111864079,0.0024589724328889506,-0.005324821789835399
2014-01-17,-0.0023894075669161907,,-0.0016253441083455833,-0.003181841110791117,-0.0049928702630759325,-0.005563361236054609,-0.007783011209989366,,-0.0002621378661873397,-0.0010510855467661395,-0.004435958473958612
2014-01-21,0.006096097552846125,,0.008254564201781944,0.0009121625072647799,0.0009650065818844755,0.005035123650503293,0.00380310730762079,,0.011035037077488985,0.005787134836363617,-0.0009217254495915705
2014-01-22,-0.009737913621040928,,0.004612860079513892,0.0004556320410711301,0.003084475576353496,-0.0011135506384823968,0.0,,0.0010394430295650459,0.0008720246410478527,0.0026142790119185744
2014-01-23,-0.014860248544813937,,-0.011363748656393446,-0.016393873902435963,-0.011916103611425921,-0.0019501602918855498,-0.008761501852193598,,-0.0028557947727887445,-0.006968578099452061,-0.007055198058549594
2014-01-24,-0.02684115263437714,,-0.020898300157461747,-0.022684808272428136,-0.03112185642999299,-0.01926314245594829,-0.009077669490017093,,-0.011195191117937209,-0.02350874161169203,-0.019153347573251045
2014-01-27,-0.004103019575693145,,-0.0035575852159743793,-0.0061582822854279184,0.0010034698998171443,-0.009393903273419157,-0.004098494594831914,,0.002369686299453333,-0.008084925337720095,-0.003937260071059656
2014-01-28,0.005722141052484364,,0.007616034682250472,0.013345998448378138,0.009426842591413687,-0.0060341754641835,0.0077460856503361875,,0.003677381458805362,0.013403311409324159,0.006956484537503416
2014-01-29,0.004096372093807643,,-0.005550777610806468,-0.011759315885145338,-0.010729584740448495,-0.007805424999803079,-0.017534881319413054,,-0.0005230229971986411,-0.00911533508108564,-0.01601507232985877
2014-01-30,0.0047600272633003815,,0.0032067348921069883,0.01427869858550701,0.009841129006455729,0.012237648301539172,0.0014667444425113807,,0.015449174260844245,0.018218098427356777,0.016754527923642515
2014-01-31,-0.006542020305734253,,-0.012904292215078716,-0.011731106582702377,-0.004971964780584148,0.0023027511584743365,-0.004882631405435434,,0.00825136126759718,-0.008680076224555688,-0.014124170524080215
2014-02-03,-0.023388043112457235,,-0.017870047821521018,-0.02516628922726305,-0.027783229880671056,-0.020965092641689553,-0.021590477478416026,,-0.007928455990474426,-0.019657069005547534,-0.026265462284961072
2014-02-04,0.008835331987508743,,0.01025819771106562,0.009741644204503519,0.006373104458963663,0.003813645343728078,0.005266034678135911,,-0.005929692295744138,0.009843338675561197,0.012260910316167717
2014-02-05,0.001152273473203902,,-0.009791360070632638,-0.0009644674164857037,-0.0004088869822391761,0.0008765889470243593,0.0007486505705038837,,-0.004408470442833212,-0.005596047029751694,0.0012918602972136206
2014-02-06,0.014963100103119409,,0.014892917101921643,0.015451286443687096,0.013897639643332793,0.011094878775911088,0.010717809938073586,,0.007293679075017323,0.0056275390026723215,0.021128905582677326
2014-02-07,0.013835544123244281,,0.01082515382182625,0.012362999219375892,0.017335196724878488,0.013572341428613965,0.009370929092312519,,0.005430558192338619,0.01714778313450216,0.012320567693339113
2014-02-10,0.004921746145004846,,-0.00487891939052143,0.0009393756578484069,-0.006340262314549983,0.0019941148507842676,0.003909033349824842,,0.007458579518794695,0.008340828298344372,-0.0006242989617291084
2014-02-11,0.011576015895599756,,0.013033909056309856,0.010324057088379135,0.01116644568552938,0.01222614767937924,0.011682142963278075,,0.009446351686405174,0.013551637968870045,0.007337941821483174
2014-02-12,-0.0017609993523797218,,-0.0023606625512746504,0.0,0.005718820635429056,0.003932777090202011,-0.004330391864459049,,0.0012646154122089026,0.0,0.0009301397584866589
2014-02-13,0.008598363926897834,,0.004732281739079358,0.003715752911261916,0.0007847161609106923,0.007274727601646047,0.005073278925584734,,0.010861225492345694,0.007119297172093253,0.0030967936676382646
2014-02-14,0.008087076311125818,,0.013071081174393262,0.0013879932040710141,0.006464732743748147,0.0019440776567030138,0.0057696540768856774,,0.006496674117373313,0.0036204458394288874,0.006020155323481546
2014-02-18,0.0006506515130582091,,0.004533578480512501,0.0018486373042259086,-0.0007779535877184829,0.00055452226643804,-0.0057365561324090875,,0.0034756182758139964,0.00927693385348305,0.0012278394299116702
2014-02-19,-0.0069339389032466725,,0.001272725627307958,-0.013837564627781518,-0.009351604833552352,-0.003324675426780055,-0.002163477631955346,,-0.005690357951945613,-0.006127643538225258,-0.00812259015364436
2014-02-20,0.010473743940066393,,0.006587242160479789,0.0028065389310254485,0.00943988288799602,0.003335765765249299,0.004336146223438364,,0.007713499361472698,0.00907676431250648,0.005407649322963115
2014-02-21,-0.002591400697609436,,-0.007921703984921868,0.0018656062361015469,0.0011686726796567015,-0.003879013213631599,-0.002158617725514733,,0.0012344293726949118,-0.0018669708599269308,0.0019980445500749067
2014-02-24,-0.003463966901795179,,0.015044203952094382,0.007448391698211099,0.007588754308353707,0.003894118550946235,0.0036061764449302203,,-0.002465954783413604,0.007481930995352215,0.00414116896808836
2014-02-25,0.0036932449174589266,,-0.00045578901820808593,-0.006006777247104855,-0.0032831529803268866,-0.0027704604848677317,0.0038323201683478914,,-0.0012358851161926587,-0.002531710811260801,0.007026034904926259
2014-02-26,0.00757585351028256,,-0.006273587326025898,-0.0013949250872676844,0.0009689332327054156,0.0008336627538207964,-0.0009544538547330284,,-0.0032178532576621066,0.0,0.005612174284028493
2014-02-27,0.007948303038872284,,0.0010329921434419909,0.00512100085833711,0.005807327510940263,0.00805083747012203,0.004537908372069799,,-0.0024832408363926195,0.00575281039773512,0.004072461213546541
2014-02-28,0.003410385043807862,,0.00504555171275145,0.005094909820772209,0.0019243550111478491,0.0011016526560301276,0.006895127667181811,,0.006970199876235039,0.0,0.004055614671616858
2014-03-03,-0.002336521909591771,,-0.006389354492797428,-0.007834167483702248,-0.00672299150377631,-0.010729613603040367,-0.005431073474932324,,-0.009888413382427519,-0.007402473996890313,-0.009425641491924708
2014-03-04,0.015754562596311583,,0.010908421856635098,0.020436641011940093,0.014504327351622992,0.013070430057581461,0.013532920206264176,,0.007240827988244991,0.01898319795172032,0.012536348347364168
2014-03-05,0.0023052604676594424,,-0.009313745575142751,0.01046905967700762,0.0013340372297638847,0.0013723931740325934,-0.003279705359677587,,-0.00669315773507273,-0.0024948422891097888,0.004176421119621798
2014-03-06,0.0037644118258179926,,0.007222652721277534,0.003152909645070201,0.00571096576579877,0.0013703907606785748,-0.0002349159769391429,,-0.004991341521526249,-0.006170112084496027,0.0025252195119824794
2014-03-07,-0.004374649136786202,,0.0019352930426896897,0.004490453864480992,0.003217899984968131,-0.0030105274706764273,0.002820956056174273,,0.003009756843066702,-0.002516453645249217,-0.0014812771422042514
2014-03-10,-0.0008373552672534812,,0.001590676078660369,0.0004470116300763216,-0.004339606728467449,-0.0016474572875075921,0.0009372407866168331,,-0.002500557200556419,0.00420532280090713,-0.00267144975464062
2014-03-11,-0.010261297560986704,,-0.011342886118157702,-0.006702376058099535,-0.007200881887027721,-0.0022005190186320522,-0.00046842865594998173,,-0.002757643343514249,-0.0020101486031538496,-0.005802494342263431
2014-03-12,-0.000423476025324776,,0.00011435322919539637,-0.001799439828056748,-0.001909105068763406,0.0016538762342359625,0.0021091640061632333,,0.01256907378464689,-0.0001681427863540197,-0.0014970468938176884
2014-03-13,-0.0071974981521194525,,-0.009980699187259856,-0.011266407512904308,-0.014151653334601666,-0.013483602127383865,-0.0049095856919657566,,0.010426854827441767,-0.013597239994017074,-0.012139955302137184
2014-03-14,0.0,,0.0009270338772713327,-0.006380951082263553,-0.0038798744381861594,-0.006136865683408654,0.00046928750902663907,,0.004668464512114445,-0.005446228270048259,-0.0009105235556947644
2014-03-17,0.008102299667620994,,0.005325648240228409,0.010550360378309254,0.012269022253745376,0.01178752651078252,0.00587161118482582,,0.006603131216602609,0.00975373736871643,0.006682216281587827
2014-03-18,0.0057107473127595565,,0.008406264796259055,0.004993217765520752,0.005386614782346921,0.013037797061239642,0.002100852496472072,,-0.0014577138916529453,0.010676387352106742,0.0043746008416167825
2014-03-19,-0.008832714160200816,,-0.007537109709126799,-0.0004514557283822329,-0.010332974972850018,-0.004107457333437203,-0.007688533318913504,,-0.015815172734617078,-0.0030182178028017592,-0.006608620326706061
2014-03-20,0.013367346252656676,,0.0039122404721672055,0.015815079810961086,0.0029002491378737894,0.007698848052660523,0.0035222880704042225,,0.00222498593210263,0.0,0.0025701392885342234
2014-03-21,-0.004204719085157516,,0.002729765323565392,0.00013426684630979402,9.671932629085056e-05,-0.005014844270492591,-0.0005645623201148142,,0.007585957260381582,-0.018141973774719045,-0.006383883498863874
2014-03-24,-0.007810601924398197,,-0.0020671998288086524,-0.00044653465314081764,-0.003291347455006144,-0.0008261195789549536,-0.000941139425147397,,0.0027156394763587777,-0.011172189197139248,-0.010049143545019401
2014-03-25,0.005532220366381679,,0.008977486738411367,-0.0008933371098938103,0.009129954094550197,0.006063705902111138,0.007301242277864883,,0.0041852224642191516,0.008865151432191576,-0.00599818639966232
2014-03-26,-0.014388481077287074,,-0.004677192506251204,-0.010281315415520909,-0.010202354644721745,-0.012054499382304962,-0.0023383321807222135,,-0.0041677793803306384,0.00034433791923027535,-0.008045662233060913
2014-03-27,-0.0027911027488186635,,0.008137463072505735,-0.0054202803029301805,-0.001361100696037898,-0.0036051593357027123,-0.0007032729805485083,,0.008124161669030405,-0.0022391039940475865,-0.004835356127270596
2014-03-28,0.006889242404965357,,0.012505856558203243,0.004087364890605016,0.007400180682466173,0.003896181922325326,0.0025800516010319186,,0.0014648981266163208,-0.003797393037106356,0.007523586506296365
2014-03-31,0.010904238971895408,,0.0,0.010402480316620943,0.011598596167513575,0.007763039107332226,0.007250914581747869,,0.010972963139086911,0.013515536222675761,0.006844934368986921
2014-04-01,0.005499457449173795,,0.005950965652545603,0.0017904099098793314,0.007070327524135056,0.011829593998929244,-0.0016254991170178146,,-0.0069945932888382245,0.006325843437199108,0.013906357242945644
2014-04-02,0.007362236413631873,,0.003572056036936333,0.0022342094183740446,0.007021048321063095,0.0005432883099574237,0.001163458219483493,,-0.001457070406300942,0.004417421287467249,0.006705088964503725
2014-04-03,0.0012524797110862185,,0.006450900340038146,-0.0017834223615227351,0.0015073839599393235,-0.004891378246331235,0.0011618013188052778,,0.003162425144578318,-0.0021989575138149364,-0.00484432764958298
2014-04-04,-0.0127215985436262,,-0.0036468674875029805,-0.009825658921373326,-0.011476859522316585,-0.019114998716762255,-0.0032490372794340416,,0.005334043520424991,-0.016612949789878706,-0.01657992000818509
2014-04-07,-0.014574966893259544,,-0.016748063531710877,-0.01533617284285027,-0.01427499956519318,-0.0077949640499968,0.000930850958212659,,-0.001688307987112947,-0.009998482945775433,-0.019489688335664113
2014-04-08,0.003858251995850326,,0.010039482970914504,0.0013741114417900047,0.0,0.008978030959458039,0.005117909938042731,,0.01425481800709183,-0.008183790729022311,0.01009591539652921
2014-04-09,0.015161430510360674,,0.004578988734784906,0.0086921966904967,0.012743732558697651,0.013348718553709116,0.004396819753952341,,-0.0021438698798108557,0.021418600181134728,0.010776218043869745
2014-04-10,-0.019983636296777685,,-0.01389695878478825,-0.023129613470054156,-0.019828086116178256,-0.02305155136489412,-0.009907913900125465,,-0.003819856025047641,-0.033344733146688954,-0.024876367440815006
2014-04-11,-0.012019714579072138,,-0.0028180306623393214,-0.012070163517504007,-0.009920595633593265,-0.011235846380026393,-0.0051194979015517506,,-0.0009585921107310158,-0.009424183532734554,-0.013785424051179995
2014-04-14,0.00803861166789721,,0.013679730911203336,0.007988409450766065,0.005697875047474765,0.009943366728711878,0.00795330108767689,,0.005997101152554807,0.0055646272110303485,0.007872895340136354
2014-04-15,0.00603409788054643,,0.013383962271070082,0.009323760398990633,0.007032253971002156,0.00506261979941991,0.0025525583679411046,,0.013829144134934301,0.010710498541058655,0.0012754238488117409
2014-04-16,0.014781352678262749,,0.011996547259387258,0.00785229828153211,0.015325431205704287,0.009795938589393094,0.009722598822286432,,0.007290578480507071,0.004945321007106207,0.014010401512214443
2014-04-17,0.003166701281585471,,0.009135254278967997,0.00183307805500732,0.00783290643887713,-0.0013861937330998941,0.00022889762422928506,,-0.01237475792679521,-0.0001754553747761456,0.0012559937602596438
2014-04-21,0.00021061049759985018,,0.006789612705932591,-0.0009145933320798827,0.0028438498963534453,0.0038860440881054448,0.00045841220374831515,,-0.001181711327901569,0.011952874788745849,0.002665852610137298
2014-04-22,0.003576355209259363,,-0.001605571077195389,0.0068679479960669365,0.0005669959658707313,0.0041475012929474975,-0.00045820215828729083,,0.0014200908732975304,0.010943173758108271,0.008601869845861643
2014-04-23,0.0002098157744201412,,0.005253373373080628,0.0022736335695954235,0.0037783379821230145,-0.010738173460371203,-0.001604442713119436,,0.00047275885043140953,-0.004982840399172628,-0.004651803096545559
2014-04-24,-0.004401542845347994,,0.000320245788159923,-0.0004537617992391718,-0.0018818351533078648,0.007793223888276968,0.0039021630960440756,,0.006850767188892659,-0.0015543610188719637,0.005452535416048621
2014-04-25,-0.007157842092989974,,-0.005971311895892173,-0.008170153873819586,-0.009805920801230439,-0.01270385119167794,0.001372812586239558,,0.011497025988196352,-0.00743673145831758,-0.017044005114980276
2014-04-28,-0.004240862802332157,,0.0017165875014415466,-0.005949724905192522,0.0005713875583763794,0.0095102729593739,0.01141824917223122,,0.004871133003061523,0.005924248386449005,-0.002521749678159102
2014-04-29,0.007027132055090757,,0.004604434109582778,0.009668234885633842,0.0026647122439698023,0.006927396701713162,-0.004290433227348234,,-0.004154850224916351,0.005889679801095227,0.004582795575657439
2014-04-30,0.008035654049664664,,-0.0008527350765412667,0.0013680463946634802,0.006643896307295893,0.0030267858981283258,0.0031748060491967323,,0.0016222338112628076,0.0008611191177230193,0.0042474870299593626
2014-05-01,-0.0062935430216665145,,-0.0022403319475583494,0.0018214584264701905,-0.002451435558949222,0.0010975042013265934,-0.0009043014641901825,,0.004166013695817927,0.0022366321895439523,0.003915560793715134
2014-05-02,0.0038002260596829984,,0.0020313401233018613,-0.00045458674420784106,-0.0015123174167827047,-0.0027408734937354184,0.0,,-0.020511727924952816,-0.008583546401500053,0.0024967188850495425
2014-05-05,0.005467923513613027,,0.004694951732775454,-0.0040926071986511214,0.002082462727305723,0.005221802569400857,-0.002262503075246891,,0.00894133521362006,0.006579772349259327,0.0009337000288927033
2014-05-06,-0.005019623568352172,,0.0014872985358569402,-0.014155261336488922,-0.007557212672688163,-0.01120871185164729,-0.0063490170751441255,,-0.004897260148148619,-0.008773568650804475,-0.014305460110936363
2014-05-07,0.007777656868451777,,0.00869519321105483,0.013432206977671779,0.008566648970641078,0.0005531222205441555,0.009584676398454395,,0.016170394455246928,0.0027771186932623593,-0.0012622132090257532
2014-05-08,-0.003963401138677658,,-0.014297867449941881,0.002742076315487063,-0.0001888324337802061,0.0027631673723145234,0.0013557997421262957,,-0.01083937113830813,-0.005365189017673133,0.0028433103713780827
2014-05-09,0.0,,-0.000959450461573419,-0.0004558299079164829,0.0007552042412284354,0.0011025862605880121,0.00474047344316042,,-0.014688879316694936,0.006089958772521609,0.005512857892508327
2014-05-12,0.012775087176596811,,0.007045604042746456,0.01003236254622153,0.014902800078348433,0.013487127655127606,0.0008990520748648478,,-0.0092282403607018,0.010204243738135554,0.012530970527694363
2014-05-13,0.0008270055260557463,,0.003710426461445371,-0.0009029498904242761,0.001672532925929282,0.0005433576179740829,0.0020200782680197538,,0.00238829793810158,0.0015408172415223298,-0.002784740379005557
2014-05-14,0.00020658053826738687,,0.00042252666741582345,-0.0072303266190619775,-0.007422063414107005,-0.004614713483882316,-0.00537589784442094,,0.0050034423635199055,0.0006838951029890517,-0.011169593256789678
2014-05-15,-0.01404668177198476,,-0.011401745761151827,-0.01137898315705721,-0.008786786352984022,-0.005999516658284909,-0.008784365761522639,,-0.004030434385036474,-0.010078577544755829,-0.007216693292315668
2014-05-16,0.003561878559780407,,-0.0025631867013237164,0.0013808673680475447,0.0013205619478664499,0.006309801383470592,0.006135370232605686,,0.003094474799808955,0.003451208599466238,0.007426970662452126
2014-05-19,0.004175143117567837,,0.003104992274660434,0.0050573910901936525,0.0039553909101099904,0.006543434658413894,-0.002033225187008103,,-0.015424776351190883,0.006190825659089683,0.004549215614114699
2014-05-20,-0.0054053006291494565,,-0.0028820464674211843,-0.005946737432116822,-0.013320923129428675,-0.005688007905889636,-0.003620350588746435,,0.0,-0.006323917560643544,-0.009056887156042914
2014-05-21,0.004598681897281631,,0.010811224118464802,0.00644281803875546,0.009887603304594705,0.006809796371106902,0.005678275551137535,,0.0007228822857969774,0.008428154661337839,0.012134037034482015
2014-05-22,0.0022890680153797582,,-0.0009529624603962228,0.004572418479921181,0.0018830785030581332,0.0018944291409328518,-0.0015813051847893833,,0.008189006425894929,0.005969468301674663,0.0052931112152050375
2014-05-23,0.008511047112734316,,-0.0020137712794520146,0.0031859174548696245,0.006389703581286099,0.008371179680660257,0.001583809671234171,,-0.002388667572839731,0.0005087470593467813,0.00789860614065474
2014-05-27,0.0,,0.0027615949083665825,0.008620874588393113,0.005228907031995744,0.008570053120378951,0.002710216283958955,,0.007901638675001488,0.005422932526628177,0.005224247823068184
2014-05-28,0.0004115303260461278,,0.001694364612950583,-0.001799599695577192,0.0007430508517509704,-0.0026547840620118057,-0.0013519773348175113,,0.005940242390069184,-0.002865501580064489,-0.0010701239786568006
2014-05-29,0.0100824920265703,,0.008565049715641315,0.0022536709167997326,0.004083745254241267,0.005856588679894692,0.007893463220592256,,0.002833944638179542,0.0079446296646557,0.004131794775614983
2014-05-30,-0.0002035779869876686,,-0.0007338528031191061,0.002248141145578142,-0.0007394792920851767,0.0010587511667179417,0.00783187929050877,,0.006594447195590769,0.0026831182707611756,0.0009143393838086933
2014-06-02,0.0040749612400798885,,-0.0012589482234202087,0.0026919024617497733,0.0042555029180153525,-0.0015861552886764496,-0.002442163351935922,,-0.0002340012582751072,0.0013380467961792153,0.0033494486910194965
2014-06-03,-0.0022321032656182904,,0.003466741081487257,0.00134200929939432,-0.0011056849354441622,-0.0015893766276643406,-0.003561072029038992,,0.0037446330887014323,0.001837365562444404,-0.0018213066248985443
2014-06-04,0.0016270602187082872,,-0.00052334004382526,0.002680880716652956,-0.0001841646195924751,0.0018572440774218268,0.003573798583211163,,-0.00046662805867192514,0.0028343712724723247,0.0048649496557966465
2014-06-05,0.004670039209832222,,0.005761145030102499,0.009358681901004084,0.010145418155146357,0.0066187981347214375,0.004006454245942148,,0.008397385741696795,0.001163600341575588,0.00650571116005394
2014-06-06,0.00485040281318061,,0.008227170484675472,0.006622403215243766,0.010044041192958986,0.004471258500952757,0.0026597681620330604,,-0.0034694537352805144,-0.0009964656476652012,0.0058613888252503354
2014-06-09,-0.0026147375798499795,,0.0015497226789089602,0.004385847408420185,0.005062348430439068,0.0031420379876576643,-0.0015476283853935735,,-0.006731694721435311,-0.005152705779728817,0.00029925057559099244
2014-06-10,0.0014120484749777784,,-0.0016499280408124317,-0.0004370414703367409,-0.0023384584775422157,0.0005226857242612848,0.0,,-0.0023370808678501165,0.0033416468208506966,-0.001941743014788333
2014-06-11,-0.005638567279979689,,0.003822227767704467,-0.006552779217186888,-0.007392937379178899,-0.0023484384226224453,-0.0026571729724892412,,-0.012648890869410567,-0.0011656926809502366,-0.0029940988245341638
2014-06-12,-0.008505270644105889,,0.00329309658551713,-0.0061565305230446565,-0.013442316316124026,-0.008629825452530437,-0.0071045175768994495,,0.0030839953217458582,-0.0050017224648867264,-0.012760693164815873
2014-06-13,0.0038806305890810577,,0.009538932022546964,0.0004423881240132044,0.0034987341683869744,0.005803686575306832,-0.00022332606086039597,,0.006386039954569878,-0.000837733175026667,0.0004559973508346804
2014-06-16,-0.0022384016294805242,,0.005995302693671878,-0.0048649617869434,-0.0011009609800420872,0.0,0.003801734186145378,,0.006815344946174973,0.0020121053072574835,0.0022801417684512604
2014-06-17,0.0020391426669090773,,-0.0007074346445551383,0.010222301781221521,0.0027550447114239596,0.0023601777600772422,0.0,,-0.0014005987612240034,-0.0005018027007746007,0.003942777955949772
2014-06-18,0.010785670558019822,,0.007580336345565097,0.005719832410841841,0.00567873429143706,0.005232695197237236,0.011809522784938187,,0.022674135868048007,0.008037768056041728,0.007553004847006939
2014-06-19,-0.0020133762326968174,,0.00712231746618075,-0.0013129039315306068,0.002550250173927626,-0.001822438363011214,0.00572552983485175,,0.008228862551007188,0.0033220637931188346,-0.002398890194266312
2014-06-20,0.006100903644554956,,0.009946276263525844,0.003957717797323568,0.00419771208433195,-0.002199989547977621,-0.0030644010300855395,,-0.006082386692133013,0.008408884979593578,-0.003738575854033477
2014-06-23,0.0014099915932133111,,0.0035665391231085586,0.0021901854604304827,-0.005815978513071363,0.002887911472298388,-0.005528542774885126,,-0.003450625776445615,-0.0037903409219873785,0.001210594286832567
2014-06-24,-0.009455062371442002,,-0.021028353484979223,-0.006555941401799048,-0.010054793255238947,-0.005235450324303947,-0.0035577845879947168,,0.003001210683843958,0.0006617277033700297,-0.002418261040665115
2014-06-25,0.007920481467899032,,0.007563625872463398,0.0008801085368532746,0.0009235699114829021,0.003947051026848447,-0.001562197382417918,,0.0036821080236957293,0.010910790168713547,0.008484497134851443
2014-06-26,-0.00020130106517168844,,0.0011008279019211198,-0.003516824201798774,-0.0007381046068493102,-0.0010482782769350996,-0.003576656664843414,,0.0029812530742232557,0.0013082299902937855,0.0007508874257831089
2014-06-27,-0.0030228513457108974,,0.0,0.0039697452407023714,0.0024002637836118,0.006035107187405631,0.001794630606466896,,0.003886767624712295,-0.002613192485629856,0.002402055836857153
2014-06-30,0.0034364093293843823,,0.0007997217544670754,-0.0008784989831811529,-0.004236545430568839,0.0002606275347145637,-0.0008951826335970026,,0.007970797859885304,-0.003929983048452601,-0.00044890708815759073
2014-07-01,0.0024172675432025947,,0.0005996119889521978,0.006156700818749528,0.0061041747184551465,0.01016996072928733,0.002240779476319732,,-0.009941665938218325,0.012658477904001764,0.010637924057799175
2014-07-02,0.001205816359238776,,-0.0014981616522897756,-0.0008735075980458307,-0.0016545878461016184,0.001032199403683709,0.0026834596873792638,,-0.019397409715026348,0.007629826038285659,0.0014827979759843846
2014-07-03,0.00642298424236909,,0.0038000807007516624,0.007873367898985073,0.008287171012087535,0.00438391039504249,0.0055752788772813755,,-0.010937905925985425,0.004027948954542726,0.007698076884926186
2014-07-07,-0.008376552324195208,,-0.007670208663341227,-0.004340128006829258,-0.0071231953125647784,0.0010269728443921267,0.0015526124777052175,,0.0047057974153490445,-0.007542045921512752,-0.006170169138262627
2014-07-08,-0.002614704267780099,,-0.0016059261756201648,-0.008718667458173623,-0.0068064198126008835,-0.008976765290006128,-0.0019933028716949686,,0.00679163652407766,-0.00937715536405892,-0.009755910889980957
2014-07-09,0.0034282898336692735,,0.0066359990677757885,0.0026388433313395687,0.001666846061694427,0.00491666047828998,0.004437856478197277,,-0.0027914392402738075,0.004243173816469659,0.012091267945124162
2014-07-10,-0.004420938116191153,,-0.009588633319556061,-0.006578943570227591,-0.005917156669174584,-0.0028319712522948404,-0.0015460935174721468,,0.0067649648878223,-0.0006501879768855412,-0.009292174619392024
2014-07-11,0.0018162684814779784,,-0.0076643975082518745,0.001765852720508887,0.0057665166977809434,0.005164796853593501,0.001327423372176506,,-0.007646171378758337,0.0021147112271060475,0.0032757921344974683
2014-07-14,-0.0006043901356828085,,0.008638215103310198,0.006170008913288116,0.005733367468199635,0.007194465538665984,0.003534872750799778,,-0.011440496159929148,0.0032452901740041007,0.002819028360731002
2014-07-15,-0.002015982076001621,,-0.004332699846377852,0.007008555035584729,0.0005514861220594636,-0.0017858247817910122,-0.00880662739450977,,0.005195951021500944,-0.008573231398149694,-0.0034032878383436493
2014-07-16,0.006868849174343827,,0.015179119590767343,-0.001739991976608235,0.0042272024287701715,0.009199790182391032,0.00022206393959489645,,0.0032893749414224516,-0.0032632172211966015,0.00252385869492211
2014-07-17,-0.004213872963542253,,-0.016148274234712656,-0.013071762137493392,-0.015556438074513124,-0.012914274268927772,-0.006218030412995845,,-0.00913318819597686,-0.010967272190258726,-0.009478211223478472
2014-07-18,0.006246273690369453,,0.002938188227181504,0.011478785262248659,0.008366008100953115,0.012057615924349951,0.010056081567767938,,0.010163113910486077,0.016385030782745558,0.009270171744347966
2014-07-21,-0.0028031404309184493,,0.0015155052959270332,-0.002619006640307009,-0.0005530834074108926,-0.0012680305049109775,-0.004646500732787051,,-0.0009362267406067826,-0.004070788014969073,-0.004592512492629042
2014-07-22,0.0014055585853063324,,0.007161438497550465,0.003063755179679939,0.00368923420546885,0.008376013431600438,-0.0017778124831284714,,-0.0021075532875465264,0.008665671831953103,0.004166952670193513
2014-07-23,0.0042109511285237655,,0.006409508883575388,0.002181584701646866,-0.004043561667520623,0.0017616701801266288,-0.0013362273125420154,,0.0009388868580453291,0.008104921809703125,-0.0007409533561156811
2014-07-24,-0.001198497448246405,,0.0008954792014870261,0.002176581060038929,-0.004797436821151635,-0.0007534214209280465,0.0026757979744636007,,0.0030478987471318497,-0.0020900909149417224,0.0022250246022101905
2014-07-25,0.0017998067232145587,,-0.007357077497327946,-0.005647747594292429,-0.0025962996175902253,-0.0012573857602057315,-0.004003101688078714,,-0.007947716816374961,-0.0037061309601384984,-0.011099651597739402
2014-07-28,0.0025941607029260627,,-0.0024037915006648314,0.0004371701735697009,-0.005019482190546709,0.0017622243876189714,-0.005134397987762829,,0.013902050597485838,0.0009703255011872525,0.001945413685770836
2014-07-29,-0.007165486064143911,,-0.0025099703946488416,-0.00524004537634315,-0.012518840080683713,-0.0020102543623888858,-0.004488529113033546,,-0.009295347678195509,0.0008081567827145086,-0.0028376213059713162
2014-07-30,-0.005212632761329994,,-0.005938689293537802,0.004389792347599286,0.0009463771910611651,0.001007096483627734,-0.010595108577831414,,-0.016890129389984576,0.004035730157796902,0.005542017034553037
2014-07-31,-0.0195486422105301,,-0.021567530335087626,-0.02054190711031345,-0.020226926469409046,-0.018868178993719953,-0.01708857850631329,,-0.015747921440231405,-0.0205817920114294,-0.018471689636103905
2014-08-01,0.000822318255942367,,-0.008072325912312772,-0.008478593302607695,-0.0009646376811593971,-0.005384049422610393,0.007649880643544771,,0.003878758288826667,0.0008209317176632869,-0.0036421901609293705
2014-08-04,0.011912080568425187,,0.016797295521896904,0.008100939947045083,0.0034762490298114734,0.007218007806282678,0.0032206473477787156,,-0.005312846005066096,0.0042649794571496535,0.009748585585568348
2014-08-05,-0.01035117496827953,,-0.0218551578370898,-0.010267940624324234,-0.005966279702820709,-0.009470014357981338,-0.004357064377974895,,-0.012138786336718943,-0.009637323747748505,-0.0069394238469314695
2014-08-06,0.007383374941329901,,0.0029376138479697556,0.004059868698300884,-0.005033999067223682,-0.0031009346859812714,0.00852147583455043,,-0.012779678870979194,-0.0004948032697722482,-0.002126420816650376
2014-08-07,-0.008754276672809924,,-0.006275758140462551,-0.0044923384253249266,0.0009731722342434246,-0.004147060860310692,-0.008221172421854384,,0.011451446346630423,-0.012871406286250608,-0.005176068320816851
2014-08-08,0.010474578266644663,,0.016735071457176343,0.00992743971899901,0.01419142234725479,0.00650680944110138,0.010131591572911436,,0.01993606765917577,0.011869039578350948,0.01545526777390771
2014-08-11,-0.0010161857843821176,,0.00010369085999872851,0.000893741950375393,0.004025471101087197,0.004913187699406185,0.007066099971912321,,-0.0036197940050729516,-0.000495773441692382,0.004521000715122403
2014-08-12,0.0032550236274395683,,-0.007349353360584399,0.0022320985513362146,-0.002291432287348072,-0.0005143931709755689,-0.000678858272231353,,-0.000726305163826324,-0.0008263424244752127,-0.0025505050719322186
2014-08-13,0.005475398591079816,,0.0032327449903599703,0.004454710798525552,0.009758924584692519,0.009784043930447739,0.0029446620297270965,,0.004605259199380374,0.01207601450770146,0.003609519840285902
2014-08-14,0.0,,-0.005717063795428801,0.006208183745479268,0.004358844852078603,0.0017845776770262223,0.004064891354913502,,0.008684705719892216,0.011768674156335646,0.007792868617930049
2014-08-15,0.0030255832187950915,,0.007422845104637865,-0.004847905583606371,-0.0020756562981374405,0.0,0.001349517381352472,,0.00382687321641062,0.0009690788509422177,-0.0019332332243608974
2014-08-18,0.009853246602914423,,0.002697410297928249,0.011071588512664432,0.015125679293038763,0.009417210426818867,0.0058400274339975855,,-0.0026208788484562984,0.007746989991876729,0.009237480511757212
2014-08-19,0.0029866398107769587,,0.007657815512793986,0.0017519946171711265,0.002421451617405923,0.006303258182851268,0.00267963107901803,,0.012661108424897094,0.006566485321540805,0.007528560395737349
2014-08-20,0.0013900371776889298,,0.0021572053699847604,0.002623715505258861,0.01059067887848908,0.0,-0.0006679723510061297,,0.002123229011102179,-0.0001591330923295109,0.004688542408754159
2014-08-21,-0.0013881076564398187,,0.0008196572504650668,0.011775281202744292,-0.0009194080364061108,0.0047606459143256785,0.0017830310598689891,,0.002354137660745881,0.001432352229056244,-0.0008748802575858639
2014-08-22,-0.003970520387852061,,-0.006655744394228891,-0.003448609546024106,-0.0034962717998746617,0.00024984606523670294,-0.002447318583015834,,-0.003053302693743043,0.0009533643199381991,0.0018970432202090048
2014-08-25,0.0037874065768872534,,0.008865054947666984,0.008650599911272261,0.003878105831310874,0.0009966148836659805,0.0055752788772813755,,0.006831897177677071,0.007620383987875234,0.0029138649871824907
2014-08-26,0.0009923949340253646,,0.005108860332006193,0.002143788623018672,-0.003311348425956373,0.000498303818891932,-0.0006653888334205993,,-0.011932665032561074,0.003623652226088847,0.0001456207314369795
2014-08-27,0.0,,-0.0020333279470207133,-0.0021392026247694096,-0.0005536089930315846,-0.0002489731226075209,0.0004437336788194468,,0.010892372961011532,-0.0007850482126259273,0.001016416157326283
2014-08-28,0.0007939917804926644,,0.00020394282529578867,-0.0030020065013579567,-0.001477311479371024,-0.0014939919181755634,0.0004439993659133279,,0.007262118428573716,-0.00031441122359476825,-0.001305656183139381
2014-08-29,0.0015855740544516994,,0.005601412948756268,0.004731265777150329,-0.000924849162854624,0.004488791390479863,0.000665241182867371,,0.006511430519949624,0.0036150503764569297,-0.00014513614699818156
2014-09-02,-0.0033642261973655385,,-0.012659096999131925,0.003852550852224912,0.0033323645854990147,0.0002484022943338715,0.00044281429853576526,,-0.009011178269483833,-0.00046999347842435757,0.0018884978902575789
2014-09-03,0.001588503728535251,,0.002666359830270082,-0.0017054865211367787,-0.0012915961033850287,-0.0054604395159746355,0.0006643892335003176,,0.004896034147953809,0.0045434274638416206,-0.0026103027385777633
2014-09-04,0.0,,-0.013503929897074385,0.0008544812283088898,0.0003693554442749658,-0.0004987502183677606,0.003098462986075301,,-0.0004633945788659055,-0.004990821688623304,0.003780818201477132
2014-09-05,0.0043615289307277205,,0.006740517447851202,0.00128028424682336,0.0033241901855964873,0.0059921584289208685,0.005737401266035169,,0.012534289128456333,0.005799455485627769,0.003331800246785477
2014-09-08,-0.003947885883686664,,-0.01555405241984742,0.00042629886181067,-0.0009202497096892914,0.0014893892467973124,-0.007459356575747145,,-0.005960435782566442,0.00015593169946681584,-0.004186837694957535
2014-09-09,-0.008125248385357442,,-0.004394224102098887,-0.010226065212010416,-0.003132060943162651,-0.007187573339112463,-0.002431285536178218,,-0.011531285076922804,-0.0026491293778561076,-0.010004914265311138
2014-09-10,0.0,,-0.0024179507980589543,0.005165984936972068,0.0007392453391266152,0.005991324535746356,0.004874075694449864,,-0.004432820456615971,0.007030424280390468,0.0035152773676572213
2014-09-11,-0.0013986344892856772,,0.0006323343989280694,0.0025695294384404654,0.0003693931490276192,0.002233529437741355,0.0004412411392593629,,0.008436528611725835,-0.0027922071729816755,0.0004378228109811477
2014-09-12,-0.004601949767600755,,-0.014950521622823731,-0.0008544812283087788,-0.0033228756991648956,-0.0042091605407056365,-0.007052378842312024,,-0.017894602551623007,-0.007312148154369202,-0.002917499059838735
2014-09-15,0.0014071658199772408,,0.007054346458673866,-0.0004275122016371702,-0.0003704878331322048,-0.005967378751940644,0.004883077009586234,,0.0030762254406913048,-0.0026641287114154144,-0.004096742893019645
2014-09-16,0.004616632099650797,,0.012099530992679686,0.004277513468452732,0.005558678544952178,0.007503700412087477,0.007510551098056872,,0.012739242458789546,0.013670977416350594,0.005141594553949469
2014-09-17,0.005994051240451714,,-0.005453032496403609,0.004258609095215027,0.0038693568803016554,0.001986345619337637,-0.0021925992632290114,,-0.001863776301620379,0.0007747610448942677,-0.0004379541063268544
2014-09-18,0.006752794353245051,,-0.005166845593940872,0.009754233169230853,0.004772331894557169,0.0059464614868711685,0.0019776297740081716,,-0.007234544634908802,0.007435069318716625,0.004386485864908973
2014-09-19,-0.0003175204342994453,,-0.0008200313730105657,-0.0026147290938689505,-0.0009725086150316198,-0.0021273010270030923,0.002582178782789102,,0.009013181979458773,0.0010955390802673826,0.0004233741551995518
2014-09-22,-0.00039631124367900394,,-0.014713693035924513,-0.0067650498108317025,-0.011207275912656245,-0.00669334706616842,-0.0017614835043054944,,-0.007522405922161135,-0.005394471768443543,-0.014016592738394729
2014-09-23,-0.005156665119915194,,-0.002921955421495759,-0.0068116854875643895,-0.008175222436058394,-0.0022460043583556466,-0.00881998947869278,,-0.002842299397163961,-0.005888833126937998,-0.008588652055082191
2014-09-24,0.010366788295439022,,0.0008682752918327541,0.0055723664067997,0.005245727147314749,0.006503768219481287,0.012903155925406029,,-0.0035626730363796932,0.017458934069807475,0.011351764870400682
2014-09-25,-0.0151934612933593,,-0.015289403889719666,-0.016623964940772895,-0.01565435990201125,-0.021869108069023313,-0.013178587355181626,,-0.005959413828969029,-0.016393507398030693,-0.01462124163481493
2014-09-26,0.009818082128609129,,0.012883823742938727,0.009535682018924296,0.009276727185853373,0.01092479889441389,0.0037843208050838406,,0.0014388710510599978,0.0031155032422582885,0.010342020057365175
2014-09-29,-0.004166716384072955,,-0.002282903342261111,-0.0034347167113873978,-0.0015006717560798188,-0.0002517030642785745,-0.00022153817318637525,,0.006465550341353321,-0.0021739573496742937,-0.005192507396708068
2014-09-30,-0.01195468847729031,,-0.012530956637823665,-0.0017232459477363182,-0.0015030152839601296,0.0030169076174471066,0.0004431745264477094,,0.001427573626695544,-0.005447021012569553,-0.005517520820275235
2014-10-01,-0.023593959783307583,,-0.020415719394551002,-0.01208480181528504,-0.01881442718908466,-0.015538881801879567,-0.006207091509331741,,0.005702088580828102,-0.010483226901810916,-0.013345234373414838
2014-10-02,-0.0024780620958244626,,-0.005181833257416946,0.0026213234657797013,-0.001150763720134007,-0.0005094966999116268,0.0017845974886925298,,-0.0014182398073974145,-0.002055588795435437,0.004559236964266855
2014-10-03,0.0028986861334807656,,-0.0015846884886967505,0.014379172989702926,0.013630192327712454,0.008151199058767267,0.011801464232253922,,0.006388004045984497,0.02059910512598706,0.012859483230063917
2014-10-06,-0.0002062874057318087,,0.001133755657089841,-0.0030069876910649995,-0.003030334260759271,0.0002524858078987169,0.0004402170536801364,,0.0,-0.004657695289544517,-0.005377093827719115
2014-10-07,-0.017551358976396703,,-0.013028027118135777,-0.01680334236918346,-0.024316004326013885,-0.015660225740928957,-0.005939517640071168,,-0.0014101992891036863,-0.015909996196324272,-0.014867356013209765
2014-10-08,0.013030903500715452,,0.009756844541963128,0.018843217349378216,0.017912681818497367,0.01898887099711466,0.014605354444640284,,0.022598826671220706,0.025518447484704554,0.015701076350789878
2014-10-09,-0.024481281952465794,,-0.03671724364060491,-0.021075202236441104,-0.023144328851611107,-0.016620747672510205,-0.01003275605437981,,-0.016344655987156176,-0.020710663150364628,-0.02266210484594766
2014-10-10,-0.015312802961121252,,-0.014043097290253104,-0.007908375805567802,-0.014685666174753198,-0.025607963500845266,0.004846694045263611,,0.004680711951116523,-0.00615515941435496,-0.008753012085901068
2014-10-13,-0.025701738671782937,,-0.030879412547492935,-0.008857531107535177,-0.015500809696482487,-0.011038053808658077,-0.013812540555813047,,-0.0009318711458731199,-0.023662188395158545,-0.020294301362434597
2014-10-14,0.0031034553737110393,,-0.012597689554147973,0.004021294874131165,0.013927922925474512,0.0015942320681447963,-0.00044448866300572654,,0.009093235360469132,-0.007482282894055281,0.007273716687103304
2014-10-15,0.006850729292104063,,0.007630016319503996,-0.01913646396820945,-0.0023891283174464206,-0.00689846518901005,-0.012010908408903176,,-0.013170131001878582,-0.008193794570069524,-0.008320341097088124
2014-10-16,0.009877446922107458,,0.017874775858922165,0.0,0.007383948963540776,-0.005877494223620161,-0.007429088884841395,,0.0009361534056584464,-0.00512205224219342,0.0011083713407817886
2014-10-17,0.013257636357970837,,0.008536655825115869,0.012703933512074217,0.01980956168893777,0.011825074732026541,0.012247797482844325,,0.00584834802501355,0.015943971453980854,0.01106869930646126
2014-10-20,0.015229538516407626,,0.008706335128993326,0.005824326711499683,0.002913760401161536,0.007171104170145659,0.014340172525866723,,0.013953319122464558,0.012097175222741008,0.013919402293107064
2014-10-21,0.021550334786611502,,0.030448330247312638,0.01870837795131508,0.02227389856417039,0.01951490413028867,0.004196850251357853,,0.0034405477383447902,0.02649007262942682,0.01943528770259184
2014-10-22,-0.00806556092947841,,-0.01896231716246355,-0.009182305612952302,-0.013073024710121395,-0.004656404686984916,0.0021997749295388225,,0.006171397865279982,-0.005035095295410685,-0.008624480551597147
2014-10-23,-0.0008341100136436408,,0.018617338384218085,0.009708862675627428,0.02207719765147731,0.011174642202686158,-0.000658699966826215,,0.0018173421085916353,0.01708024443134537,0.013583605743848093
2014-10-24,0.0075121526317132314,,-0.003492540585413817,0.009615443378353516,0.008828017112213038,0.008738186249489965,0.008346340064980584,,0.009750509522453266,0.013994889348589279,-0.0009033933307959208
2014-10-27,-0.02091922666752255,,-0.021027989114351664,0.0012984626776944008,-0.00037259226658814537,0.0010193265154538889,0.0023959555431052326,,-0.0022457534995302675,0.0010733357081655903,0.0019592636807621577
2014-10-28,0.009942913638468998,,0.02279238616425827,0.010808484597437218,0.01769468146908504,0.013743999987527511,0.003911119554877551,,0.00697766738263117,0.0073529816376873836,0.010830022313507826
2014-10-29,-0.012358786134932465,,0.0032664938877140504,0.0025663234249060363,-0.0034776622849684857,-0.0010042632303332022,-0.0017313413023839486,,-0.005811463903623415,0.0004561237076408098,-0.0029758034879140416
2014-10-30,0.007635037337971218,,-0.003604844560923026,0.005546030681383485,0.004040229993986566,0.0032673015067326006,0.0062880219527099435,,0.022032050291209027,0.018391822104795175,0.006566890218723698
2014-10-31,0.018733245226842055,,0.0203079983426826,0.01145530061636224,0.009877763778003423,0.01553087421614019,0.006463791462286483,,0.00022026084795334633,0.004030100896525557,0.009786907177609772
2014-11-03,-0.007024735677794602,,-0.015785763842758538,0.003775391284292162,-0.001268132704543401,0.00419320698741199,0.0038537888863532377,,0.00659749372574181,0.0011891638623988676,0.0
2014-11-04,-0.010403929327758799,,-0.02057181115054474,0.0004176666797124362,-0.0005440539960192003,-0.00024558500497728897,0.005331887312916228,,-0.0052433291908959845,0.0001485202135189656,-0.012041167564769917
2014-11-05,0.00967188016061793,,0.017562553712316298,0.006683344861726281,0.0061697557012698745,0.0027026361667976673,0.00700031567401127,,0.02262241062475323,-0.0010392136325138024,0.004012604228226246
2014-11-06,0.008121587263706376,,0.012594891563148858,0.0016603328401652018,0.010459682744332177,-0.0004901808898284399,0.0021063032849777397,,-0.01696759609463072,0.00609311568542692,0.008438653335958612
2014-11-07,0.0047514271176198886,,0.011055656990054175,0.0004140331535447128,0.001427988593170948,0.0012262677449212944,0.003573537789345549,,0.010487322782449349,-0.009896551574011703,-0.0016148890632706747
2014-11-10,0.002672390344261366,,-0.008998520254224318,0.005382977771242636,0.004990247994148378,0.0026930492716490395,0.0043992641420262935,,0.004973249700267246,0.010144632797862485,-0.0005883909096284778
2014-11-11,0.0049211468247032375,,0.0029883558706971236,-0.003294907048527418,-0.001241512848792703,0.0004883982183883084,-0.0018771717423109457,,-0.0036575628967588925,0.0036922435271473653,0.004266878173163846
2014-11-12,0.0024485238668987552,,-0.00882381233908236,-0.0020660568828611003,0.0014205522720756036,0.0031733057004912357,0.0,,-0.017490972361885238,-0.00147159993733037,0.00468766388225772
2014-11-13,0.00020358607220583025,,-0.013296560081846653,-0.0004138618010381956,-0.002836824808954752,0.005352771840721804,0.0035522089105326504,,-0.008131791923388865,-0.0007367486365128517,0.006270419045542708
2014-11-14,0.003052386259768003,,0.010194454274560005,-0.0033141960154345895,0.001244657323868248,0.007018200008217068,-0.005621919749931759,,-0.004210043226941185,-0.008258673705983544,0.003912201400799287
2014-11-17,-0.0002029252271781301,,-0.005219419934475167,0.0,-0.0014207210338358367,-0.0019223954548943656,0.006700461790048573,,0.013128654602026613,0.0049074292072468495,-0.00115483437140107
2014-11-18,0.011972675390219623,,0.0008161124207921588,0.0033252164344923507,0.007469188793255421,0.0033711459072574,0.0037437621470011173,,0.0028549804137536494,0.016128971805306147,0.001879010521895097
2014-11-19,-0.0014037628484911968,,0.005242735544263022,-0.002071251835454424,-0.0030010166242957492,-0.006479606826151896,0.004144292292919127,,-0.0008759733078800291,-0.0055339401156001555,0.004182425506565668
2014-11-20,0.005220864135033976,,0.012517523938014419,0.0,0.002655980066445407,0.005072280579529798,-0.004333900134961377,,-0.002192035070622045,-0.004246249708076744,0.004309200035877314
2014-11-21,0.01218544339648564,,0.013049319785578994,0.00498112849792709,0.009711995830343545,0.0014422697767930703,0.004145367394134736,,0.003954306866990942,0.004705726503842156,0.0024312351668203114
2014-11-24,-0.0045395012568369975,,-0.007683453359797143,0.006608686716712331,0.0026233013578145226,0.005279236298902257,-0.0006188746615779506,,-0.008315127589422322,0.005122988391695005,0.009274394324258584
2014-11-25,-0.0035684226831579346,,-0.016283268945410323,-0.0008209088809072451,0.0029652578221266435,0.00047764759655399835,0.0008259268062615899,,0.0,0.0013105853136246015,0.0031097271030411378
2014-11-26,0.0007959396452803524,,-0.012617488038974,0.0012322254470107374,-0.0019126349099436446,0.009067004420385327,0.004539757184876203,,0.0044130910925781475,0.006108193618177493,-0.00014128802860180478
2014-11-28,-0.022663991222646174,,-0.0642440952597273,0.0008201539939491909,-0.008364154562141124,0.004728710353791188,0.012736313453205694,,0.010544858799828472,0.006215568411827244,0.01212137769915378
2014-12-01,-0.010374400098335124,,0.0035084318303701956,-0.006967565995512959,-0.012827093395671674,-0.011296212562676988,-0.006490944752795547,,0.001956852722628133,-0.002442076921850389,-0.011001375806043323
2014-12-02,0.005961061007349278,,0.010861504204550565,0.00949262975113152,0.008543968291384152,0.00023808948498538207,0.003471087996373967,,0.006725573692713649,0.011088538993430985,0.0038018467578242454
2014-12-03,0.014711958479828535,,0.01222647699581536,0.004497166717083889,0.013413063712052642,0.0035696591674181377,-0.007121234874291615,,-0.0028014502241517913,0.0015665827172137714,0.0016831072239666955
2014-12-04,0.003020230165274418,,-0.008662554581062465,0.0012213107280782953,-0.005050332579489725,0.0,-0.0008197078006506597,,-0.0008647831434084319,-0.0012793100449218775,-0.000559890625791426
2014-12-05,-0.0008030339499650596,,-0.011938603568242612,0.008943024734383132,0.00227539141724753,-0.0011858269350487616,0.0018456697189175308,,-0.0077872134055148035,0.007973437264133798,0.0022412424334448122
2014-12-08,-0.015872811800804687,,-0.04048346903184885,0.004834509224721506,-0.011002291853984825,-0.010208931092909435,-0.0020470132331675828,,0.008066501583521735,0.0035316636421842684,-0.008108131538391627
2014-12-09,0.002654232967239434,,0.010905274437436718,-0.0024055661963460206,0.00017660734636848474,-0.0002399170302679332,-0.0032819818452961558,,0.00497396613355372,-0.004223004072733572,-0.0018321143685291474
2014-12-10,-0.02056625457091832,,-0.030820929875709724,-0.012861208886896902,-0.019067575167030948,-0.015114830892436815,-0.00946700740829498,,-0.012481047903546871,-0.015408482998781836,-0.013272674903046178
2014-12-11,0.0008314824272446231,,-0.0006624299018070934,0.002442191002346883,0.0048592159701639215,0.004384554974491639,0.008310433536601991,,0.010023984791037721,0.0028713891913942913,0.008156721142441148
2014-12-12,-0.02783546747745036,,-0.01856262939728981,-0.019495609322982888,-0.018090334966245236,-0.01479471854452219,-0.0127751502265111,,-0.009493035373024927,-0.015318403314117157,-0.006387737041851471
2014-12-15,-0.005341814224566033,,-0.008916767874033504,-0.009113978705349468,-0.003283377560951095,-0.0061548424359259,-0.006679264387927097,,-0.008495012922323908,-0.009159826927480741,-0.005999992690037259
2014-12-16,-0.007733552468050742,,0.008860581358379305,-0.009615648676166821,0.0009145959049490227,-0.013376098060749797,-0.0037826352282570586,,-0.0008785459160185471,-0.011591852401476421,-0.015377895072007375
2014-12-17,0.027278652912818835,,0.04148119003828232,0.02279424477275427,0.009325534677940839,0.018829990494541926,0.01455412068499129,,0.017809997436081026,0.0187054351693412,0.019120749593338315
2014-12-18,0.022760499380443333,,0.019200467780813746,0.023111959265964543,0.02518122286458535,0.028585479229086275,0.019127008210411134,,0.01965871886424919,0.027397178450148996,0.016471317609140224
2014-12-19,0.012317712946758652,,0.03195660302845238,0.0006490087252484233,0.005615473912442326,0.0011079986284716625,-0.0010274589568501913,,0.0016455863016184846,0.0024204584493192627,0.0027310823345834123
2014-12-22,0.0006143114893191193,,-0.010177821148909527,0.0068880891896867524,0.00954217696955495,0.012027693810022111,0.00966671500394356,,0.0025611569786907484,-0.009516001957601383,0.009735821720610272
2014-12-23,0.00777865479576878,,0.01216348739598394,0.005634541039335028,0.003675771734877431,0.002614338240201297,0.006926087028485961,,0.002554030965423726,-0.022942264911952392,0.005589508782712027
2014-12-24,-0.0034530796523516427,,-0.007309469747149633,-0.001601064206095959,0.0010464556166711603,-0.0009479456482268667,-0.0010117657168831062,,0.018471443407956034,0.007337963545930526,-0.0016672738955570976
2014-12-26,0.0034650447277955188,,-0.0002496370111877422,0.0,0.0,0.004271558931017827,0.0016201522486967157,,0.012090653511509286,0.007138449543037773,0.005428921921496466
2014-12-29,0.0,,0.003620158749193747,0.0036074453583254673,0.001567839365868684,-0.004962562986000729,-0.003032728787352501,,0.011534666703238772,0.0034719117895860574,0.007614229131420069
2014-12-30,-0.0034530796523516427,,-0.007960449211177556,-0.00119854530975827,-0.005914172885634672,-0.007123994299150893,-0.004461456360607574,,-0.02076964579733398,-0.004324725332582768,-0.004671687173782302
2014-12-31,-0.009784120024619924,,-0.007522289609601551,-0.011195249664369689,-0.00997336024109241,-0.011002216663328124,-0.012222241544286416,,-0.018090953326792225,-0.00998999286799196,-0.004003390905600868
2015-01-02,0.0014413613631505395,,0.004673937469416245,0.0,-0.0012372773434623507,-0.0019344725706905708,-0.0028874371455330783,,0.004658959066639046,0.003656205558092651,-0.007207403595328121
2015-01-05,-0.025488329109453645,,-0.04136811844705102,-0.02102704449880799,-0.023358921265268617,-0.015265515426568066,-0.007032304225413233,,-0.012226192061812302,-0.005099626471766094,-0.019125732642233828
2015-01-06,-0.008858966166211402,,-0.01469031228303408,-0.015283073281201154,-0.012321198592891824,-0.012057131522373421,-0.0012493867678973203,,0.0006402892446726316,-0.003368636967728156,-0.009962888790900237
2015-01-07,0.011279058776799245,,0.0021297356385117094,0.010486350687594514,0.0075216725287325925,0.008468180873517861,0.01710103134710028,,0.009810083753511112,0.023512227526140572,0.015813551881506127
2015-01-08,0.023779631098700627,,0.022449768313122398,0.014944198971733602,0.020028975996571274,0.02198078512863133,0.015173297644937023,,0.006969717030877343,0.017085216526073976,0.015001189944910509
2015-01-09,-0.005139018539244922,,-0.007925244833814626,-0.013497283331523557,-0.01071013584980196,-0.003140962857640872,-0.008079385383379711,,-0.006292313874123434,-0.008893504322586288,-0.011572505594291904
2015-01-12,-0.0022723189101402363,,-0.02881091441200434,-0.008291313214624507,-0.006856851380174556,-0.011636970747128328,-0.0030541334312632618,,-0.0023210355193500343,0.0004276645086949138,-0.00536016202384082
2015-01-13,-0.011182927704611267,,-0.007955888334139294,-0.0033447018502636983,-0.001998488335964388,-0.0007359207251205202,-0.00020429567097979273,,0.0027501717842948192,-0.004413304244023086,0.0
2015-01-14,-0.011727517493905326,,0.0031262837197103543,-0.014261821101749783,-0.005461414356004224,-0.005645323707570982,-0.003064220781062943,,0.008649536700092941,-0.0015726969985232486,-0.01205527674292739
2015-01-15,-0.001907402580074491,,-0.012736969755871796,-0.012340401679245216,-0.0047593601518158835,-0.012836681094519742,0.0016395130441819727,,0.007948255984689956,-0.010742453256544215,-0.012919962639817095
2015-01-16,0.01592380738928978,,0.032528104688932524,0.012064282401620607,0.006621284702372554,0.009752485469342043,0.007978991181552653,,0.008922706720403184,0.018821964459003748,0.013234719261284944
2015-01-20,0.0016716723917773457,,0.0011965748961093592,-0.004257764758944349,0.007125783637605965,0.00842027151748348,0.0040590551875567815,,0.002468332329799594,0.0,-0.005741449083333738
2015-01-21,0.009806019208857375,,0.02031296854706155,0.002565508155737417,0.008164307125205106,0.0017188647112371669,0.0048509879216480645,,0.009642584603954063,0.00198909849356399,0.0064962265203718506
2015-01-22,0.012603052734611042,,0.004684477653545738,0.024733484360561775,0.01601564805213207,0.016425727119102174,0.010058289810378263,,-0.004266985729162176,0.011913371825084562,0.018789383537461513
2015-01-23,-0.015506819857680543,,-0.007123146426999516,-0.010819964166633,-0.008324655276517379,-0.0002412593612676206,-0.01115297643836044,,0.002856959119593494,-0.005746558752775521,-0.0014077887714938342
2015-01-26,0.004352468499447815,,0.014348654220188939,0.005048378669856524,0.0012503157657595132,-0.004101348763656754,0.0,,-0.0006105809496512737,0.0052158954611452035,0.005216618339840329
2015-01-27,-0.006809798216873886,,-0.0006427703907796456,-0.010882948359238531,-0.013200000832114589,-0.028827251911576535,-0.011480431943483582,,0.001425112942795126,-0.007151902993914772,-0.007994642861252954
2015-01-28,-0.018076199662167003,,-0.03937724403759901,-0.018197584550987522,-0.008676995917764385,-0.001746201552895732,-0.011613658179210451,,-0.008539623626306891,-0.014406842326597946,-0.013007323343211308
2015-01-29,0.01311889676716449,,0.0033490165872800404,0.008189611825441645,0.011487964104928805,0.009495231447150143,0.008039639521213227,,0.013330553535644052,0.008455481175867474,0.013608801187038333
2015-01-30,-0.003968222269174926,,0.008678410800307512,-0.01624574010657065,-0.01622474496884052,-0.012376346698457552,-0.017995870793181212,,-0.022060107990792943,-0.01563208680726802,-0.01088209503368387
2015-02-02,0.009016978425516964,,0.030575607416025496,0.01607966019342566,0.01484335236822587,0.010275866011303592,0.0118699109676359,,0.004345689956110954,0.005629981294777098,0.00900131906308399
2015-02-03,0.022028082220634237,,0.02735692575442039,0.016680855336618672,0.016251444809660898,0.011411409725208932,0.008849914367958123,,0.0037091955459842563,0.0067474657894084356,0.021240222341780024
2015-02-04,-0.006506733092705996,,-0.016502130564255646,-0.0025241283700616624,-0.007640695116513108,0.0019624196791585558,0.00040798620673010433,,-0.012112295500453008,-0.01254870443089684,0.006655736644754828
2015-02-05,0.024150384215105403,,0.014363946778874537,0.010122551819403691,0.008594822309052175,0.009302197716134941,0.005097695340870789,,0.00914352731037571,0.01689588774919759,0.006198200118824548
2015-02-06,-0.0023979115296950404,,0.0002505204791749538,0.007933330376574732,-0.002308235239753653,-0.0031529176127268466,-0.004463578671226154,,-0.04118627690628429,-0.00908845680954995,-0.001505598523298013
2015-02-09,-0.0012017418936531854,,0.0010023516396835408,-0.004971418918537696,-0.002668833407788118,-0.001459811652101406,-0.0075401093953575415,,-0.008805707007736863,-0.011751179724099226,-0.0038388250038602356
2015-02-10,0.007420585097538623,,-0.0005006368127008498,0.007910213004121092,0.0055308035923467,0.014863822886494793,0.011704804995418927,,0.02058490723545514,0.01682148321947019,0.012248631905449558
2015-02-11,-0.0015925605379067953,,-0.00701250040520085,0.0,0.0003548286492971453,0.0038410755764064497,0.004667668183484741,,-0.021655878132105455,0.0009980298529495002,0.00027185222136738574
2015-02-12,0.0171481919410037,,0.013114821607533411,0.009913134523152012,0.009400327233388461,0.013633124937275198,0.0046461900607770446,,-0.004557355930800422,0.0035614642003587438,0.011825820961353317
2015-02-13,0.008430013148698734,,0.02115983754003037,-0.0008181536706437509,0.0045688495104301285,0.00637095101053986,-0.004624702812535353,,-0.015260555829577527,0.00397528869664554,0.006044993080745353
2015-02-17,0.0011662315913993915,,0.003047416650907575,0.003274701198196839,0.0013992869177075207,0.0004690556937296808,0.00020196309373798904,,-0.0008852961016397876,0.007211635938773053,-0.00226957064991562
2015-02-18,0.0027184394636867726,,-0.011908970846034816,-0.0061198313445713914,0.00558940808105679,0.0009372635291666764,0.005453564359880758,,0.023709120776651993,0.0011232270299041947,-0.0005358841232653289
2015-02-19,0.0027111621668263197,,-0.004673612070043687,-0.004104870723014797,0.0017370167780084156,0.00351195665311943,-0.0064285329839383065,,-0.01125511260391121,0.001682725005594632,0.0030800944846045564
2015-02-20,0.002896804189923552,,-0.004818738444429593,0.007419078889246089,0.008496356503035596,0.0051332158111780934,0.002830602321272746,,0.00021846304231565306,0.010499556450861647,0.00707507794196327
2015-02-23,-0.0011552274779897953,,-0.004097488693036833,-0.00245463595812212,-0.004298289931887411,0.0006961565590428709,0.002822716308457318,,0.0067849084004980575,0.00457210043593359,-0.0009278167923619796
2015-02-24,0.0042411632293895,,0.002742750074042677,0.004921827559856817,0.003971835707920368,0.0030157241115260636,0.0034174266634547923,,0.00739156255826412,-0.0012414108801076518,0.004776322458605042
2015-02-25,-0.0028794731279156993,,0.005470643588670221,0.0,-0.0020642732928384255,-0.006243836167199035,-0.0034057876339842474,,-0.01640054404365976,-0.0004141701305976353,0.007658821638859781
2015-02-26,-0.0063535395681691975,,-0.018548222434178196,-0.0024490975023061523,-0.004481120280874329,0.0062830666057127615,0.0014075405880158431,,-0.006581977688076779,0.0027626585616173926,-0.0031448028638135783
2015-02-27,-0.002324965692443892,,-0.0044099926419080004,-0.0036822504051234883,-0.004674445645022063,-0.0034693123797493453,0.004014948062132984,,-0.0011041434972628439,-0.004821237972346903,-0.0013151400516858702
2015-03-02,0.006603125377208752,,-0.0069602127038479455,0.007392314097708574,0.009218829670977202,0.00789070713015283,0.0017997485164569227,,-0.01923470234655089,0.008997504087869146,0.011978952787248254
2015-03-03,-0.005401984961740158,,0.003695894995268567,-0.0028538443897453414,-0.006377043800086746,-0.006677252371235065,-0.0037927801478804257,,0.0060863125635568505,-0.009054689212417588,-0.0027322131184651655
2015-03-04,-0.0034921555876158417,,-0.0013965470722304696,-0.006131808253955873,-0.00780552727524586,-0.003940375647866867,-0.007012291499317258,,-0.005601919472292605,0.0048452667364631274,-0.005216692469625306
2015-03-05,-0.004282258261160243,,-0.005976068548475211,0.004113311438353584,0.000698991139914229,-0.0011640073254158834,0.003429942427189303,,0.007886671292749892,0.0035825741620352236,0.000655449511193229
2015-03-06,-0.013490222161654741,,-0.01790726073091009,-0.007374972231354748,-0.013626551878896165,-0.012348739001505238,-0.01950488731255251,,-0.029957601867742767,-0.019631739528520042,-0.01192344955263891
2015-03-09,0.0013873759682758724,,-0.007163501821343843,0.0045407052859665065,0.009387255930684901,0.004718197833052606,0.005536814044342142,,0.0018442379279111076,0.006161501069217312,0.0057022046363712775
2015-03-10,-0.01523876205164143,,-0.013905168812760826,-0.021364255983127522,-0.018424252028392374,-0.020427251938628155,-0.014276718028840452,,-0.0018408429754763755,-0.011134323672567947,-0.015558727882839518
2015-03-11,-0.0012055103554555746,,0.0029265670296880764,0.006297044792930251,-0.0010728950730133358,-0.006471841942285006,-0.007655452091549608,,-0.006453190842945711,-0.000562616533693272,-0.005491442389483958
2015-03-12,0.012474540649490828,,-0.00636671941550937,0.021693861881759702,0.012884979339238045,0.00651399951757492,0.014595227867882477,,0.019021133752649355,0.013236943722183092,0.020336040260992894
2015-03-13,-0.009538466449764416,,-0.0037377430727867367,-0.006941528554055498,-0.009187250728076801,-0.00551323602321685,-0.007809618462049639,,-0.010243669982048731,-0.0019459297582747892,-0.007919370062079212
2015-03-16,-0.0016055977403069965,,0.013533074289060254,0.012335522885666306,0.016583202072490533,0.011810435873863323,0.012220659754361929,,0.01724956532315436,0.022142278336009014,0.01170779444789316
2015-03-17,-0.011052993647218678,,-0.0038340167391177626,-0.002436924664877216,-0.00403437462283851,0.0002383745736553866,-0.007161833831017539,,-0.0015831540269168887,-0.0028611689797523043,-0.0055228631518495774
2015-03-18,0.015240940444962492,,0.0290649616273162,0.005700480834248456,0.011800274730691562,0.013574575734255134,0.006801411008469094,,0.02694797984620889,0.01297940943332887,0.008859865281985568
2015-03-19,-0.017213890118302877,,-0.015863071071936963,-0.009312361598849517,-0.006788652266662476,-0.002819569153797108,-0.0045035726974852475,,-0.009261612316285861,0.00580051336084253,-0.0014418827075514118
2015-03-20,0.006439732377590879,,0.01471060343943531,0.013577220798617562,0.0056513493437595486,0.006458966955024126,0.012537507884917698,,0.008995450406466432,0.00723476215255614,0.011129276566411495
2015-03-23,0.0,,-0.0035104656057798334,-0.005665024889580539,-0.00840333196949583,0.0,0.0016351077775818013,,0.0006672795484259364,-0.0028039290071246725,-0.0016932557492317368
2015-03-24,-0.0032498630047924637,,-0.006654375753962549,-0.008140209126257236,-0.0033544020542228825,-0.0032910967761393684,-0.0057119709380891726,,-0.01110901718609092,-0.008702536831419527,-0.00521923470168828
2015-03-25,-0.011208501362334311,,0.013003918496754974,-0.01600342043912617,-0.017006220475854317,-0.02570769440598497,-0.0024619907822948095,,-0.01168275346720371,-0.018233516714752374,-0.01626419975808291
2015-03-26,0.0022669933948564758,,-0.0011669432357821474,-0.0008342178133318168,-0.0027034205558706947,0.000726278445774664,-0.004319564286331512,,-0.008411100128165483,-0.0023384595009342535,-0.006266940060520865
2015-03-27,-0.000410767515282795,,-0.008178605443114328,-0.0012516483923710187,0.0037948470095841014,0.0007257513482135103,0.0061969887067263585,,0.005960592837004786,0.007170818133734658,0.0050985764433617575
2015-03-30,0.013577065403248323,,0.021465765544761872,0.014626113646363459,0.014041333896627206,0.012086140510906063,0.010059700483929124,,0.012306430287642334,0.010130470217746934,0.010279184215295167
2015-03-31,-0.009945258014672054,,-0.0058944755793873815,-0.007001867711776577,-0.009941437359110239,-0.01026992978061192,-0.009349378034431255,,0.00022535303676995966,-0.017348245488315817,-0.004360249367044933
2015-04-01,0.002870143274779302,,-0.0002581547952709151,-0.0008297196277016194,-0.0066343650635123375,-0.0014477906703911358,0.001230733220642044,,0.0009002912040942945,-0.010069102525482987,-0.0043796871260366466
2015-04-02,0.0010221940437602495,,0.002063338468868414,0.004981432971501887,0.0005416296262521492,-0.00024178798231999643,0.0067624926486107295,,0.0017989016826409632,0.0030652587727411085,0.008930665512491665
2015-04-06,0.007963979725611248,,0.01801354586111259,0.001652227220899638,0.007577202012813089,0.009668933365956756,0.007938032142886797,,0.013916346914081501,0.0015283907463430335,0.004756018491823832
2015-04-07,-0.00162089270680299,,0.0006319305141786469,-0.005360851306330905,-0.002327734587207586,-0.002155047606158811,-0.00464463567235851,,-0.011511694183513832,0.002357403788104895,-0.0055227819282152035
2015-04-08,0.0028411191395996127,,-0.008084093944583204,0.0037313526641240546,0.0034098701979243806,0.0031190608848714607,0.0016229783285572896,,-0.002911332587690163,0.008440343668928652,0.009388239273762533
2015-04-09,0.0028329736740175804,,0.016045151748067976,0.001652227220899638,0.00482895469239053,0.00263096721508993,0.0028356875890163113,,-0.0042677538456166175,0.007546749762007865,0.0009169667030131112
2015-04-10,0.002824586191539913,,0.004386516657277406,-0.00041210755566634116,0.014062162539466128,0.0038169134871892663,0.0018180085672492297,,0.007443897246767639,0.008579936484056194,0.003402466422020689
2015-04-13,-0.004023552323765611,,-0.009982272413181392,0.0037122839384993167,-0.009478537783331187,-0.0028518515504283304,-0.00463724721463743,,-0.009852144178479905,-0.005401290390979141,-0.0054778962004350396
2015-04-14,0.00424196541767663,,0.018023181007602584,0.0,0.0012402406751543804,-0.0030980405283663748,0.0022281733585545194,,0.00497502588648846,0.0016287830646812829,-0.0005243898281243053
2015-04-15,0.00965592306535168,,0.023895186068910057,0.0036996219794074303,0.0017698712115632453,0.008845356224254086,-0.0028296931322634444,,0.00247556582395303,0.0025756689579485847,0.0
2015-04-16,-0.002191562323727747,,-0.002297783860132685,0.0016375456136681343,-0.0021200931620226626,-0.003554703073302079,0.0036484418266260477,,-0.00650988110549644,-0.000540631654478152,0.001968538400900277
2015-04-17,-0.009185518718079044,,-0.007271821486249386,-0.013490881497359553,-0.012039632515829402,-0.013793252753449226,-0.009289168128297165,,-0.0036148138756912918,-0.008656827913416376,-0.014798386192201085
2015-04-20,0.00725522297344261,,0.0037849061092152247,0.004143902347525152,0.011648937604374687,0.01712102337484578,0.00346485408377073,,0.014966059030260936,0.006140034669229522,0.011032190332888048
2015-04-21,-0.007402704716028219,,-0.010581504316013457,-0.004952411800414835,-0.0012401303074571768,-0.00047399336532638614,0.001828556525310665,,-0.008936902441528116,0.006644758433088649,0.0010520788063161923
2015-04-22,0.002015569249982363,,0.00663809854038977,0.007051239558368394,0.0042568135578258115,0.010199391659971413,0.0006081299764864045,,0.00202895996220831,0.0016170154430430461,0.0009194884058312258
2015-04-23,0.0026151418379578573,,0.0068381722585950655,0.00164722545796403,-0.0010598359964688608,0.003991174874367287,-0.0034444933419272017,,0.005624275222265274,0.0037655704102526055,0.004986180810726548
2015-04-24,0.00842711017483988,,-0.005700151516224272,-0.0016445165684064733,-0.004243184973194425,0.008653180165873797,0.0002028712939612376,,0.010067513305723974,-0.0032158388092984325,0.01357866606844027
2015-04-27,0.00875460689605112,,-0.0010978355568801446,-0.0037070600218702676,-0.0003551879746609421,0.002782222002439827,-0.005488675178328406,,-0.011960325456407017,-0.018147114291016342,-0.008759148693069152
2015-04-28,0.0013804902670973007,,0.0050067234501496305,0.0057872183673592925,0.001776405934406533,0.0032371704181741734,0.0010222553686694003,,0.007173391912032034,0.004928325010978618,-0.0035088009758328376
2015-04-29,-0.0005909302756686996,,0.007776284910696596,-0.00041063394760687544,-0.004964589632207916,-0.0048401373933233405,-0.008985700326215817,,-0.004228688387750035,-0.009128084359632416,-0.0067817559079780265
2015-04-30,-0.006306858102732904,,-0.0031348635536559977,-0.007812314485803329,-0.008731131346012555,-0.013894803757218077,-0.003296580150922268,,-0.011622994806434028,-0.01402480020630037,-0.01116026646746826
2015-05-01,0.016461966618669388,,0.002298268962163341,0.008702978728598154,0.01258284817853994,0.01221191909774122,0.009096742097016497,,0.005653835337955604,0.013527077604159166,0.013809221670052496
2015-05-04,-0.0027316297596626793,,-0.002533749343416325,0.009859937730330559,0.0015976500423462436,0.0009279523362804021,0.001433691531072867,,0.007420950880171917,0.00632899917050378,0.0020956009854860014
2015-05-05,-0.011348215658591787,,-0.012340062094851278,-0.008950284044353607,-0.013470176883363494,-0.015530349200983506,-0.007978216416845263,,-0.02232205682173405,-0.012578327163751513,-0.010455868108876554
2015-05-06,0.0001978495012855408,,-0.003919719645631536,-0.004925922690383278,-0.0005388492003107759,-0.008477190355084319,0.0030930123619301586,,-0.005478701088645455,-0.0038772000149772667,-0.004094967406033212
2015-05-07,0.004352958904731752,,-0.010821320501918974,0.007013243385930679,0.0052126855676912776,0.007361581726064825,0.0024672634938425198,,0.0036724635819644913,0.004725931104594849,0.005172522054030182
2015-05-08,0.01595769985502038,,0.01640984705193782,0.014338325186808554,0.01180297087533777,0.014380220439417668,0.008408239680744112,,0.007090396571079349,0.016186636382282016,0.01068729011388192
2015-05-11,-0.004654197718202746,,-0.01883575415399963,-0.003635369616902473,-0.0008839712805767119,-0.00511274638400383,-0.004066985297771053,,-0.0068131893644547414,0.0005450200992125342,-0.004438576836982788
2015-05-12,-0.010520145750636312,,0.0046122220871169795,-0.00364793148110909,-0.00106111262891595,-0.0053720235955486695,-0.0022466860206969974,,-0.0011433626712075151,-0.006395345651752815,-0.001835857373838956
2015-05-13,-0.0011812078422223093,,-0.002605432800118823,0.00040692720737167676,0.002124726258225351,0.004226779868119479,-0.0004090277765429473,,-0.009844323811998179,0.001095769378988809,-0.006305573385479657
2015-05-14,0.010447499850953834,,-0.00037366959537155076,0.008946525986306186,0.010072507976780276,0.0161368417808474,0.015356016000681594,,0.011560519960016391,0.013816794385276054,0.004495250000199125
2015-05-15,0.004876633728978508,,0.003982870683495676,-0.004433190351470939,-0.0008748393947922706,-0.003222169676725506,0.003226938567265192,,0.01302866378115719,0.0020234148856854706,0.008028049001688409
2015-05-18,-0.004465074149135773,,0.0008675430554883068,0.0056676643511019975,0.0019262668532087357,0.004848678239221638,-0.0032165589292026953,,0.0038357809023246148,0.005925266775639759,0.003786493894348819
2015-05-19,-0.004875012271819412,,-0.01424314428298823,0.005635955452191643,-0.0027960797266163295,-0.002527391110412669,-0.002621191858442673,,0.002247662432903086,0.004686014430888452,-0.00026021421990096716
2015-05-20,-0.0005879196008981014,,0.001884670467573235,-0.002802647106318279,-0.0036806176354384768,0.0006911439405872244,-0.002224221537962756,,0.001569688913813705,0.0013318240343727084,-0.0011711567729473238
2015-05-21,0.0035295927221319356,,0.009405477916359706,-0.002408407878601526,0.005453026061496891,0.004373822568640939,0.002229179727524677,,-0.0004478579399729288,0.00013327925041162203,0.003907797901892218
2015-05-22,-0.001172392838148295,,-0.0036029300568215517,0.0004023897512503982,-0.004548368732010255,-0.0006876588925740501,-0.004245996855934742,,-0.0015677483553776517,-0.0023948106307967176,-0.0016866646048278033
2015-05-26,-0.012519767404050142,,-0.015835461037966847,-0.011262845768772789,-0.010896628030442224,-0.01444958082703518,-0.007919002502917105,,-0.006282365147949109,-0.010135892367937993,-0.007148633396553583
2015-05-27,0.00653738951460725,,-0.001773560344873304,0.010984332715150202,0.006396607309713032,0.018850254526356025,0.0063445334065328485,,0.0040642706104085935,0.011586706940594382,0.007461536996613782
2015-05-28,0.0025585262648739615,,-0.003934333906483789,-0.0012068206631494771,-0.0047669630913296235,-0.00205590887896534,-0.0014234032737547864,,0.002248672954660913,0.0006659815491176779,-0.0016885165661639778
2015-05-29,-0.006478354589377622,,-0.0011471715263401405,-0.008864201604104727,-0.009934217533638212,-0.007324163906644254,-0.006313728964256193,,-0.00157051503950989,-0.002528899423872133,-0.006898370653477537
2015-06-01,0.0003953559742464474,,-0.002551035953514691,0.0008131928807122435,0.0044793393105559964,0.002767026061201383,0.0,,0.0013482208653123884,0.004003292900280675,0.002882986229493012
2015-06-02,0.00316018674574825,,0.006906295494955694,0.0016245951413205173,0.001961931439748321,-0.002069518146759597,-0.0026643806469984765,,-0.013240692394638653,-0.00651228904402712,0.0022217772418013926
2015-06-03,0.0009846524565999548,,-0.006858925727106335,0.008515524776459449,0.004985250671620811,0.0020738099340509297,-0.0006167986239676848,,-0.014782647460593545,0.0018730167027745104,0.00782352287510557
2015-06-04,-0.01180177064970278,,-0.013556902833522622,-0.008845921326681494,-0.011160350181343093,-0.009197603696943668,-0.007197201924312724,,-0.0013852591183881602,-0.0069433981538606915,-0.007116039796274287
2015-06-05,-0.0045783223221204095,,0.007001133760841105,0.005679750267634898,0.0007168221445053025,-0.003248788180781448,-0.014291254176337365,,-0.012482615463800362,-0.00040366191060114964,-0.002866793862860262
2015-06-08,-0.003598988713600204,,-0.005664851021942696,-0.006050337635024272,-0.007339981861604339,-0.011175627573687064,-0.0004204801206343367,,-0.005851908915292858,-0.0049771836766348,-0.007056477015011331
2015-06-09,0.0006021732720136175,,-0.00012943324123593225,0.002435030882318223,-0.00018038037649104055,-0.0023547013798923544,0.004835245361759721,,-0.0023546957661247925,-0.0002705632559139026,-0.0010531857679889622
2015-06-10,0.010429095931997479,,0.012302408327445669,0.014169511585090833,0.009920365368827344,0.015576645907013686,0.009832577887355365,,0.004956699063900061,0.01230585436700804,0.01027677882135003
2015-06-11,0.0023818300233293677,,-0.00447727244435947,0.003992231321183759,0.005716006011086572,0.00046493250368828676,-0.00041434486707925267,,0.007984348885865078,0.006812875199707635,0.0033904850430013234
2015-06-12,-0.005940425973389063,,-0.011180166963242644,-0.004373716917702386,-0.005860897023264866,-0.008826893578525064,-0.003937854922572925,,-0.008853322786303464,-0.012339297161025553,-0.004548967607331922
2015-06-15,-0.00617545510868811,,-0.002338736686728571,-0.004393391612068753,-0.008395870821194862,-0.006093285986600416,-0.007282665963892598,,-0.0016455236140114904,0.0012089867874445215,-0.0047002426435639455
2015-06-16,0.005211604110551438,,0.007815446742145182,0.005615958416403277,0.0009007598237027459,0.00660196223057774,0.0108993095436265,,0.0047091354757282655,0.004964556945861176,0.006034265576568387
2015-06-17,0.004187366064118958,,-0.002455772765786457,-0.001196460467278393,0.002699346099328981,0.0004686354432590356,0.00539105667466222,,0.008436892625508063,0.0009346022763023765,0.004563572016257567
2015-06-18,0.008339999443886636,,-0.000647814782739009,0.009184966411005302,0.010052579646720572,0.00889726364914778,0.011135603446785547,,0.013246726448145951,0.014138933033722934,0.012071707088750605
2015-06-19,-0.00670652073185507,,-0.009279512877376161,-0.016693292459760478,-0.004857805600798071,-0.008321819265043495,-0.0013949425124394343,,-0.009651375464888035,-0.0007788045287293599,-0.003512360995724606
2015-06-22,0.0037845859637082313,,0.01225122678584234,0.015359922616454469,0.006101753721404757,0.008227104900482507,0.003904217178827052,,-0.0014024315571656842,0.00779315173042483,0.005551904954524733
2015-06-23,-0.0027781381262957927,,0.0032535133682398687,0.001990357563942391,-0.0024975401265567854,0.0006993082985655708,-0.004298744827655021,,-0.013573460664694004,0.001965284535072387,0.003980378187712574
2015-06-24,-0.012734174046038271,,-0.006226247559779852,-0.008342987797739232,-0.009298789103284633,-0.004659668817824314,-0.004522730569600286,,-0.00782895907564296,-0.010071794234356779,-0.006906275007824703
2015-06-25,-0.000805685741091855,,-0.010181376536423148,-0.006009923549644358,-0.007761533917969743,-0.0023409435296494197,-0.001858709344208509,,-0.006695493429777266,0.005549447010475328,-0.000772442521822625
2015-06-26,-0.00383248382189183,,0.0032966150014137607,0.0032245258172962643,0.001818970721463753,-0.008446279992551542,0.0020690200276094473,,0.006018373700445112,-0.0014447776697961157,0.003995365301048048
2015-06-29,-0.0232838090410874,,-0.01892732698046007,-0.024106039267360102,-0.018884961653660604,-0.021297100112096956,-0.015486396840059702,,-0.005264567737792936,-0.02447740501762974,-0.02259308240238267
2015-06-30,0.0031095202151247836,,0.0069670981138427734,0.0037053247739771145,0.000555099552756122,0.0009672508882903053,-0.001677887742928319,,-0.0026463446683757663,0.0035075252908800536,0.004465445903336862
2015-07-01,0.005579354819493121,,-0.012772952118129677,0.015176950431049718,0.0049949191825666706,0.006763275355402554,0.012814849905399717,,0.006030118229852777,0.0107542153189506,0.011375461705989354
2015-07-02,-0.0030822919530878456,,0.004447172095967122,-0.004444686053972746,-0.00184107792867505,0.001439529907494519,-0.000828825510208353,,0.012466969551948592,-0.004654655355801007,-0.0019390394571618952
2015-07-06,-0.008245803062461698,,-0.013148973991400692,-0.00405861013400588,-0.0038722190711326654,-0.004072512202079492,-0.0008309894088923686,,0.0040250579330567415,-0.0004011512993549182,-0.001943251239499455
2015-07-07,-0.0033261585701824803,,0.009109395909003837,0.0020375162124410817,0.008145247969547187,0.0014426119498431866,0.020569000353781064,,0.024764628107071696,0.0048122731342148395,0.008695560174824424
2015-07-08,-0.021897207563437937,,-0.02021018153074594,-0.01748686906477348,-0.01799505228965237,-0.016334135841426622,-0.011196855655705051,,-0.00529335661051078,-0.01716134792288826,-0.019042713810568768
2015-07-09,0.0029846536597744056,,0.0050881655720238506,0.0078640314004359,0.0024310623028618306,-0.003907108737426723,0.0008236233801943715,,-0.011106022391074388,0.005414504925868258,0.0041972344533387496
2015-07-10,0.01403100088404341,,0.005472798999477613,0.011910091770848785,0.010445591821488076,0.01593487536321181,0.011726373676442359,,0.005381227033481206,0.01346302722777426,0.014498682498355286
2015-07-13,0.010901265293841833,,0.007075642603757926,0.012175013662879097,0.011076369510402806,0.015202974840552885,0.009352995719566826,,0.00046597887131905047,0.008500987233891033,0.0144199612221112
2015-07-14,0.00559922228762999,,0.007161211118348998,0.0024058745251882563,0.002738756894240968,0.0038029900756861856,0.0016117399341466498,,-0.0013961574523178033,0.0100106885425022,0.0012692123009694356
2015-07-15,-0.007836486841524826,,-0.01757448842627274,0.008400293150083504,-0.004188198620277972,0.00023698438141095401,-0.0026148884560140973,,0.004892002353402702,0.0013040935693380273,-0.0010141697703227592
2015-07-16,-0.0024942986403756473,,0.0013657841470637866,0.00991625550879327,0.0045713012143386855,0.012784520770504404,0.010284767661073335,,0.014835008979956932,0.004688860002204587,0.0060903250869981385
2015-07-17,-0.0068765226370604005,,-0.012136838570659614,-0.0027490178852718206,-0.0003638246600623507,0.015427665711750027,-0.0005992331032992348,,-0.00982161763888667,-0.0022036795774231788,-0.0017649785359606929
2015-07-20,-0.008392865740808886,,-0.013252555451965131,0.0011814467344049007,0.00018197853831103394,0.005294541269734054,0.001797965565743187,,-0.00507524143940663,0.003247653419337082,0.0005047685230858967
2015-07-21,-0.006136020556466448,,0.00041955340142729725,-0.0011800525651554095,-0.010740920813782973,-0.006640687497634246,-0.0023927486156652966,,-0.009042198362418263,-0.004402912363372202,-0.0031568957920986573
2015-07-22,-0.0042583310806486585,,-0.008110722200903142,0.007482835675977517,-0.004416907798909686,-0.01613659459596606,0.0021985036531584345,,0.004445388869564582,0.002211488423167207,0.004814038770583506
2015-07-23,-0.01453918855793368,,-0.0008459438183289203,-0.008600380101217997,-0.009241968152319702,-0.002108550778580298,-0.0037887259573309295,,-0.014907581878799814,-0.003634163408576363,-0.005925676550619263
2015-07-24,-0.021913489125190644,,-0.01919005170313659,-0.00946377818566313,-0.013059622847098828,-0.00540051260133112,-0.005604652099167051,,0.0009458596486220383,-0.0250097172632765,0.0
2015-07-27,-0.0110916340829319,,-0.01438616263698922,-0.007165561904343365,-0.00491473414902599,-0.00897083932168663,-0.0006038902968755755,,0.012756943417695732,-0.0009357322519127909,-0.007482482163850612
2015-07-28,0.02086134196611633,,0.028608406878160464,0.004009906148876308,0.019376662212594598,0.009052043751716088,0.011279293997472406,,0.004664748463308888,0.018053314984909363,0.007794804253278276
2015-07-29,0.00725125063055021,,0.013623124428188804,0.0099838090464055,0.012299410306491954,0.006609797219339519,0.0033856859289416175,,0.003714984632503082,0.0017075696143531438,0.010270038384807112
2015-07-30,0.005017499863730901,,-0.006999858027859962,0.0,-0.0009201985886886366,0.001876430854433675,-0.0033742617384531215,,0.007402593849440642,-0.0014424035922145917,0.0036394306872875593
2015-07-31,-0.002604747700700627,,-0.02185247489776132,-0.0031629830941145576,-0.0009209609938920504,-0.003276694615617748,0.0019916513729909546,,0.010102813528429788,0.005778247902924916,0.0031265330613328146
2015-08-03,-0.007834237659522625,,-0.02104349419448326,-0.0011902243544968938,-0.004795848966336336,-0.005402184590299286,0.0013912636438042636,,0.0052289302168679885,-0.0007834946026390455,-0.0033661271065169585
2015-08-04,0.004387021305714889,,-0.003386666816176942,-0.001588856902176583,-0.0005558197695099132,-0.005902827632358165,0.0,,-0.016056109991043233,-0.0005227194375959643,0.00425275378794443
2015-08-05,0.005022769113526726,,-0.007534008150496985,0.00397777732543414,0.005562659600034436,0.009738156662348008,0.008733756985599195,,0.0025279171529255517,0.008366871621269922,-0.01083598263139196
2015-08-06,-0.003476803640181436,,0.015927140383356075,-0.0035655194236121623,-0.005163043964473424,-0.009879662988145799,-0.007477451794940415,,0.005273035691830019,-0.02178077867166106,-0.013598631731005062
2015-08-07,-0.013955425759120121,,-0.017875176688629146,0.0019877543177273527,-0.0048194240466238325,0.0007124974033680953,-0.005551014110728447,,0.012314497479303022,-0.001723321112650833,-0.0007654200149228574
2015-08-10,0.024546644191403733,,0.03192582434630453,0.009523981193439779,0.019556942917837272,0.015670032490888275,0.0037877675423503288,,-0.004054554527640475,0.008098668460585712,0.008047889645979689
2015-08-11,-0.018562559092760944,,0.0018795997448581847,-0.009040523977238424,-0.01223982996625328,-0.014960496952155067,-0.0035752263459183364,,0.0049763301486298595,-0.008428759464893743,-0.008997550907138718
2015-08-12,0.00373835089008967,,0.01818147849164431,-0.009123798956201634,0.0001848393452978936,0.004508836200628252,0.0005980934518234893,,0.01778027366329593,0.0006642059894943486,-0.004348142871376304
2015-08-13,-0.002848378956672004,,-0.015164194639518236,0.003603090783685703,-0.0007393916226946518,-0.0028348502456663205,-0.003984096803473891,,0.00022115829512214802,-0.002256571392637574,0.005780007912987939
2015-08-14,0.00461445116128556,,-0.0021585158098232915,0.007179736878680787,0.006291445738866974,0.004975040449041845,0.0032002704888938194,,0.007517123767055933,0.0027936090513589473,0.0006383862787053829
2015-08-17,0.005686685676556058,,0.002163185079016028,0.001980337806257504,0.004965186510999642,0.005657875259995837,0.0009967169710660695,,0.004828113164577985,0.010082220385961627,0.009571437112857017
2015-08-18,-0.006524307148112918,,-0.003741382439883978,-0.000790433167830229,-0.0018297908929982842,-0.005157055078558348,-0.004979229603430113,,-0.002402692597263889,-0.0014444972589586769,0.0008845508715997763
2015-08-19,-0.01225912895750092,,-0.02758945936676216,-0.009098195645266483,-0.00934919280880575,-0.006597844382837836,-0.009207584633073362,,0.004159339469384404,-0.004077371765203619,-0.0017681884943554493
2015-08-20,-0.018838640744542334,,-0.02257847628071652,-0.021157821297814516,-0.02072538106972699,-0.024430464733325663,-0.00909098652396989,,-0.005886188683429827,-0.02324388196712146,-0.028086764307869716
2015-08-21,-0.024395789498936837,,-0.03495442610313704,-0.03588898952681607,-0.027588698602866946,-0.03817137904658374,-0.02731884133017115,,-0.012061220170723308,-0.03055673313125884,-0.032022920093551344
2015-08-24,-0.04190807840264987,,-0.05370078846220028,-0.0427242176523035,-0.03556157343100008,-0.039434043052218426,-0.03479334573522974,,-0.03751385735800672,-0.04253790397834767,-0.039941337271569455
2015-08-25,-0.015707958061697558,,-0.014478272013721094,-0.01325659420265457,-0.013097313561119206,-0.00789513851442969,-0.007600496352642039,,-0.03067339083640086,-0.01005163042918733,-0.00406175233797923
2015-08-26,0.027007127804116626,,0.03444754033408892,0.03761751227957366,0.031237435679641656,0.0503982875928668,0.029540502074823394,,0.017844115427082308,0.04223105046256559,0.037974605632404845
2015-08-27,0.03633762462750445,,0.049461325552087265,0.024600933934051827,0.02415367945270508,0.023232023483765962,0.014665110950577764,,0.011687985268818313,0.01948337216162299,0.02344165126260589
2015-08-28,0.0057667007211821275,,0.022709563176480874,-0.004633601271843979,0.0003863116862723448,0.0019743921193018377,-0.0020948033936517563,,-0.003003494272295404,-0.00567807885708449,0.00039717537417249815
2015-08-31,-0.005504186698672253,,0.010342420890811832,-0.008463926025325419,-0.008888523411001548,-0.009113330627055993,-0.006926925483862756,,-0.015991281240556376,-0.018245185211905546,-0.007675864583807646
2015-09-01,-0.030442873727501096,,-0.03522527500922934,-0.032437418138182905,-0.02651580839856449,-0.03206557891255557,-0.02050321645187858,,-0.027083952123370114,-0.02624482316912158,-0.025340287125451888
2015-09-02,0.014271755444189793,,0.009206051527050452,0.013675162190001755,0.02223067221256647,0.024139694705979764,0.0135956337872849,,0.0007260119002820975,0.020541724747292323,0.021072637004488914
2015-09-03,0.0060976735238946755,,0.0027830606656682466,0.005656576751769116,0.0005880709056356181,0.000751981404448987,0.0068123523012479925,,0.004595999508348658,-0.007137349684633532,0.0004025940349157153
2015-09-04,-0.01981329246511132,,-0.016497112434016192,-0.01990458017759955,-0.013902380965951977,-0.015283845391841133,-0.01628241646184747,,-0.013724983677955938,-0.012509441808725708,-0.010716577279476835
2015-09-08,0.02497025310539769,,0.015676430653845275,0.02560648166129642,0.027600844581715522,0.027989597789541243,0.020851512183701626,,0.021240374293017394,0.027956151696502785,0.023154577489991057
2015-09-09,-0.0076564932840538225,,-0.01883048772327689,-0.013774635176741712,-0.010627638628322167,-0.013118958311212348,-0.01642456083152455,,-0.012431204508024929,-0.015439283111415514,-0.010720045407194623
2015-09-10,0.0023379163810783865,,0.0058206280018848755,0.004801157297257275,0.0005859622293060696,0.010032686763646659,0.0017125138685674113,,-0.0016944408175734171,0.009638632937071234,0.0028093537831972437
2015-09-11,-0.0013994779661848922,,-0.008914930754394534,0.0043442303974485785,0.005465477426111809,0.0047181043564179515,0.006625555680647599,,0.007516838100173118,0.006412470104691703,0.0074708132543945815
2015-09-14,-0.011913341127967048,,-0.008678668051185778,-0.0021627820193517167,-0.0050477170364936486,-0.002470956712285699,-0.0031848476746567655,,0.002406796141812162,-0.0031146288521128884,-0.0052964484003621415
2015-09-15,0.007328855870841089,,0.01114299828301668,0.01430426625047776,0.0173657185194962,0.012883882315831041,0.011927618277264518,,0.0052820700575964,0.014344118173913678,0.01051633822528597
2015-09-16,0.01431584316464063,,0.028337183355434892,0.006410463145734235,0.007288410129636214,0.004158185224354627,0.011365974035416393,,0.010031248437594176,0.002800660650986053,0.01132918748577083
2015-09-17,-0.004627697689409294,,-0.0006125778099383972,-0.014012833871684394,-0.004379762143452037,-0.0068209407643858855,0.0,,0.013714869344336522,0.00907561210418617,0.002605216580703562
2015-09-18,-0.021083521728305854,,-0.026264285715567826,-0.019345057535589905,-0.022091991245594134,-0.012984339192243177,-0.011561846161392886,,-0.005628291203581326,-0.015262021057790731,-0.01592323633527104
2015-09-21,0.003343062071027747,,0.005705099769891975,0.01147440911205666,0.004915510845270976,0.009984894608120465,0.007416832171457388,,0.004025582721980392,-0.01325646225063526,0.008746319023756444
2015-09-22,-0.01856301132072935,,-0.010557442262283834,-0.012652879442213272,-0.014478558256821872,-0.016806955580669358,-0.010938394466348145,,-0.012499552285753501,-0.006145181420770807,-0.013268350840325516
2015-09-23,-0.02133815931951122,,-0.012900285871342398,0.0004417187283305424,-0.006948605338322311,0.0025141187656787523,0.0017014822356602455,,0.0026273486745456154,-0.00100661706821914,-0.0026629256489807407
2015-09-24,-0.002725615316623964,,0.004355979943951427,-0.007067032876077128,-0.006197430417987704,0.0,0.0016988064312248863,,0.008098725307785326,-0.010220457212324119,-0.00266957928078726
2015-09-25,-0.001241833518399793,,0.0019279785970740537,0.014679774179836569,0.0020117275580973093,-0.0017553296295526044,0.006358035276916807,,0.009688023274565305,-0.027341608717830757,-0.00013410514736056367
2015-09-28,-0.03109493699837096,,-0.03992309638947633,-0.023235756251389517,-0.01967488730279021,-0.02285865555945621,-0.014742750500364998,,-0.004914148406344965,-0.038725766292979746,-0.028781313946665943
2015-09-29,0.003851174978184879,,-0.0015032387423413729,0.0017955305119803366,0.006553167403460236,-0.004370323722692748,-0.0004274719222048251,,0.000234759170986365,0.009177115401495017,-0.003308690579811535
2015-09-30,0.020972076603318124,,0.02358262951591006,0.015232860572441442,0.015055935550994937,0.019881624957417854,0.009195979959162326,,0.017869765597152476,0.020807691510453363,0.026967507032141347
2015-10-01,0.011272432896195284,,0.001960771457233834,0.00044107091791611985,-0.002204548414856733,0.000506192097617042,0.0,,-0.011780972216896002,0.010116215119909011,0.007406435303340508
2015-10-02,0.02452305956197498,,0.04125884160373805,0.0013238913711195455,0.012655322667337154,0.01417001275819696,0.013774055772395988,,0.013324220472990866,0.020777054433254394,0.014302531747979907
2015-10-05,0.026112432868710567,,0.030227037279450863,0.021145622793884655,0.028367602690009264,0.019710822188414134,0.017140122521987156,,0.012918139963683517,0.0026359573861096663,0.014760139702809871
2015-10-06,0.012959157644754304,,0.022195231644257962,-0.0047458989366976345,-0.0009647122924223428,0.0012229549720468302,-0.006781611389115816,,-0.006832596463242413,-0.023513736900316995,-0.007402784812206464
2015-10-07,0.013259054317900976,,0.012641333777086095,0.007802209031318563,0.013130165367176705,0.004643421317594765,0.009104131222636758,,-0.003439617400858075,0.016003487395057858,0.003402229848600058
2015-10-08,0.014004199343925494,,0.019092681671085465,0.0060218625678263304,0.013912689624039576,0.004621646095652743,0.011892510597430128,,0.012425655910071942,0.0029440131198767983,0.0122572392786775
2015-10-09,-0.0004533535298221203,,-0.006485250078970384,-0.006413305250787427,0.003383387004842975,0.004358735555791471,0.0022290668683242476,-0.001655369837029852,-0.004773095387055282,0.0045500689979318665,0.001159015238985539
2015-10-12,-0.008607051173476155,,-0.012909565136261403,0.0008607417262094241,0.00018751388274274028,0.001204970269321537,0.0026280102646796255,0.006300091149096021,0.008906110482993723,0.0026301137569508803,0.004760815310107969
2015-10-13,-0.0038839295909437466,,-0.010433818462720068,-0.007738906402085077,-0.010676560631291965,-0.0021670395640929208,-0.006049048251727029,-0.00626064849293817,-0.002262829005653555,-0.01253275293635947,-0.005378228056180379
2015-10-14,0.008027624753313756,,0.008613211910887264,-0.008231812888563228,-0.010791083663199807,-0.0019303946547766238,-0.011564294761210792,0.0,-0.00022723810460301141,-0.0019184064091443132,-0.01017096824183683
2015-10-15,0.00273041284687614,,0.017962188633505738,0.022717282362676894,0.010908801452337302,0.012814482819082151,0.009031044311944347,-0.002983771103194588,0.014749185181677227,0.022327217468474103,0.013007082864556097
2015-10-16,0.0004536335188951579,,0.001301824312008426,0.005980397913903035,-0.0051114194070710495,0.0019095544591725133,0.009560379425440635,0.019022124640800442,0.0013414698850247042,0.008967333912571984,0.00526463107956654
2015-10-19,-0.0070312326221645405,,-0.019789102615905052,-0.0008491681735657286,0.0013319296328369035,0.0038122394772639456,0.004433288030600391,0.011683630960572122,0.0006701641878419373,0.0035834634828131318,0.004726041996062191
2015-10-20,0.0015990965449153016,,0.0027999919441956678,0.0059494722840456316,0.006651663160336607,-0.0026108718035738887,-0.0006017191367846397,0.0009675219469997831,0.0033473856025014737,-0.01571169254445448,-0.0012716440865887524
2015-10-21,-0.008894106520032974,,-0.012343951860980473,-0.007182003515550206,0.0001887917398060157,-0.007615508092467804,0.0002006938068990216,0.0008055477879378437,-0.0020014933434140403,-0.008997460746669739,-0.004454843443902234
2015-10-22,0.02738165692510086,,0.018003195857136278,0.016170535407594278,0.027935035978162492,0.022541742584519353,0.019867434964096597,0.012654968924658228,0.011589067760285676,-0.00600348941678408,0.013169328463058738
2015-10-23,0.008286480695079534,,-0.00233856700997892,0.010887831494514,0.003672023508241473,0.027908183467824976,-0.0015745536869276044,-0.012019865358562032,-0.017624927542572277,0.02136113757931879,0.004922152848785721
2015-10-26,-0.008218379254046115,,-0.024465332309141496,-0.00414254262330771,-0.0021951198184981813,-0.0038783575650220836,-0.0019705499764200995,0.001287270204598956,-0.0035882995898852688,0.0038946232769503375,0.007032356505026316
2015-10-27,-0.00425543957704555,,-0.012013912390367865,-0.005823910647554609,-0.011001008801481138,-0.005726188376955599,0.0013821084973608677,0.0002574399031849417,-0.003601522209907726,0.018390580699211956,-0.004739112168298143
2015-10-28,0.015070103666549706,,0.022191768640151377,0.023431091613681065,0.007971803340088846,0.014973615036856014,-0.005718671917674056,-0.0036313001548641255,-0.010616935199931454,0.00832356184064853,0.009522713917768266
2015-10-29,0.001994135338550196,,0.005056248811475816,-0.0012263641268667191,-0.0005517068594735886,-0.00272379691087854,0.00039671131028651274,0.004547521440087854,-0.005707219285063125,0.004477732629833975,0.002854778905829969
2015-10-30,0.0013268125406258324,,0.00650970816146379,-0.014326905938721546,-0.0012883085303142527,-0.006599689096262518,-0.011102110902032725,-0.0062928213344586315,0.004592166737124259,-0.0062681069098216025,0.002104042783790172
2015-11-02,0.006183552684945193,,0.02337184216193089,0.013704196278935044,0.011609056230786674,0.008934751061603574,0.00601428058986242,0.0,0.0011425650154510691,0.021306655799192775,0.0045695113998123205
2015-11-03,0.0039507337550073185,,0.02556761678012065,0.0016392051554443565,0.0007281167149830736,0.005222379888871975,-0.004782801026988137,0.012923671758801936,0.0029685949381852428,-0.0035686812597496287,0.0038112566174655083
2015-11-04,-0.0065585417161249104,,-0.008963606287466952,-0.002863504938469541,-0.002729998573768988,0.0011296127796083244,-0.004205050244422859,-0.0041464598621809845,0.005235210207642282,-0.00440816067009997,-0.006490887671501411
2015-11-05,-0.005061680574243277,,-0.008479474103627593,0.004101882042757188,0.0012774756879097016,-0.0029334854328049165,-0.00020136154506011916,-0.003843519030041209,-0.008604844285638347,-0.003181512004559961,0.0035744696097896878
2015-11-06,0.0026543166357479997,,-0.00513117771316729,0.010212521180887002,0.0,0.0033943903601414416,-0.010860486410433912,-0.036977514184212024,-0.03494764805657791,-0.004163846354567791,0.00012275338466993801
2015-11-09,-0.006838996906901151,,-0.009885280093489657,-0.010917929791608993,-0.007655828902289219,-0.00969788119187176,-0.006710212301905161,-0.00801345519585095,0.0026040347314126855,-0.0076659640176762744,-0.013755616144257132
2015-11-10,-0.007330152081542196,,0.0021705646059797523,0.004497019356201504,-0.00018360953553964166,-0.0066042966673545145,0.0026611369241531513,0.010770857765602493,0.008970736561001447,0.0067417174348087805,0.0094644968256683
2015-11-11,0.0011191947705919691,,-0.021224857334639524,-0.0032561293164469207,0.0012859249477461532,-0.0004584798031028736,-0.0014290533933011274,0.003462976107926785,0.008656927599699715,-0.009905093773862284,-0.0059216103236607864
2015-11-12,-0.020116344961049526,,-0.02271690010881422,-0.015108385405063762,-0.01357788216306055,-0.008715703184245416,-0.013493789457629357,-0.006105806908865419,-0.009511042343377296,-0.017331242656666745,-0.009307592518959074
2015-11-13,0.01277397109261491,,-0.0040753130134466575,-0.008291485866672277,-0.004464418904468359,-0.01966687319390148,-0.008704878407757022,-0.013021944687933162,-0.0037467529297623425,-0.0024376961719023704,-0.02630565580541455
2015-11-16,0.0128378795978481,,0.03334294667994908,0.012123915175292543,0.01289267717609821,0.01534125776046702,0.017143705559057087,-0.0010146546927407574,0.016925083648551276,0.01250502781387608,0.012093020288951317
2015-11-17,-0.0011126450346747863,,-0.011000095960080558,-0.0020654008139650015,-0.00202937567492556,0.00023228729484392474,-0.0004109371743353796,0.015576962359282742,-0.018030630150623672,0.004259213320706667,0.001906626586867688
2015-11-18,0.01780986942298135,,0.016461710317780653,0.017798167440752355,0.013863121111047594,0.015105850882626726,0.01377750368397157,0.011837577715060332,0.006355966945679636,0.019508169514438123,0.017127852179136926
2015-11-19,-0.0010935683659673012,,-0.013422813666790767,0.001626623715082376,0.004375700984381892,0.004578696843785535,0.002636948940429207,0.00543722722165163,0.0107604311015006,-0.01677750601235073,0.001247373004515051
2015-11-20,-0.003065426180135389,,-0.010647923939935855,0.0016236336381856287,0.005082827336366336,0.007292505108611236,-0.007080625538304242,0.008194300416997757,0.004166094802498854,0.008601832378478225,0.011959670736576333
2015-11-23,0.0013181931154464532,,0.007174928043826689,-0.00405331608965398,-0.005057122854080109,-0.005882221435986379,0.008761082341360638,0.005201685019794899,-0.009218936359850716,-0.0025160234023337003,0.0036933917596793098
2015-11-24,0.008334980327597385,,0.021371272926351992,-0.0028489384918289895,-0.0016338225374243898,0.00022761931608017427,0.0026257641318192526,-0.015200370370107796,-0.001396011601187852,0.0030832572438204142,-0.002085307838221917
2015-11-25,-0.006308795913236853,,-0.008137116480119944,0.000816007764918858,0.0,-0.003185554232965848,0.0026187858740924774,0.0,-0.006056078926541475,0.005450050075191948,0.005039237440231048
2015-11-27,-0.0013132454161820517,,-0.007178430900786736,0.0024470774150611163,0.0018184870351642957,0.002282555367608907,0.0038177243985506593,0.007553117849572022,0.0018745364714594093,0.0019459901690777048,-0.0036692104867263042
2015-11-30,0.002411040930334618,,0.003688880788059734,-0.0008132357109061905,-0.0065339361322714895,0.001138972111180303,-0.010809018018296479,0.0022818720668353887,0.0016377826397162565,-0.013593835899744167,-0.008468993647126721
2015-12-01,0.006998069970801657,,0.007938789931528634,0.010993267260115624,0.004749784779968458,0.008872038044381192,0.008498594852821784,0.016552389081674335,0.007940289788695543,0.01687517147162043,0.010274973239225771
2015-12-02,-0.013463926877990584,,-0.03092162095952755,-0.011679353049219632,-0.010181705818214315,-0.006314127784632473,-0.005016144769747766,-0.020441924537150657,-0.022242887458125638,-0.008436045197995679,-0.00869999428066115
2015-12-03,-0.008804910166813507,,-0.02001797200631561,-0.016299731417527386,-0.012490766761862226,-0.012933691822660909,-0.005242650975829211,-0.019921716345692064,-0.007582794152190431,-0.021896780161475116,-0.015080356607907186
2015-12-04,0.01754416458864627,,-0.006297484578955959,0.026511727624207726,0.014881139890340345,0.024597666729743617,0.022501573615320902,0.020326658265921616,0.014087309325830688,0.023527853866428083,0.01932722440908985
2015-12-07,-0.01789634147596375,,-0.03802130921279412,-0.009281633672819756,-0.00494865861449012,-0.004935588559513371,0.002775577757553771,0.0,0.004473910348846921,-0.005572975014531245,-0.004186535325207519
2015-12-08,-0.01888884453289097,,-0.010282708132382412,-0.012627138109344904,-0.016025186838332983,-0.0024804706287615552,-0.0025701171690433178,0.003265515041596556,-0.001406372967308167,0.002241721038856559,-0.0029670783463210393
2015-12-09,0.030124785902352125,,0.013148932076470388,-0.011551540547679484,-0.0029955661835161518,-0.014692785145038356,-0.009514708355505497,-0.005533431258601174,0.00023488223622436522,-0.010064450997960384,-0.012772701025655753
2015-12-10,-0.007476105139253342,,0.006409561712299228,0.0008345778766711831,0.004694095949046906,0.002752870378154748,0.0012010538487456923,-0.008183478561860302,-0.01642831206558326,0.007484165779093166,0.003391426305067835
2015-12-11,-0.02658391204640642,,-0.037414500829656805,-0.022101539964413885,-0.016818932846741186,-0.02081871282951897,-0.01099344323850937,-0.005346170431875796,-0.0028632087986102395,-0.014716283345350356,-0.022783904940228084
2015-12-14,-0.013199660613880226,,0.0052924323536611695,0.0021322178829725758,0.003611151197159712,0.007709698715863134,0.009902694903968223,0.0030855216064191726,0.005025130763122387,0.006543400291928014,0.005123921742904436
2015-12-15,0.005534913505830463,,0.02517312389235049,0.02340418887921647,0.0001896607474933809,0.004405391220276167,0.006404139115791407,0.011544216737601642,0.007857332408766737,0.013001596674919735,0.005480669966196672
2015-12-16,0.01032132451915313,,-0.006579913246579916,0.016216429697023083,0.017799579744835814,0.013619564013289676,0.019288176609183028,0.017985530667976368,0.025277379677087763,0.012974487553853775,0.01673176117533992
2015-12-17,-0.019977819667539087,,-0.024555853110775683,-0.014320694976934667,-0.016558206122942454,-0.0157139210452909,-0.012875661144611139,-0.0012847013843302335,0.002073866623864662,-0.010742220375077771,-0.016456416347216396
2015-12-18,-0.013512208782389568,,-0.01751395076036788,-0.02673367508537372,-0.015245272297181423,-0.019393414302744882,-0.01771868059742876,-0.013008150989033407,-0.012429353359043604,-0.014498331725675717,-0.015719557187574784
2015-12-21,0.008989551991596345,,0.0010209231403883745,0.009871231778345146,0.007730888619141396,0.01019674269874593,0.011349904444304615,0.0016475606795154363,-0.000705314109929911,0.009079277444580702,0.005043094968343542
2015-12-22,0.012661429439699834,,0.011724137120548539,0.009349906547453823,0.013809020093031421,0.0072769016723186475,0.013026247486050746,0.009210415546618389,0.00847459366220682,0.006748443820265848,0.007334333137732019
2015-12-23,0.023616671190580307,,0.04350043622402788,0.011789480261971352,0.011729091997156882,0.00838960022307167,0.007319436972181181,0.009778328982299467,0.0154059471609167,0.01075277920386375,0.0051092449767971004
2015-12-24,-0.002261957022604899,,-0.00901346751154497,-0.0008324666735289865,-0.0003740320777563255,-0.00046175559199435057,-0.0009818940469512594,0.0009685737166331698,-0.0006891405346290957,0.0009664782923675119,-0.002668813141968096
2015-12-28,-0.007027984941411547,,-0.018190336448117184,-0.000833160251672127,-0.002244604946026185,-0.0006939417432891837,-0.0013760421517434729,-0.002676894735734403,0.001840170544388009,-0.004692466824764208,0.0025486006670143446
2015-12-29,0.009360857981950854,,0.006947639050744581,0.010421528154219928,0.00956135290655813,0.013651096681948749,0.008661354340406602,0.016587668802494182,0.005510614242384415,0.012203324154782091,0.011565712885876378
2015-12-30,-0.009274044964123429,,-0.013471514855413091,-0.007013725545851446,-0.008356412929799384,-0.008445379122907104,-0.0035128996832756165,0.0,-0.0009133922450519361,-0.00424679379898929,-0.008041160472896158
2015-12-31,-0.008675854608755307,,0.004496318380188935,-0.00997052228333939,-0.00730356719878078,-0.014042202280848182,-0.011163234684724799,-0.008142310010397447,-0.010742548075428071,-0.00894364116674451,-0.010006254313319585
2016-01-04,-0.01566101307626311,,-0.0003316440919054475,-0.01930331098489635,-0.013393755027074294,-0.013075048159489788,-0.012675757098532192,-0.02321709947657069,-0.0020793336561761855,-0.01804776130427621,-0.017144137453726782
2016-01-05,-0.0004677758604660909,,0.0038142643373979546,0.003851164464467649,0.002676948113200961,-0.0026025680829177,0.006419046353603575,0.030301958010013008,0.007177018421366643,0.004806958864521427,-0.0013020577921271093
2016-01-06,-0.02621734786089025,,-0.038493117098588714,-0.015345862559053569,-0.015446240252838805,-0.012333999994930567,-0.0033884868743321306,-0.009654814264579703,-0.0018387202244891654,-0.008161064528747763,-0.00977589034650661
2016-01-07,-0.027163162686591802,,-0.02439860085983625,-0.02813831981046866,-0.027116069279880084,-0.029538555353544327,-0.011999732648962813,-0.01834011259077195,-0.006679297008324703,-0.020286594779960976,-0.020534398647715002
2016-01-08,-0.010131211973263166,,-0.012856609235653904,-0.015589721235767184,-0.010153255537723616,-0.007919119849083889,-0.007692370887007138,-0.013110212631868623,-0.0004632866463626373,-0.015059099048318703,-0.010751433328036075
2016-01-11,-0.016974683420086456,,-0.021409212949628942,0.0013572987047738572,0.0006034306058935179,0.006485478873864192,0.009383884269856368,0.0059780085914591385,0.005335106779651433,-0.011908339369414045,0.007879623684069248
2016-01-12,0.0015235384310785527,,0.002369981730493409,0.00768174767034302,0.008040399592287306,0.01189629287948235,0.005456678350339139,-0.010894599380082637,-0.003922633257439911,0.012795753884086158,0.011052521538285287
2016-01-13,-0.023072540873019354,,-0.024008580737828522,-0.02600878714523347,-0.024127916853280196,-0.02694166854247282,-0.018291568361043176,-0.010347140699473734,-0.0004631020617462678,-0.02967550535068597,-0.03372849613298412
2016-01-14,0.013495628172939922,,0.04304871200999805,0.00874755857809073,0.011851204427536066,0.01887763852363422,0.004709337950548509,0.0033726407727017182,0.015063300144076086,0.02679812816550875,0.0071743830829269495
2016-01-15,-0.02048624964031509,,-0.02894417625688872,-0.02236414739571224,-0.01756850535424581,-0.02816210537142738,-0.015691909542930982,-0.016806703565003578,-0.008903979216007052,-0.014007779920781172,-0.02054834779136394
2016-01-19,-0.012287644346541504,,-0.02152702038505039,-0.0004667516902909785,-0.00020572393275430922,0.0010172895763351786,0.012008497845974464,0.006837617441549426,0.014973327767236588,-0.0001494546630056437,0.0037760278373253353
2016-01-20,-0.00741142366709302,,-0.026513811191293257,-0.019616908271836264,-0.012952380558835297,-0.007871911394482622,-0.012479482829435784,-0.02682521922990233,-0.02246926261329152,0.001944283715877626,-0.008777646517214688
2016-01-21,0.008799986521750514,,0.031098988337712408,-0.0042880400761587945,0.004374369117972066,0.00563025384776128,0.0039359130920828544,0.007676301360193483,-0.0009286614321589726,-0.0029854947610328253,0.012791723438225322
2016-01-22,0.017975366501581824,,0.04421148985666101,0.018181939376032297,0.008709876846119347,0.027742765381062462,0.01712774906265735,0.02077565521900282,0.017894377735708344,0.0158707880390605,0.01748777104975785
2016-01-25,-0.03194024202531476,,-0.046645600371322704,-0.02020690623579191,-0.01233555133901132,-0.011639522354967458,-0.008926897834896863,0.0,-0.00844687466903793,-0.009285180465233855,-0.01145798192220171
2016-01-26,0.01716774322444614,,0.0378251296115093,0.016786392362882152,0.018943095499471818,0.009771611214763443,0.009211820800782533,0.008887412119161553,0.006907374936581556,0.0075868740966844594,0.014626343135800246
2016-01-27,-0.00791141915828808,,-0.004714597748584626,-0.0037735014036218706,-0.011236322043010394,-0.02059505111610671,-0.0010143624618610403,-0.008809121823111665,0.0022864017000403525,-0.01136889974877242,-0.01564011853714653
2016-01-28,0.0015949390882175063,,0.03042454610716283,0.00047385294270085865,0.005785210390935047,0.01292138238766194,0.010152500122841968,-0.010855053652887636,0.015971134670796472,-0.023297243054393846,0.01284928778038541
2016-01-29,0.028927552414200086,,0.02917243117213575,0.027922284557893917,0.026910329149667733,0.03151527697036771,0.02030113722825555,0.00102856226869541,0.019986120733012314,0.016360709006947305,0.01091275636198108
2016-02-01,0.004126973512118548,,-0.016663866319166165,-0.004144052302878842,-0.002400411567006655,0.003637161970890146,0.003349299723730992,0.021240647613237185,0.0094680028149845,0.0015044934695018775,0.00607185270771593
2016-02-02,-0.006678693721007267,,-0.03336822856825272,-0.02773913162920194,-0.020052080780993742,-0.01787823035625502,-0.012762610544707065,-0.012747519299385224,0.0043617113828891,-0.014420733538977437,-0.019447605384918076
2016-02-03,0.033617750837583005,,0.0356044520590757,0.0009507477514461016,0.016165566357525973,-0.0012303691706923026,-0.0021876833843982313,0.0010194938749850113,0.012377902632336513,0.006553760113154894,-0.0025982748889360474
2016-02-04,0.02777116889357445,,-0.0005235342474381177,0.008551100901396769,0.017317704907838793,0.0009851920071519693,-0.009168588357167051,0.006008051305377071,-0.004290125639393683,-0.005451619811431829,-0.005759862926120074
2016-02-05,-0.011441263075342656,,-0.023223584806353892,-0.013188694539940538,-0.009501636953631487,-0.028051020942678084,-0.0016096338551657707,-0.018186531608037737,0.003231457588598774,-0.019488035332021814,-0.03227611219528281
2016-02-08,-0.026347956950932727,,-0.005183766981256777,-0.02529804899689503,-0.008393184014874655,-0.014430457310068423,-0.0026192410894064766,-0.05299329419231136,-0.0034358081892150727,-0.013664802316969982,-0.019384098781347614
2016-02-09,0.012392035142447133,,-0.024078697108615543,-0.0014693846976814307,0.006045822980093041,-0.004623708750710276,0.006666973021973721,-0.007838782558770019,0.003447653665914041,0.007399246563892792,-0.0015988018854242725
2016-02-10,-0.009492825870823562,,-0.0040513593123906455,-0.0053947426305698265,-0.005207804312763242,0.0015487265284752638,-0.0012044688115575575,0.021214380863552096,-0.0010735695193839767,0.00890770164908683,-0.0017469912257550568
2016-02-11,-0.021689290353344992,,-0.004252174728398672,-0.03057220544187844,-0.019533262897121206,-0.0020620325841020914,-0.008037059303664273,-0.025072010665027844,-0.017626915987028813,-0.016109106374664783,-0.0005837219846969166
2016-02-12,0.029646356395109263,,0.02636473396479655,0.04221828003499084,0.020127498487186646,0.013942872027447484,0.014178505260183938,0.009919409831877113,-0.0030634053696416697,0.013381678258950203,0.018386397464782878
2016-02-16,0.01527322392205921,,0.009949689080687163,0.01610502741824482,0.020132822145019214,0.017825703123384162,0.007989306497375503,0.0,0.00636550538984082,0.01879781872431474,0.02421553590263459
2016-02-17,0.019728256077468087,,0.03277798705046542,0.013448615700755395,0.015393780355237752,0.020515138285905232,0.010302884942795743,0.03128412599476116,-0.001963300183389638,0.012655918933020427,0.021544370099620513
2016-02-18,-0.0029019080384889984,,-0.01248736944511697,-0.005687245875306557,-0.000583229070075908,-0.003922411950088689,-0.004510964499196635,0.012345771000276784,0.016389747987780368,-0.006173493009337894,-0.006573238284347416
2016-02-19,-0.01164186850150617,,-0.0022828907992942238,0.0,-0.0019445503330627334,0.000738479861457364,0.001576437165145217,-0.0013938058817455357,-0.006665105106551494,-0.0010607272157693304,0.002757059537088047
2016-02-22,0.019141044095789317,,0.025523624014344826,0.015729433844186458,0.01695248060962573,0.013280515458942377,0.004917294140047046,0.01535250822771328,0.011688620305728481,0.014257617584635174,0.019383874185935568
2016-02-23,-0.024560543518559186,,-0.034157013841267236,-0.017831788853112318,-0.009963804426618705,-0.015776407530235126,-0.00019554886073669397,-0.005154623824509708,0.000855234251781356,-0.007477198522746531,-0.005529184825844635
2016-02-24,0.010367627190093875,,0.010129533646914934,-0.0023890058729443275,0.0005809226795538969,0.007644783134966193,0.00313223826786313,0.0008290055787154582,0.00470315717905434,0.003314613351460327,0.005831122912848263
2016-02-25,0.012949383145460791,,0.0008799226949682826,0.013888517272990564,0.013152543403198935,0.012481503304296426,0.011319386882352012,0.006419331254466698,0.010212560651481573,0.01246444018691828,0.00997712155876429
2016-02-26,0.014471714033349903,,0.0059760459726703186,0.007085971281016734,0.001336298894211163,-0.002659084202059403,-0.014087407655356099,0.007201979074539233,-0.0275908175117211,-0.0017798319134876284,-0.0010676147685876325
2016-02-29,-0.0061818474352810515,,-0.011357620325769702,-0.010788240752236389,-0.006291461930772235,-0.0070280523255514815,-0.0033273707602476943,-0.0013623784739960065,0.0028156020399126014,-0.015898951870081612,-0.005212033229954338
2016-03-01,0.025598084490528805,,0.026157577626914286,0.033665192128137233,0.019570317875025278,0.02977765799729326,0.009622935565060331,0.023866623688197253,-0.004967358029881241,0.02144021063817325,0.026464435337851366
2016-03-02,-0.003965347205862502,,0.02445763605766116,0.011009320404278489,0.0007525923389108957,0.0028439873007948258,0.0029177036625473995,0.010989105134862287,0.005209704720707142,0.0016260495355922,-0.0009164091157807253
2016-03-03,0.006088534961618874,,0.015131159551381224,0.006805808266324265,0.007145410118074569,0.0,0.005042782608492891,0.0013834271510848595,0.006046222220599695,-0.0028036769156789543,0.005894820845801174
2016-03-04,0.01163919592887952,,0.00960592475448041,0.004055509843027494,0.004107525203485229,0.002600007698787099,0.0042452406498494355,0.0028942442389030543,0.01116110182172192,-0.0023681084198345914,-0.0009116526234320688
2016-03-07,0.011504745257838067,,0.023457781901576436,-0.0004483525833995916,0.0029752253120765015,-0.006129151136450406,-0.0061490112017967835,-0.0006558562303454751,0.005519289757329071,0.008010532250890767,-0.004301205327320368
2016-03-08,-0.01956316157094229,,-0.04199376602856908,-0.01616542318075964,-0.01408972063100944,-0.006166746513968202,0.0029001186804089585,-0.0015093526626227538,0.009921434905717064,-0.012214835042866135,-0.007854317762854612
2016-03-09,0.006264831823208805,,0.016228648437396576,0.0013690693235302032,0.0031967348226176195,0.008591828708226057,0.007518967665956389,-0.0030571828040432125,0.004598727583398077,0.0017879220456551437,0.0019788994524299053
2016-03-10,0.005302895663965801,,0.0008232348842081016,-0.0009117025979603621,-0.0014997737410304968,-0.0009467963184189854,0.00038243762810430404,-0.004714347169168409,0.0008321848193439951,0.0005949327901559887,0.00250178250321742
2016-03-11,0.018348291990935683,,0.025826852546762424,0.026003830167792064,0.014454989328632095,0.015395565887485585,0.0032520167813381295,0.023254126157458366,0.00103964068084883,0.01947054759170941,0.01536876858850178
2016-03-14,-0.006756201960034458,,-0.006574584711144582,-0.003112385759356018,0.0009250096385107209,0.0011664562365523157,-0.0005722947989762472,0.003237342552591116,0.0012462731407618666,-0.004227676897679111,0.0037512986259922165
2016-03-15,0.0022671739969022386,,-0.0019372283317061756,-0.000446059996749848,-0.000554678665562025,0.0037279524925590835,0.0024802172352591523,0.006615023164421974,0.0018668636362142443,-0.015519845092345386,-0.00025730070167906405
2016-03-16,0.00837138967673301,,0.01730539943040843,-0.0022309146705745686,0.0035148018652546575,0.011606309872973952,0.00228348835788017,-0.0075334502658761515,0.015320776222617294,-0.0023796638757577204,0.008121600108873084
2016-03-17,0.018397849639627317,,0.013672733296853146,0.012074917651654138,0.021935619029720188,0.00367139589357679,0.0060755559517056135,0.0334627494562465,0.005505370755762629,-0.011627850510858129,0.001406781663065848
2016-03-18,0.004134108176174323,,0.0028748307859629563,0.008877046545084921,0.008575281371398846,0.0016084534795046679,-0.0013087929765036588,-0.007036340006254749,-0.00637471167222825,0.011761440854809013,0.0012946778835121187
2016-03-21,0.004623406510144923,,-0.0034651630559990876,-0.0017597875926476103,0.005931848848877541,0.0034414298785001574,0.000569761458543816,-0.005084160782738323,-0.0010279683299919684,0.005834919259887217,0.0005120334372166191
2016-03-22,-0.011395704189003375,,-0.005532064110946422,-0.003084916990171882,-0.005718282317683121,0.00022802595547966042,-0.0058844663581285594,-0.0017566995159650212,-0.0032936824185493263,0.009965747311691642,-0.0016634740639553947
2016-03-23,-0.0124145317812282,,-0.0219327560886855,-0.007515544894054482,-0.006469952957232072,-0.005713931844240183,0.00019112625907302672,-0.0036794770475336858,0.007435031200229147,-0.007069026598496397,-0.0070516253587200595
2016-03-24,0.0,,0.0048750441000582345,-0.0062363590481043785,-0.002894680570231567,0.002758351098368639,-0.0011455867787221186,0.0016057181483970506,0.0026653800945535266,-0.000444921981853974,0.001291208941580857
2016-03-28,0.004264802809269774,,-0.005336199541381981,0.0031376524896193914,0.000363112247939279,-0.0025220126411679145,0.005351599649165317,0.006412145776356182,-0.0036804848530593848,-0.002819427970595756,0.004513567543071861
2016-03-29,0.005588070194092021,,0.004714610071994585,0.001787309137574411,0.0065288676188721695,0.015629091892311653,0.007414413086833882,0.021663076877324272,0.014775354945126828,0.011607251270072227,0.010141131913405266
2016-03-30,0.00444544789411383,,0.00194196135689495,0.005798533212300505,0.0018019834264364487,0.005883798941183516,0.006605130659598668,-0.0021826480068970477,-0.002426721422370104,0.00014675402056618658,0.0063537692979442895
2016-03-31,-0.008409113848385719,,-0.00048482661810889116,-0.002217120809485551,-0.0023383811075677885,-0.002025003332265851,-0.005249356586553788,0.005000038141993679,0.005878524177902245,-0.003088742057681504,-0.0011362863788566546
2016-04-01,0.009596149092564898,,-0.01341085815345322,0.008888629735995357,0.004687150388058781,0.007664565867959272,0.010553927599504354,0.0020834523684900574,0.0038293574489327575,0.011360211087465988,0.004171623186846052
2016-04-04,-0.01304121119228363,,-0.0073695813066766425,-0.004845921215078319,-0.011304356477273458,-0.0038035617452688575,0.0003727836339617596,-0.0014586640139245821,-0.004216595649617183,0.011962116752185059,-0.007805724382900281
2016-04-05,-0.006271267629584298,,-0.0067648006036571395,-0.014165365152491227,-0.006170775458170685,-0.009656006614930823,-0.006711043293696206,-0.008949577320635171,-0.01874959164172818,-0.012973758422561654,-0.00850100492143624
2016-04-06,0.011494377314931414,,0.02159490955811494,0.005387902820106261,0.004930589565225851,0.009750154168074232,0.007882995719873831,0.002759308555378981,-0.0012325911317438987,0.026872710621203444,0.009470136123916006
2016-04-07,-0.014482907185047855,,-0.005853930150345632,-0.018758023357075326,-0.009630860641363093,-0.014371924025342375,-0.010800836390214674,-0.008130080618853786,-0.0004115505574486811,-0.010950984698679611,-0.011283048534134532
2016-04-08,0.006556361681635758,,0.02011801510587352,0.003641327149918494,0.0038527986262912872,0.0,0.005459149513376893,0.009457891170275179,0.00535084911449446,-0.00273251781118522,-0.001538504689112652
2016-04-11,0.004492273944591174,,-0.004168731841220463,0.004081774907771063,0.00036599958548855227,-0.0027342288825275007,-0.007114751108772133,-0.0006247190356085675,-0.00429881659631326,-0.007642189718380377,-0.0037241449894873657
2016-04-12,0.013864363820062175,,0.029785886901840364,0.0126466567980823,0.005846543511817126,0.006854362054481866,0.0062229356863359175,0.00437484475999006,0.006989888783845544,0.008137110052184537,0.00760509130634035
2016-04-13,0.009924323459172157,,0.004690410872620232,0.02274770822312644,0.014895469599430555,0.010211066869352914,-0.007683504268338304,-0.0038266307896381857,-0.0061248069670857275,0.009368750489759492,0.01407149459411916
2016-04-14,0.0006559211704975088,,0.002334345865759646,0.0021801930850049445,0.0017902130303073527,-0.00022460413640379429,-0.0045328308276931795,-0.003966838616628499,-0.0012323379260184009,0.0005713129569979714,0.0
2016-04-15,0.004582840400203736,,-0.013507283516842383,-0.003481102135301173,0.0014291726445589958,-0.00381960589602226,0.006261093470417478,0.00689857751064249,0.005553225892735325,-0.0007140068613626926,0.002775546525967565
2016-04-18,0.004562541705852352,,0.016524770855045556,0.007423839546873978,0.0008919885466107669,0.004284611714437947,0.005655906391375254,0.0037371406822022113,0.0038861053953913594,0.009283506425695753,0.00943505705320069
2016-04-19,0.021409820863846463,,0.01997229717122484,0.012570381955422816,0.007130358999293485,-0.0056135597286978145,-0.0005622975607294523,-0.0034128604872903923,0.0016299039889857703,0.00353723628369651,-0.005483352666411534
2016-04-20,-0.002964543772098205,,0.008955939529340373,0.007705625313681352,-0.0015930487252513448,0.0020324896740204768,-0.011255270473111034,-0.009962632715327935,-0.025020421982480112,0.005358377616211607,0.0012530779777017997
2016-04-21,-0.004459146281073356,,-0.00586752281269165,-0.008921413665416433,-0.0024818059974548445,-0.0036063905831619225,-0.017833529452540242,-0.023144527098113876,-0.02086345913844012,0.005890386075312559,-0.0035042060447262324
2016-04-22,0.007039014020725931,,0.0145277991151187,0.00943018739775936,0.002487980682835067,-0.017416564568568993,0.003670309374179448,0.012747811261029973,0.008949267038592668,0.0020916102142685133,-0.002009734000156582
2016-04-25,-0.0033890060509355058,,-0.011187302641973984,-0.0021233961622136865,-0.004786691171328794,0.00023018824326537235,0.0069285061664108305,0.00702475808348102,0.0019008722372204634,-0.0038958008599626615,0.0011325318328514467
2016-04-26,0.008076383768884865,,0.01599040815496755,0.006383261906998783,0.008906802425143967,-0.004833232198459436,-0.004013675918535187,0.0028090993617293503,0.0014751230365359635,-0.003771557729410624,0.0023882668822161612
2016-04-27,0.008433412940771268,,0.019005305355316304,0.0016909117860011147,0.007061895412664443,-0.004625649544438559,0.004797117577926668,-0.0037771353365980698,0.014523543363125668,-0.0011215794245293953,-0.001003514747137224
2016-04-28,-0.009407965602640678,,-0.014862354599606387,-0.010552808340064668,-0.009642134801694402,-0.012546285178959615,0.0009550524626731338,0.0010108798197214774,-0.001452081632510982,-0.004772381203511755,-0.010795054571834717
2016-04-29,-0.0059100207437879915,,-0.0016272136135779824,-0.005545483713866206,-0.00584186388072605,-0.008705742481513346,-0.0020990726131704385,-0.009531724151945364,0.006025199696893191,-0.015656257180945432,0.005075811153356646
2016-05-02,0.0036098105334658737,,-0.0010368404766246675,0.009008589470938633,0.005163739751724572,0.007358224253711132,0.011472730379827878,0.01051591363811788,0.00805450883329617,0.005731161901754822,0.014014817707597382
2016-05-03,-0.016501142852801687,,-0.023580311663534914,-0.012755544898188198,-0.0081487735458593,-0.009189673755908623,-0.0018905118224127326,0.005045766009643904,-0.0008195137966887645,-0.003134192629242527,-0.00921393741583243
2016-05-04,-0.01010989579822219,,-0.01442891700639215,-0.007751235396568745,-0.01232362298574119,-0.003091264835279217,0.0030300950482737843,0.01443381109074382,0.011687434746939118,-0.009575364600917013,-0.004524823716746562
2016-05-05,-0.004998189524414998,,0.008167746357421679,-0.0004345341500904265,-0.0005424844819522656,0.0004771709757482867,0.00018890295386042588,0.0009279688260885877,-0.003850557554994749,0.004184886478806993,-0.006438152981809497
2016-05-06,0.008080867339637754,,-0.0022926922076019762,0.004341884054310352,0.006694328301411145,0.007391152096669629,0.005097157956845733,0.005253283239853079,-0.00651064991592154,-0.005891768186032542,0.00737006186947764
2016-05-09,-0.01213173748405294,,-0.014555007928008346,-0.00259339089163213,-0.004493134062496074,0.0,0.00544740852052894,0.01008338222688221,0.005734138307050829,0.011419249592169889,0.002774767306041648
2016-05-10,0.016666499616774022,,0.01756853397325253,0.014304172741559817,0.017151036688622057,0.013017749573140502,0.009900774356153441,0.0037123142587662805,0.0010179207657652345,0.008432145185772955,0.012830395536140848
2016-05-11,-0.0034510423294663584,,0.0030557250800455904,-0.01068376869632326,-0.008342308675181487,-0.007242839641519172,-0.00795404041242287,-0.01819229594527927,0.0036614497186151507,-0.012046226043569197,-0.02011962582497573
2016-05-12,0.0043291201342194885,,0.0027417657463031375,0.0004317970374188018,-0.0021477187676846032,-0.0028242185701330413,0.0054073286372597895,0.0033968004197908463,0.005877653449182452,-0.005881562079875113,0.0019012728631204734
2016-05-13,-0.009698408542318848,,-0.012760327768043145,-0.012089437454798624,-0.012556099213620553,-0.0037760221389575577,-0.012611427801219044,-0.01443504596725842,-0.004835841522854767,-0.0023088692375846653,-0.011891482699105227
2016-05-16,0.017192680281733708,,0.01692584543595932,0.005244193994352608,0.012352515821947518,0.01397736238423497,0.006386581372431976,0.013647217263990319,0.0012151536508440142,0.013595908500031229,0.006273192865538846
2016-05-17,-0.005134625901906942,,0.00469059941430694,-0.005651818354672211,-0.0048447708034425885,-0.010046602849436037,-0.019596817828969826,-0.0165752536499435,-0.016986837867670745,-0.010417042579624392,-0.011323246699256106
2016-05-18,-0.015269548221162221,,-0.009638351531285005,0.017490026381579815,-0.003425877730081961,0.0018882118362872902,-0.01161246598579424,-0.024655510872206077,-0.018720965593618244,0.004181869866309862,-0.005790509948487288
2016-05-19,0.003494715404054105,,0.00015176576068731684,-0.009454136656901202,-0.009408551864003023,-0.005417801867139249,0.009822416161340053,-0.002023539053916057,0.010063453404748568,-0.00847210047772895,-0.000905684876313595
2016-05-20,0.007181683145455198,,0.005929886679328478,0.0069415501022807025,0.00511427387263641,0.012079230402769925,-0.005149466000670677,0.0068235314229265764,0.0022830222748135842,0.009268848577120625,0.0066066298279430224
2016-05-23,0.011668168011864433,,-0.0025695229511585316,-0.0008618493430760932,-0.0018172915476576401,-0.0018722039869215612,0.0009585230908022435,0.0031328002722128545,-0.00890474618997461,-0.0040181186645221745,-0.003474447030314076
2016-05-24,0.006621204469320574,,0.00500070111796469,0.015092993286008438,0.010377131045314902,0.018757356542252968,0.008427498640687592,0.00669209269801585,0.010029588700085856,0.014407483084213357,0.012010518483722032
2016-05-25,0.01230626917937716,,0.0158325185695809,0.010619986183917351,0.006846570765598914,0.006904155953205482,0.0015195532418792457,0.00677413194280807,-0.0028965106814865527,0.006249115642861236,0.005487665736042091
2016-05-26,-0.01068950237552646,,-0.004156298077184428,-0.005884732557856043,-0.0028631124188842616,0.003200190700956451,0.003982467990091054,-0.0007548049547392299,0.011411031251033599,0.00014080928626114542,0.0020304750971682495
2016-05-27,-0.00042398713908975427,,0.0005960522202475005,0.006765023523218616,0.0037690940324974775,0.00478468250384223,0.001133469039525714,0.003933369651663243,0.0016410445287149411,0.004516205293301878,0.004686650268778347
2016-05-31,-0.005086544001912108,,-0.0038730544473849493,-0.002519681032989607,-0.0001793329610163541,0.002040978906027169,-0.006415311650631472,0.0004703333102678009,0.0065533162639042075,0.0023882335938061328,-0.0010086143748501142
2016-06-01,0.0012777150401368509,,0.00029952010888179004,0.002104978628424403,0.0008945500470964873,-0.0024889996993182617,0.010254611749738851,-0.0037594689496942557,0.0026445681049103165,0.003644042475477116,-0.0006310739395459786
2016-06-02,0.005532114364961149,,-0.0013458969776264373,0.002100913793435577,0.0012505362137862353,-0.0009076737461422013,0.00037610142482846776,0.003144446116563504,0.0004060618133341354,0.012847375976069886,0.00555627229974065
2016-06-03,0.008463748734020005,,-0.0038919305855236175,-0.014255728549708135,-0.000892228786210425,-0.0022711010503795315,0.0063883232473205265,0.004514108343981915,0.015821792498989407,-0.0033094127854279565,-0.006530152190631799
2016-06-06,0.010280921635897666,,0.022091564829352484,0.005955120362671984,0.00946597363163848,0.0018209391155667998,0.0011202552138123156,0.0004995182708416035,-0.0013979889524213807,0.005395207895976251,0.0025279080534668097
2016-06-07,0.000415622082424294,,0.022643814626864822,-0.0021143578433955312,0.004776973266510609,0.004089279494325693,-0.0011190016463835661,0.000810862189741357,-0.000799849341434955,-0.006191327898352528,0.0012611410862704009
2016-06-08,0.005813096754692548,,-0.002300372841744558,0.0008474271850396065,0.00633909640287289,0.0020361683545566667,0.005974756518760005,0.004799866100021921,0.0060036720939331545,0.0034610898110833954,0.001133458551889177
2016-06-09,-0.007224254628744986,,-0.00763797691585244,-0.007197062071469751,-0.00017455049073722417,0.00022548243445741356,0.0038973747142563298,0.0021090679688504643,0.008554012787728604,-0.0016556924691182306,-0.0022642439082654064
2016-06-10,-0.007484317983161182,,-0.02163796751429492,-0.012366985096923244,-0.01172563698787632,-0.007675043607765941,0.0007399183021081779,-0.00489026544249227,-0.0025642351665946528,-0.008015453006916307,-0.01046400002394332
2016-06-13,-0.011101879327398478,,-0.0029686387259512115,-0.006908642815741772,-0.01080235003123009,-0.011146096863318355,-0.008313390999193815,-0.0003113884830816538,-0.0011866952424761656,-0.007941109067263974,-0.005478468625594535
2016-06-14,-0.007413611266207543,,-0.00059585337508683,-0.014782204177776204,0.00017874414057672539,0.002300195862523946,0.0039118948458300995,-0.004666940482320081,0.005345642673116213,0.0015448706975575988,-0.002562020211806515
2016-06-15,0.004481529379003257,,-0.0023833000889196265,0.001323902234469987,0.0003582378310376111,-0.0025246138132553053,-0.0029689918959970862,0.01031572911590839,-0.006301559930910083,-0.006870432482517841,0.0028259184779524382
2016-06-16,0.0033991844612673017,,-0.004778414802908859,0.002643929422528446,0.0017891653648876016,0.002071132534573028,0.005211068692127618,0.005136034660203848,0.006341521408116391,0.003529819175370541,0.0032010519960561368
2016-06-17,0.00436238807420386,,0.010209399674454334,-0.0008395239541472144,0.0008442427691877086,-0.006668851723818814,-0.0040415687869174155,-0.0015519045346675808,0.0036135194700666062,-0.01038261877594504,-0.001575448504915089
2016-06-20,0.005720367311625063,,0.00867079240192492,0.005749796200021695,0.009151021826932837,0.004181414537074213,0.0031791179571654116,0.0009327223359705261,-0.003759070469426251,0.006280342743828493,0.00898246373298428
2016-06-21,-0.0027386793514330154,,0.011857253564485637,0.00571692504611554,-0.0007110738500983871,0.006939646187507531,0.0026097242063189974,0.008074435883040021,0.0013905051314833106,-0.003403665218130958,-0.0022894745522669124
2016-06-22,0.0010561328637492817,,-0.005566112375995802,-0.0008743805393978121,-0.0028470431477306546,-0.0034459096996440897,0.0005580473851052314,-0.0009242253260689504,-0.0047592938455515155,0.002846213228903549,-0.0014019510359608578
2016-06-23,0.015403722353253713,,0.016497372237834984,0.021006208760181222,0.01159884870459904,0.013601032225028842,0.006132611367209551,0.004317096133859888,0.0027893927629993875,0.0130568370078874,0.009828944656700367
2016-06-24,-0.04364080360312372,,-0.03231434399999278,-0.05357867161750529,-0.04074787310818484,-0.038435362624423375,-0.01920931483189514,-0.012588146514648013,0.0015894459137804073,-0.028999669446856613,-0.037163410867416036
2016-06-27,-0.033680733002074414,,-0.032045621868421414,-0.028532935882184307,-0.02353821307791537,-0.020104524506596944,-0.002071536693913245,-0.0015551304413431444,0.012299173685381248,-0.01341800672040483,-0.018380028581049812
2016-06-28,0.00854500622827703,,0.02784702159155139,0.025641193921435157,0.016949507440317202,0.01979256698357812,0.006227510598456387,0.018374613698276976,0.003723100858758377,0.01945015450992882,0.019927675017576085
2016-06-29,0.016944905079705253,,0.01896425423458936,0.0227274763274119,0.017777697426603067,0.015384763343930352,0.01162764116099102,0.018960195582089057,0.0027337067977601937,0.01907938581922819,0.016129216305698302
2016-06-30,0.016005698493838594,,0.007976285447965026,0.015999789776111495,0.019104595296988824,0.010955624987913692,0.022432788350176702,0.00810333662574969,0.021612044533541486,0.009431181900857899,0.007355753442759072
2016-07-01,0.0004315095071789621,,0.005275472945570625,-0.005249501745338336,0.0032136982222379373,0.0023059435039940457,-0.004714648580969483,-0.0005955542614959342,0.0001907261869831256,0.00627533639519795,0.010376784558336682
2016-07-05,-0.01811898559626124,,-0.020116756930925295,-0.01495155304081075,-0.009076028246256418,-0.007361497490845581,0.005647620405959897,0.007298242666350374,0.0074313526568323685,-0.0009703621108907434,-0.008114535003358792
2016-07-06,0.003954258320681969,,0.004314578666571478,0.0026783694236773847,0.005028225730514979,0.006952413677490998,0.0009058836117288305,-0.0013308646835955562,0.002080344219936636,0.011235867579944214,0.00856419746219994
2016-07-07,0.0026260261008370644,,-0.01022081821283094,0.0013359208521110943,0.0026806771556875386,0.0,-0.001990924969391794,-0.012436985276848778,-0.018497203462463974,-0.001508611198792753,0.004309395885766287
2016-07-08,0.02487993250029552,,0.013319595593146216,0.01911973145469803,0.019961029096073446,0.015650044527934615,0.00997466301522687,0.017331463582865414,0.010384598957269064,0.012364579480004023,0.01741545414446799
2016-07-11,0.004897879644222947,,0.0019194694368511733,0.005671842295697838,0.006290142134925514,0.005891836474946066,0.00017963595559145062,0.007722163043150987,-0.0007616901720780556,-0.0027141591611691274,0.005829614786843296
2016-07-12,0.01822422852883432,,0.02476409174851768,0.012581189131245063,0.00920322267402307,0.008109997091789944,-0.005386153720656428,0.0020473543489472057,-0.013714236234196209,0.004898293793274666,0.003945984376927392
2016-07-13,0.0027050419687613125,,-0.008630297705404688,0.0,0.0024088764484189173,0.00022340759192340798,0.005595540024661894,0.004670249943290461,0.007918051258344994,-0.00040619638881012055,-0.004912937814563034
2016-07-14,0.008925123793905865,,0.005078324519157906,0.00942583170176503,0.007552162387162387,0.006479264330495171,-0.00017921574124357686,-0.005549200057508696,-0.006514797896655766,0.004335130382357999,0.0040732553973994445
2016-07-15,0.0034971700826755825,,-0.0005772106437217372,-0.0016976052956252374,-0.0001703955154795933,-0.0008880550767025319,0.0,-0.0014607409072512345,0.002893498025842378,-0.0008094570944741086,-0.0044255628186246065
2016-07-18,0.006559659289281594,,0.0007218273613958104,0.003401283386394338,-0.0008520457646533641,0.006665204693760751,-0.0010772663268340255,0.0003218751488720528,0.002884349642471973,0.00040499581306319143,0.0038282358002956762
2016-07-19,-0.005905982698378831,,-0.005628818196820262,0.0004235775643830486,0.0005118638178642776,-0.002206931211939156,-0.0007191895279025085,0.0028662182719412233,-0.0017258718300792175,-0.0021592042176185045,-0.0018451871938978126
2016-07-20,0.00041005356651524494,,-0.0014519349215601496,0.0016944872668991362,0.0018747696115684054,0.013050021603205897,-0.0035969315665989043,-0.001399721467920667,-0.005762652222769615,0.009060424424341962,0.004190010156148949
2016-07-21,-0.006144005802450447,,-0.009885182919809554,-0.005073850597838159,-0.010207278957820587,-0.005240153202997644,-0.002888058164352003,0.0029205429104803837,0.005989294817588142,0.002947914954290143,-0.0027000474374694328
2016-07-22,0.0026785745875255174,,0.0030834483404502677,0.006374776961779016,0.0018905588894799763,0.005926342817253127,0.004706609219579327,0.007571252776860993,0.01325151415623238,0.0020046560527606783,0.00418444756236469
2016-07-25,-0.0016440308443417262,,-0.019906620081833082,-0.002111624062431816,-0.005318484079672947,-0.00130922678872325,-0.0010809700876257544,-0.0014451549323889479,-0.0017060161098003679,-0.0010669031308959687,0.001592796880503622
2016-07-26,0.007616701185854113,,0.0058245219488926026,0.0008464369816705286,0.008278915810715715,0.002184936009681948,-0.007756497441849253,-0.005643906841500734,-0.008733573567998087,-0.001735516825882022,-0.0012237093215886619
2016-07-27,0.0012254095679782306,,-0.009799408039480206,-0.00042286056601414934,-0.00393441269328787,0.008284046382391885,-0.014905844856246353,-0.007422509910361419,-0.011491992446132637,0.004547027662115566,-0.003062504062294358
2016-07-28,-0.0014281472357972058,,0.00014977863536058678,0.002114720867802511,-0.0003433864689741384,0.0006485773944009399,0.004428588304957293,0.0061584300045025575,0.0038753658634418375,-0.000932126265184352,0.001843458530436548
2016-07-29,-0.005108308214379242,,0.01019484330659659,-0.0016881115304054894,-0.0029205640584892834,0.0036735604343081096,0.0049602634549956726,0.010725711053219955,0.00598331210192371,0.001998627457983737,0.0011038118918842432
2016-08-01,-0.0055455058385782685,,-0.032947317299374945,-0.002537222920376059,-0.0012058649345613182,0.0019373540560327918,0.0010971420952099464,0.003229899421151483,0.000575521906656995,0.006382707626971351,0.0015928210021334266
2016-08-02,-0.00268456440160858,,0.009054383711758929,-0.00847824632685612,-0.009315355155809502,-0.007520344446145355,-0.001461132279794386,-0.015234488845465077,-0.006519494801489278,-0.0038316781247986764,-0.014923986447208049
2016-08-03,0.0024847963941094786,,0.019315889596263736,0.010261046428242437,0.004875479697621143,0.00346409181057461,-0.005486357505354311,-0.0075890882074539645,-0.005983412494750873,-0.002785233296491385,0.00285643035695049
2016-08-04,0.004131541771564828,,-0.0014923624684027859,-0.002539132220986784,0.00034663722730310376,0.005393575888853697,0.0022069228182934886,-0.0017646484365828607,-0.0005825514724320247,-0.0014631572711015783,-0.0004951326773546816
2016-08-05,0.003291347499260411,,0.009115632203554602,0.01909205827975624,0.010046804080352523,0.009656772134129632,0.0016513881743189796,0.0,-0.014377642046089045,0.002397809159631059,0.010530209315763761
2016-08-08,0.0020505222028259773,,0.01332746946789709,0.0012485718843695537,0.0013719713538582479,-0.00021275636804996,-0.0010993524331296411,-0.0002943536233519506,-0.0003941258838484618,-0.008505315695516158,-0.0033100188194010727
2016-08-09,-0.0030694892483839054,,-0.005260906885836247,0.0008318895846277652,-0.0003425229068483304,0.002126126858932542,0.0031174118830019637,0.006778399766016019,-0.00019693549900834384,0.002412894188797532,-0.0029525182033159902
2016-08-10,0.00020535791760978306,,-0.010871112126697002,-0.00789345785319051,-0.0005139216870692076,-0.003182020002217789,0.0036566572076810466,-0.0020491523978237725,0.00019697429023857183,-0.0033427249415848292,0.002097646999966729
2016-08-11,0.004309535783555196,,0.014703687004041122,0.002093585154633759,0.006513435073508322,0.003617693161467539,0.0,-0.009387078660235249,0.002366303105272971,0.005768432990757688,0.009971412482945308
2016-08-12,-0.010625485899929399,,0.005561787743879609,-0.0029252721963248796,-0.0027247069240915467,-0.001059864625606921,0.0034607528782371055,0.0032575776615322294,0.0013770337136371769,-0.0025343841551910273,-0.000487407623743108
2016-08-15,0.010120187711535777,,0.008005910529263804,0.006705986901672345,0.00665976817582159,0.00488177190306005,-0.002541035035559358,-0.0011807559398047118,-0.015323967761001867,0.0017385340810318617,0.0019509933467789509
2016-08-16,-0.005316095634691154,,0.0015885470926633172,-0.002498198701799348,-0.004410574952632862,-0.007393168143634332,-0.004368058869336222,-0.012115561861343549,-0.011771850692920527,-0.008944489894412988,-0.00572014057723369
2016-08-17,-0.0008221365439169404,,0.003027550488136077,0.0033389995856656363,0.002896832382790926,-0.0004257858121717861,0.002742081997099799,0.00418747864617508,0.014940582954932058,0.002020978721965605,-0.0023260614652770295
2016-08-18,0.006377349740206206,,0.020554980216517915,-0.0008317669871893418,0.0030577829679776514,0.000425967182954734,0.0034631856340299194,-0.002085087648734718,0.012333426316883056,0.00040324773468136677,-0.0006134776626438576
2016-08-19,0.0014310589304868948,,-0.008310029054113932,-0.0004164641292869753,-0.0003386754071051934,0.0006381833042601315,-0.0023613370415070944,-0.007761099532648585,-0.012183166135050216,-0.000806170382982252,0.0006138542485134568
2016-08-22,-0.0014290139273444025,,-0.011504254789853063,0.0,-0.0008469753674904545,0.0,0.0014566948598682128,0.004813720363675333,0.002586087729565145,0.0020171124268157925,-0.0009816886558360327
2016-08-23,0.008585404982278222,,0.007040390351548131,0.0012494438772794325,0.0008476933428709366,0.0036153858825584972,-0.0020001545926169317,-0.0005991809335240683,-0.0043651118817276124,0.0009396371276040316,0.005035709123412113
2016-08-24,-0.011552667096173419,,-0.00399458336831271,-0.0004158834935946709,-0.0030497239633761053,-0.0055093364704547065,-0.001639564756624412,-0.0026960975371033147,-0.0003982383395307876,-0.015688099977983372,-0.004765993753886533
2016-08-25,0.0049210629830980235,,-0.0027218652436058477,0.0020808684532609423,-0.00017006689067244896,0.00213074907667532,-0.0038320844986295954,0.004205649154730207,0.0005978028851532091,-0.008445530511758781,-0.0033151993440351246
2016-08-26,-0.005713062372624034,,-0.0034471596658636194,0.0012459284587318376,-0.0028894777451442533,0.0004253337263275814,-0.005129252423100028,-0.00987172464255881,-0.02072136623454357,0.0038465593005416743,-0.0028338029623263816
2016-08-29,0.009029322156131503,,0.006774359810583608,0.008710179260038808,0.007159641387661564,0.003825836287708384,0.005892134247566183,0.009970147190266898,0.008138346062628088,0.002189444629129067,0.003459578441640687
2016-08-30,-0.0024409867573823574,,-0.003436296619626633,0.009045830804748745,-0.0027081043843077968,-0.0033879913741318157,-0.005857620362021865,-0.002991545059127576,-0.01049476788945547,-0.0034136906062991468,-0.00554033275283039
2016-08-31,-0.009989355573697623,,-0.015802012746704452,0.0008149343985266455,-0.005600675539152555,-0.0016993497905354316,0.0012887646653316764,0.0015000610657045499,0.004079717058143917,-0.0030142836093022263,-0.002600039329556547
2016-09-01,0.004118779484273638,,-0.0029193133489544554,-0.004071812656494589,0.0008531141675656162,0.003192177575112476,0.00036792677182062583,-0.00029953096861701223,-0.005078582366791817,-0.002611547544944748,0.0019860764900583305
2016-09-02,0.010049141721068633,,0.0112721804381124,0.004497317620711705,0.004945447695472005,0.004454504763961253,0.007720705838976327,0.006592771917358853,0.01327088734596904,0.0011026670100926506,0.0019816164853578844
2016-09-06,-0.002233685151778908,,0.015055006398217108,-0.0016282225548415186,-0.002884651446962039,0.0050686179054812985,0.002188937738830221,0.00833570028991204,0.010880397478574944,0.003578329976299255,0.001854959661573563
2016-09-07,-0.0014244636234354013,,0.005704243765696004,-0.00040757602452112796,0.0011912429986495887,0.002521617228963935,-0.008736987772041016,0.004986624986037302,0.0001994699118197385,0.0,0.0004937956495101314
2016-09-08,-0.004279581413757061,,0.01871830089022941,-0.0008158288947878178,-0.0008498644726612214,-0.008174110378613042,-0.005508519758977148,-0.01269921938018137,0.0033876172338727084,0.0008232978321938145,-0.008634345128696763
2016-09-09,-0.029062547013404605,,-0.029788504255008785,-0.018775363202379602,-0.02824077665961222,-0.024514141229103226,-0.027141849618470548,-0.03798997788300551,-0.0375370435088388,-0.0200083425010803,-0.02413902392489331
2016-09-12,0.009485846258136643,,0.009899596218496232,0.011231430907416629,0.012779857596098676,0.016681232405463264,0.018789189400648887,0.004042268034959218,0.017746639781916596,0.014823046119652572,0.014025564071598495
2016-09-13,-0.018584794718702224,,-0.028555423081564002,-0.017688075579070928,-0.014692993387328879,-0.007244727241570881,-0.012294926487508406,-0.017652983259832222,-0.01378769873661534,-0.013366388182716071,-0.014207944236479975
2016-09-14,-0.002340124179325165,,-0.011845451428461162,-0.0025128445345896644,-0.0008771495099040294,0.004721674834108347,-0.003017699018282749,0.0018918953871542854,0.003906576237532544,0.0,0.00012683572349159178
2016-09-15,0.006398305529257797,,0.012431773620007913,0.005877326008148609,0.00790175237096613,0.016449690830230068,0.008134420597350145,0.007552125622813488,0.007576846173863672,0.010335748791513222,0.00726955594917178
2016-09-16,-0.004004899181781596,,-0.008073504039535884,-0.009477165426131084,-0.008373119371026694,-0.0036721999342061995,-0.003247411954187762,-0.003435742165932565,0.009757191877344473,0.0006791458105945836,-0.002160270806713105
2016-09-19,0.0014971882303471684,,-0.0005933291605364488,0.006376504662322313,0.004415780559289928,-0.0019064391249308255,-0.0020837492187573137,0.010341849236401801,0.00994726619265407,-0.0036054281641325625,-0.0007646730280431724
2016-09-20,-0.002989407090247198,,-0.00726886684225625,0.0005177332478460972,0.0008795106047236878,-0.0006365742500886729,0.0026574717216556465,-0.0018609697187307317,-0.0018087617963963298,0.0030623318430034185,0.000765258200348562
2016-09-21,0.015206720748015545,,0.023162073886822343,0.006211115725726968,0.013003264955030458,0.011255277953573062,0.005490206169179723,0.011497677757270841,0.020338293039828814,0.009990056116568224,0.009680140906522805
2016-09-22,0.0031640366738001635,,0.001168155458266984,0.0020576700285541705,0.0071119856646821855,0.0060897347379988975,0.00884981845289956,0.019661998870960762,0.006117906523168237,0.007555855986553617,0.00731690122002826
2016-09-23,-0.0050467826724053255,,-0.013275005251143113,-0.005133436513876544,-0.005856284577647974,-0.008766052803953372,-0.004479470937342578,0.003916823322322571,-0.0007844309178276498,-0.003136235799851783,-0.002254362689306455
2016-09-26,-0.00465032582727376,,-0.004435298354831696,-0.015995813426633476,-0.004331251700200323,-0.005896486623464314,-0.008436281104862942,0.0021008912306257344,-0.0025518574798987226,-0.011626191167493749,-0.011045538376635355
2016-09-27,0.002972705347163762,,-0.00668237700653429,0.007865585979918599,0.006960148876977712,0.011014435972770409,0.004159339585548372,-0.00868516198629632,-0.012989658659221082,0.0070579801294845534,0.01015346255067473
2016-09-28,0.01143358910417569,,0.04320518052938893,0.004682840586939685,0.007776045055340353,0.0018857578520183882,0.0016947486713123627,0.006948556661712013,-0.0013960389105608373,-0.0015115619770834643,0.002764133999852758
2016-09-29,-0.0077451742944488755,,-0.0017191764991513203,-0.013982334121131923,-0.007887620313900001,-0.006064619699220564,-0.009774368302892467,-0.012301414186201787,-0.014976057545102006,-0.01761650669866266,-0.005137078575377929
2016-09-30,0.0073838885713650715,,0.013637324193597422,0.013654939393406895,0.00898765664595591,0.005260356845793623,0.010060702416075484,-0.004556083350470641,-0.0068920431622016,0.0102268003563597,0.00806049323748348
2016-10-03,-0.0012563380096488608,,-0.0007083500797185893,-0.004662959195804617,0.0008562258902535813,-0.0029301732325753838,-0.006389867130188409,-0.01922495748291786,-0.014084609350795252,-0.0008317022132682261,-0.0006249240269881051
2016-10-04,-0.013629643426509852,,-0.010204075912135457,0.004164257275571126,-0.0083859893877275,-0.003568410129507038,-0.008511463492600457,-0.015246083324680249,-0.020910856336592176,-0.0019434540356080277,-0.00350052130610512
2016-10-05,0.006802353878060163,,0.015321097525028637,0.016070508356813118,0.00638574052998675,0.0035811892816151047,-0.0009537845226690322,-0.018641114458133434,-0.002114752160338629,0.003894228015167256,0.0041403294186812545
2016-10-06,0.008234907170615813,,0.0015509640968787153,0.0015308000785085873,0.0,0.0023091586302967926,0.0019097663155021039,0.0019315844693075235,-0.00021202174206458313,-0.0037400905351472336,0.0007494251287807341
2016-10-07,-0.018638935572117266,,-0.005772854502774094,-0.0005094094642086322,-0.012862279443071611,-0.002722622163567223,-0.0026682949294135616,-0.0025706225980407504,-0.0012717443524942196,-0.0006952786042935255,-0.004494339284421334
2016-10-10,0.005975479754639856,,0.015720153780233392,0.005096806963149625,0.0010423430077737272,0.006930030853640856,0.0,0.003865999488591898,0.00827675489477242,0.004591533667461123,0.0016303034205127354
2016-10-11,-0.013576438126105983,,-0.01143325526895178,-0.009127753340576916,-0.010413044687483497,-0.011262012441125457,-0.00515936856337551,-0.007702307124878294,-0.01136587281160295,-0.02506943633523584,-0.012144569365113322
2016-10-12,-0.0019354633093483509,,-0.00423128135422679,-0.0010232785383053056,0.0019292568506079633,0.0016877697904411626,0.005570069451348303,0.014230261592425242,0.009793520572618952,-0.004688202329651836,0.0046894199342961684
2016-10-13,-0.0051715426779354035,,-0.005524247634723478,-0.009734019063158517,-0.0003502988280332797,-0.006317385280263488,0.00019104960356974843,0.0031889612503273046,0.01243902462893387,0.00042837023956820985,-0.0036585567843941957
2016-10-14,0.0032491290958096553,,-0.0058396151008388575,0.0046559575012281584,0.002101191394017432,0.003814135991902168,0.0001910131105906654,-0.0012716305911449899,-0.00562274237276017,-0.0067057501469299785,-0.0011391718465773026
2016-10-17,0.0008631499651299279,,-0.004871398275325234,-0.0046343800247882205,-0.0026207660560603196,-0.002111160309723581,-0.004773757572891113,0.0009546845750465494,0.005445433124546817,-0.0033033643447885064,-0.008239449842745161
2016-10-18,0.00905944115520918,,0.00403149305988304,0.008277401707694754,0.0021022165177484453,0.005500183651560242,0.0030699049635201092,0.005087552146631369,0.008539691853078457,0.011961343610609854,0.006645697991918942
2016-10-19,0.007268088084747104,,0.014195531451442811,0.008722400661418162,0.0031469454730634894,0.0018940477308544423,-0.005738502390563727,0.0037963709128809864,-0.0022719291490427285,-0.0037027864944505495,0.0044444952632372026
2016-10-20,-0.0008484958696083345,,-0.001130989898189383,0.0,-0.0054024500570476475,-0.004619814028386626,-0.0005769443926028073,-0.0034668104859754134,-0.0006208921011016111,0.004717208813767693,-0.0018962793496944963
2016-10-21,-0.00042460821311918195,,-0.006510875227648039,-0.0005085163756861633,-0.0014019593719278856,0.002742014529635739,0.005389913474736385,-0.0006325144042037545,-0.005799056140507908,-0.008251879519835525,0.00797867322700152
2016-10-24,0.0023369258217107447,,-0.002992050825253223,0.0030533456248700297,0.0019301934279245536,0.00967829390438002,0.006509383360827847,0.0012659132158912012,0.0037495175707398243,-0.0018644573690561606,0.007161749689736929
2016-10-25,-0.009115771977777909,,-0.0045723637141195095,-0.0010147991836334525,-0.002627047091216528,-0.0035423859255988566,0.003614470697270722,-0.0012643127057279102,0.006226851086190477,-0.0028747725499010945,-0.011726638200972639
2016-10-26,-0.0014977296500687798,,0.0022965614447814087,0.006094402252744935,0.0035119292167835603,-0.005646096504326792,-0.0013269543946581308,-0.012974793879763968,0.0024748588636840374,-0.00605376990065809,-0.004291727852863247
2016-10-27,-0.001285708025273391,,-0.0037237863337066246,0.002524478942720121,-0.0068245039681135156,-0.0012613691879301836,-0.004554668404270545,-0.023725511193052773,-0.0059669571351983475,0.004640525627021885,-0.008367254828944959
2016-10-28,0.0025744292445493144,,-0.0027314839863371576,-0.004532504977789675,0.00599049611327751,-0.0010534005185345308,0.004194231614758959,0.0026273587582812397,0.0031052077965514346,-0.021651131863777984,-0.002301125998000142
2016-10-31,0.0004280850254119173,,-0.010811186852705323,-0.0015169464506964436,0.0019261600593585282,-0.000421609059201411,0.0024683682179711397,0.013757032516448664,0.02001648742147677,-0.006196409049573637,0.0007687392320696596
2016-11-01,-0.005775242999464525,,0.00014518548701847322,-0.004052796828795446,-0.008564586842620958,-0.00864587563980268,-0.004356316855296805,-0.01970909658702369,-0.018207733578566865,-0.005344693310431747,-0.007042117676548387
2016-11-02,-0.005378700718626783,,-0.011074159005669104,-0.0066123338377587215,-0.003702505820878388,-0.006381981140898274,-0.002472876482072728,-0.01549122284707205,-0.012569309206069135,-0.005223811748382823,-0.00606049029607425
2016-11-03,0.00021650723891153412,,0.003978399974155611,0.0010239190282268495,-0.0015928442284414146,-0.009633691587950133,-0.006864761208610237,-0.00435243690127185,0.0037558857241257737,-0.009452398914641225,-0.0025943781485224804
2016-11-04,0.0034600711483681046,,-0.005429694037337951,-0.003068964372977323,0.0008863695014316164,-0.0017292714316484714,-0.009024746783258597,0.006725253039058243,-0.003118228933458922,0.006967596108546914,-0.0019519395908086379
2016-11-07,0.01530156427465923,,0.02154350000241778,0.02514118147342148,0.024614713010108646,0.021654524002641118,0.016857346637437765,0.018369858277870188,0.017518294966552883,0.025571656405024124,0.023068061883094737
2016-11-08,0.0031841025953116553,,0.0012996458256979704,0.0005000301339646018,0.006049236369659594,0.004874819795254615,0.004192022105726556,0.006231888398028351,0.007788174507200596,0.002786857672012699,0.0040765615615261375
2016-11-09,0.021159421535737133,,0.016301278426784638,0.04252162981418506,0.02508153849539796,-0.0012657162059064309,-0.013662438633118668,-0.022490549826696515,-0.036810469735527374,0.03524923895279475,0.002029898558462362
2016-11-10,0.01160407656088469,,0.004258309531007587,0.036948191311264145,0.02128362425867425,-0.016050438563498526,-0.026740567338126575,-0.01500477291016733,-0.024071188297468016,0.011019905213270231,0.0036719909718765376
2016-11-11,-0.013724117863283314,,-0.018233456259249547,0.0027766220223204297,0.0018053040709924417,0.00300474429500297,-0.0009884801905357676,0.001015532495606486,-0.004111058729011852,-0.014952132550053454,0.005676931747286229
2016-11-14,0.002284504080149574,,0.005614997538180733,0.02445779424385286,0.004258536050551598,-0.015193759011876584,-0.0017810248507481585,0.019614396068653894,-0.0006516466739465709,-0.003121160216279506,0.00012500084460032035
2016-11-15,0.004144272058483889,,0.02820348487170099,-0.0009006694114659375,0.003751733352865605,0.014124407632208458,0.006144610500840697,-0.006633358256998401,0.016087310323517734,0.002846099621442999,0.003888476024794363
2016-11-16,-0.0018573732458988523,,-0.006961956693642635,-0.014427806676586163,-0.005687572547338315,0.009213471556782205,0.00019751909804011092,-0.000667694659591267,-0.00684670541059651,-0.004256874817923029,0.005497081164202999
2016-11-17,0.0004137615862789268,,-0.006730356910249369,0.013723712635283158,0.002124543658380329,0.006369877645475919,-0.0017733440673527445,-0.009355297208575752,0.00021542761715398484,0.003989707189032465,0.012052728687953929
2016-11-18,-0.0014466602355814873,,0.004093751936931955,0.0,-0.00032592309138712583,-0.0008442850731128493,-0.003551434142953447,0.0020235298948199087,-0.003015448131781784,-0.010645529331614001,-0.0030694961624323502
2016-11-21,0.011796713617714838,,0.02375959423073426,0.0036101057074287013,0.005383370845774893,0.010135264731334637,0.006732769273959827,-0.0026929773340405028,0.010585377185325262,0.0035871198142296556,0.0065272017528594795
2016-11-22,0.006135875404060354,,-0.000549342248213569,0.0004497295225938114,0.0045431798655908295,0.0031353204813153734,0.0051138538597799155,0.017212424057449605,0.003848187487707433,-0.014438950568092856,0.011868287852475179
2016-11-23,0.004472501432236875,,0.004122214965928572,0.005842423371903216,0.007430091350820733,-0.003958723869743275,-0.005479377864774371,-0.006967127248945215,-0.010008336802882822,0.003916277659959944,0.0009671278308309716
2016-11-25,0.0030358846593685485,,-0.004926412343883579,0.00134105397994011,0.005451234032248342,0.004183806717371397,0.007870989759835467,0.004343180304101191,0.014411468737544064,0.003901388007480966,0.0024163477116834198
2016-11-28,-0.004035563561080924,,-0.013889210515313777,-0.01160233149727552,-0.006857114184283919,0.0008334682783253111,0.0021478129899037413,0.0036593232800770092,0.01929597248000592,-0.007484638880931649,-0.007953630648756871
2016-11-29,0.0010129554476379088,,-0.012271346466678712,0.00270882731999178,0.000802897765145083,0.0006242954740027784,0.0013636340088440946,0.006960900811725068,0.0041604465962294945,0.006525714840906582,0.002672261542805865
2016-11-30,0.01072646231652441,,0.050826042261291615,0.013507546987651331,0.0012837933298277537,-0.011857545649485712,-0.01595312129951887,-0.012179430554473902,-0.031489585029486844,-0.009508724799346835,-0.00835944480830031
2016-12-01,0.0004006613593368069,,0.0024184534971567473,0.017325529458031452,0.006569339385497086,-0.020631678486829674,-0.006524772482902841,-0.015328129329553408,-0.007914337481885747,-0.007272593846699094,0.0004889455126524389
2016-12-02,0.0004003160759709079,,0.002948251245296518,-0.010917009732547611,-0.0001591419273361261,0.003654141091091967,0.0063683949645532145,0.009475425396418435,0.009055652168304729,0.002344071933891856,-0.005495713411372227
2016-12-05,0.007803132171249283,,0.00882011314448028,0.0119202816841395,-0.0007961225596471166,0.009638449578362351,0.0011867430277263669,0.008045634158403203,0.0012821806967833194,-0.0017538281672060396,0.010928771999773046
2016-12-06,0.0011909894689916545,,-0.0018544326164552372,0.008726247009647636,0.0019123167768964056,0.0029695971729364334,0.0029625141151994328,0.004323312406650626,-0.0019206431331477702,0.0027821717798355294,0.002307697890921112
2016-12-07,0.014277069553475519,,0.007963008932783122,0.015570774309084046,0.018606623908069553,0.019035540801556783,0.0143754868754431,0.020860815925950904,0.013042522259302691,-0.008616093498124644,0.019388926665875772
2016-12-08,0.006647229647044783,,0.005398055937969604,0.009369597706810007,-0.0056207032100688,0.0024908010090589627,-0.00407689436727976,0.00518986348591044,0.0016885013298906237,0.0019150992222862762,0.0
2016-12-09,0.00019447947286654887,,0.003142955251184576,0.002109931584738378,0.004553274076002145,0.0072463059827581056,0.014425214131996711,-0.0006454582091429684,0.010535235701027545,0.012202525829145383,0.0022588931473601637
2016-12-12,-0.0044659725753890545,,0.0046996620492607555,-0.009684310808842134,-0.0035949556379509806,-0.0030832920333129232,0.00403527773714063,0.010332463307620277,0.010425294102592186,0.00479306449764616,-0.008302640583111365
2016-12-13,-0.0015603502467629315,,0.01130492215433887,0.002551333217260865,-0.0014117358039497097,0.012577031722825094,0.004593305349579246,0.002556741120995909,0.010317622320554332,0.008094703695040284,0.008970191134095806
2016-12-14,-0.01191626417731595,,-0.02004371484399503,-0.004665219100802864,-0.010053163398381693,-0.0034613415434371353,-0.010859279124592947,-0.017532388808961352,-0.02062897435754263,-0.005162104776553433,-0.006756899667931804
2016-12-15,0.006523974407947719,,0.0022286704824745485,0.008521462034676297,0.0011106007087302583,0.004495554745168162,0.004237236693796387,-0.00811204335353799,0.007090717951729664,0.006486145198548732,-0.0023867185106537514
2016-12-16,-0.003084548961569844,,0.00620747552509382,-0.008615156713436711,-0.002009332376677997,-0.007232807430757271,0.00571906034537073,0.014024642944984622,0.012189731153288141,0.0007913480137835549,-0.0049103133798488185
2016-12-19,-0.0019833158770969916,,-0.00457450081860955,0.00042826868189949074,0.005592779911541612,0.007202933098409137,0.001921556868626384,0.008869778183828947,0.0037185198050060375,-0.004168012003874733,0.002660938030741855
2016-12-20,0.0007951581032981103,,-0.0022320352750291317,0.012409142157689734,0.005720636477605678,0.0036781411671145126,-0.0019178715693392023,0.0006514510780804006,0.0012346692605409437,-0.00072179451832044,0.007960316789950017
2016-12-21,0.00039708101736901646,,0.0015793312512297764,-0.0025361677577141473,-0.0037921116904596763,-0.0020359708112013264,-0.00019176127092856987,-0.012691051000918163,-0.0041110140739367695,-0.005632468880315211,-0.0004786667414218293
2016-12-22,-0.0041682419943689375,,0.004072754774282705,-0.002542616259090358,-0.0019032024083893706,-0.0020400388334220754,-0.0015372021999480179,-0.0013185337986388879,0.0035087075640212184,0.0013072874483976982,-0.010774307977289066
2016-12-23,0.001993198278296582,,-0.0009157127899824813,0.0016995909468864312,0.0009534867441203243,0.0010222332295972691,0.0019246962136070245,0.0009900558695825623,-0.00020538864153540892,0.007542422005894389,-0.0021784531200715884
2016-12-27,0.005371012135938269,,0.002226406551112836,0.0012722421348068114,0.002063825453010315,0.004083900353654135,-0.00019266323021294163,0.0026377661726200152,0.000822669056179226,0.002015771252724674,0.0038810464588001636
2016-12-28,-0.010091409012109698,,-0.010846810672267226,-0.010165100707083652,-0.01045628675012511,-0.008948225653935826,-0.006147817513513898,-0.007563626667715151,-0.009455384866722483,-0.007614859186911516,-0.006886700349940211
2016-12-29,0.0,,-0.001981951592910036,-0.007274251156072609,-0.0003201728189299313,0.00020531263671719202,0.004639715942006406,0.009278155298296342,0.013488465615622003,0.0017371540923507567,-0.0013379926080107074
2016-12-30,-0.006595788918620116,,-0.002912342342690999,0.002154841086573933,-0.0035234583098934236,-0.00779657625351049,-0.005002777387457358,0.009520493398493368,-0.005528042760990726,-0.0036129666732530596,-0.008405534286373029
2017-01-03,0.00583505841149079,,0.011285386195446279,0.011183087917395973,0.0059466911078316365,0.008891216520825695,0.003674508131738863,0.0032519188704680513,-0.002470985949264648,0.013054450310614696,0.005896818776817803
2017-01-04,0.0146028415735322,,-0.0021007494832996354,0.008081524049731614,0.0059114656407390775,0.0034843037740375227,0.0,0.012642023532488222,0.0037153439879711314,0.007875239274712786,0.01331225052814311
2017-01-05,-0.002957422252710229,,-0.0024997160169963895,-0.01012678657239896,-0.0028588842878878307,0.0016341858128841036,0.0032752946512593084,0.005121442825487765,0.0010279922272991016,0.0051144305032952975,-0.0007231418501580933
2017-01-06,0.0009886710505218055,,0.0009232558837823923,0.003410000388290424,0.0057341618810817785,0.007341196404923256,0.0009603151410717548,0.0,0.0030813342767117557,0.002826969264120738,0.004945163013373666
2017-01-09,-0.00019761139379637083,,-0.014494702008534754,-0.006796823605446978,-0.007760532935262243,-0.00020269793844474027,-0.008058157834444635,-0.006369535876705856,-0.013106751887333346,0.004228500056487894,-0.0008405064247025695
2017-01-10,0.0005930419791071451,,-0.009091912822199899,0.002138833434421006,0.0041500519701407335,0.00020273903322887143,-0.005029469912193774,-0.012499707419451167,-0.0031127717554042533,0.0035088188597340864,0.0036040519755351497
2017-01-11,0.008096329593876517,,0.010794577703438168,0.006402032061998408,0.005245773478518734,0.004655935965801383,0.0019442482237033154,-0.005517841611670349,0.01040798554809741,-0.010070246146763329,0.002154765800781444
2017-01-12,-0.0019589295030649767,,-0.0041381487018590235,-0.008481998624260134,-0.004111474394810299,-0.002418481422653218,-0.0009703799855145245,0.003916533019659996,0.0008241714588119731,0.0009890261508707088,-0.0009557033878005994
2017-01-13,-0.0015703815860719228,,-0.0029489636241989414,0.005560598632999625,0.0038109900465632673,0.0030299858062126095,0.0005830593261439976,-0.002275696081231904,-0.0014411123292701333,0.0009878603856672274,0.0037056430337902846
2017-01-17,-0.004521012828049287,,0.006184265725571958,-0.023819710699038765,-0.007750780950862679,-0.0038257740260612128,0.014169136488728418,0.008145987587098613,0.010925657283671564,-0.0050762093852388945,0.0016674019432227905
2017-01-18,0.00631907325813863,,-0.002271328006578255,0.008278819519799141,0.0038256788418322696,0.002627527063791657,0.0034445697066274317,0.002262540738500851,-0.0012233401425134627,-0.0012753536332589244,-0.0017834145234967291
2017-01-19,-0.006279393311784731,,-0.005490999135246866,-0.004321445001900681,0.007305185475509068,-0.0014111340490196023,-0.003623582935560865,-0.009674629923762001,-0.008779000229324985,-0.006385606297049096,-0.0030969009164127925
2017-01-20,0.008886100538565866,,0.0037708306886801157,0.004774122685373916,0.00015749741953574592,0.005450939804790167,0.006508144256316628,0.00618717734744334,0.00185368775919037,-0.0025709502779169835,0.002867681359051577
2017-01-23,0.001957396024108826,,-0.010598674311666278,-0.0064791723479616925,-0.005516823582918939,0.0018072698326503378,-0.00038030738430328004,0.006148626945983615,-0.0051397454606249005,-0.004151923573898486,0.000714670941333706
2017-01-24,0.02578627379952847,,0.010983248410104451,0.012608372287866487,0.00998572405740994,0.006213763769809422,0.006659073744742949,0.00032182791568802216,-0.000206892627898414,-0.006901620076094517,0.008215286980670866
2017-01-25,0.006665620859862997,,0.005230553586146103,0.016745869379786393,0.01051488900514208,0.009561996058630617,-0.00018892149568172645,-0.006109086290237986,0.0,0.009410766667530712,0.006140703719172302
2017-01-26,0.0026482814629840146,,0.0008006230384736135,0.0025331640474435257,0.0023295283837763137,-0.002762372836779936,-0.004347678649324727,-0.000647235640437005,0.0004136597240176343,-0.007745271563542322,0.0015256836508306115
2017-01-27,-0.003584974106356942,,-0.010398574165052299,-0.003790622264152499,-0.0007750508930010058,0.00395703576220674,-0.005506099761087735,-0.008416820482584297,-0.00020663880455107364,0.0082392626568637,-0.003163892928693901
2017-01-30,-0.010225367488528536,,-0.018321456520201673,-0.008034258346634848,-0.008528223765782328,-0.008080554438287813,-0.000763425525138528,-0.005550097535881537,0.0008266204944247235,-0.0048746335820829545,-0.0011759504123695086
2017-01-31,-0.005930557860099328,,0.0004115451092783218,-0.006393654138411642,-0.008758170519218345,-0.004967143227245563,0.004776152242175868,0.008207068875695223,0.015486306582695342,0.015991827430101857,-0.0015299937267894137
2017-02-01,0.005003804844196491,,-0.00740730916499821,0.0012869786419287266,-0.0017353890505678038,0.007588132610098608,-0.007795979881282444,-0.011071198660674852,-0.01728344156602868,0.008650523947440147,-0.001885833308511109
2017-02-02,-0.004404572872190982,,0.005666059745130125,-0.0038561675428535613,-0.0018968664489363851,-0.0019818210397886116,0.009199029119392632,0.011853886470774233,0.010552468687931249,-0.0002817249706927871,-0.0008269073762944279
2017-02-03,0.0017312839166239158,,0.008657414427551524,0.020215188407786133,0.007442840821972663,0.006552854630110794,0.006456143751046195,0.006508409098308965,0.0012285585317617365,0.004359513480424848,-0.0013001339298165382
2017-02-06,-0.0026884734080407924,,-0.008446711523212747,-0.0046373552468422785,0.00141450721748404,0.000591625102091653,-0.0054713569492764735,-0.006143251107668224,-0.002045259140495803,0.0011205788202373057,-0.0029594617611991003
2017-02-07,-0.00789360168094011,,-0.014152413794594865,-0.0025415391106311525,0.0017264001492314218,0.003943241874867054,0.008157876971218059,-0.001951431489384703,0.0024589222756774554,0.0009785058798792434,-0.000949222977016495
2017-02-08,0.0023290147422974083,,0.0023695371767811224,-0.006794129318039133,-0.0014102848796458956,0.001767518052239181,0.004139846168846439,0.008474431261318083,0.009811980886830884,-0.00153685117114577,0.006178644947179235
2017-02-09,-0.00038725237293091297,,0.011262401088105944,0.013681694943300071,0.007688757654388478,0.0031363627538123495,0.004122961706169104,0.004201693377683613,-0.008501906114860125,0.0036385338356290653,0.006258875880399861
2017-02-10,0.009102934708616228,,0.007562196852849867,0.00295200102528681,0.00794148996822508,0.0029319363311601787,0.0007463274776595696,0.006758887455206031,0.006329010298133486,0.0019519405500389997,0.006102410681987802
2017-02-13,0.008253443527140636,,0.0019105144957392017,0.011353688321630528,0.01004139487039879,0.004481582897303493,0.0,0.004795519717222252,0.004868955620211279,0.00612315290351062,0.001166662762826176
2017-02-14,-0.0001901642642055945,,0.003269075508845587,0.011642870441349817,0.0004590150536025739,0.003297833462869937,0.00018660225014777154,-0.005090896161610847,-0.007268251894563482,0.007883648418734124,0.005708855115392764
2017-02-15,-0.0013328876111052823,,-0.00393730621679067,0.007809430159339215,0.005351147632713715,0.003286587794185447,0.00913697385613288,-0.002877949684417014,-0.0024402116969350907,0.010841460950830495,0.005213031862381756
2017-02-16,0.0,,-0.013629486751327802,-0.002446938411323485,0.00030383394686706033,0.002312905979781288,0.0012933346122172562,0.004169268239704538,0.009989561295315585,-0.0013577644277811274,-0.005070574861539168
2017-02-17,-0.0028598748755553904,,-0.0055273285505577086,0.00040817494937872567,0.0016724129897647266,0.003460546286531585,0.004982377625203371,0.002874355575439802,0.0006058574537841643,0.0013596104584971958,0.0032433504289672843
2017-02-21,0.003250516744992993,,0.006808437119627531,0.004904435188475276,0.005008319624379753,0.005173360570349894,0.008997630615261931,0.013694444198444566,0.010490361869259779,0.004480096651015009,0.005772787110350119
2017-02-22,0.0026678785361344826,,-0.015180829891884073,0.0008133243652017619,-0.0027181419020260167,0.0011439676943520993,0.00018155197136437984,-0.0037700268900389133,0.004191985769192996,-0.001487005896444571,0.0
2017-02-23,-0.005512045170402491,,0.004204426802807415,0.0,-0.006511566861632345,-0.00019041678582698562,0.002365794880309968,0.006622555092478777,0.010338119383121125,0.007309337358112122,-0.006772958036955545
2017-02-24,0.002102744955717606,,-0.009350028855305337,-0.007720210283331919,0.004267964572795657,0.002285116929222175,0.0034488840968742718,0.0050125021484188625,0.015151605001505919,0.004837293064204884,0.004623169654863313
2017-02-27,-0.002479736397556276,,0.00859267644498396,0.005323131607808174,0.0036424759153332875,-0.0005697375507361935,-0.004522403475387349,0.004987259246585385,-0.005621292694348967,0.0048140063048951465,0.0011505939039797575
2017-02-28,-0.0009561426663428074,,-0.003072367145283028,-0.00040723253097507683,-0.004082862819741351,-0.0047529396108113575,0.001271680952241061,-0.003101467939487068,0.009162105959097833,-0.0019960285669142763,-0.007469832462878467
2017-03-01,0.01952150272550357,,0.02003358566154967,0.028524631307646597,0.016853869700501622,0.014135638153957686,0.004718857439301782,-0.0024888127144778727,-0.008885835075112203,0.010001409753283674,0.011230758753599135
2017-03-02,-0.010700239353916507,,-0.00947673483177347,-0.015451394905251159,-0.010751005261121716,-0.006592479729022216,-0.00018082547181053066,-0.003119608837821808,0.007211325002697722,-0.003168815506453093,-0.0024043122429288077
2017-03-03,-0.0007588125692922221,,-0.0018025834769496152,0.00482888841735174,0.001056565183267244,0.0022749920287750136,-0.0037938711332513586,-0.0031288833550529027,-0.00309658080351205,0.003973257131856256,-0.0014916005402910715
2017-03-06,-0.0064565902911457584,,0.0022227268155834423,-0.007608996996675277,-0.0024125727023988075,-0.0015133775765904245,-0.004352428354334581,-0.004080282563299287,-0.001940854116596169,-0.003825466245588882,-0.0032185647530471595
2017-03-07,-0.0055427715347925455,,-0.008870565749438009,-0.0028248086434702335,-0.0028718755345472635,0.0,-0.0012751374899503398,-0.003466899780894539,-0.0005833090370683802,-0.0070189778611278175,-0.003228957361399387
2017-03-08,0.0,,-0.026010262076459845,0.0004046872559828607,-0.0034863546714023474,0.0011367932760866228,-0.002188740928385613,-0.014864158359463864,-0.014399304709659777,0.004001049556878078,0.004164965102240403
2017-03-09,-0.0030752167553562693,,0.006604245263413189,0.0036404369551008564,-0.004563381706022107,-0.00018926364449489697,0.0016449778322886743,-0.01284081321201258,-0.0021720530651382353,0.005446452074688191,-0.0009217089150325153
2017-03-10,0.00462705432803201,,-0.0014261151371294245,-0.0008059298314964103,0.006112333891948207,0.0052998291538504105,0.0045621958194201895,-0.0009756517254644326,0.008310133402382291,0.0038310240464476397,0.0014986522453348528
2017-03-13,0.0028782705098997496,,0.0001428392721767313,0.00242037948742313,-0.0006073368050377725,0.000941744586983706,0.0007268422690123177,0.0013021394018397636,0.002943773711616693,-0.0007898189546937662,0.002648509240543939
2017-03-14,-0.008610556110702272,,-0.01128285145143404,-0.0028168515767883484,-0.009422700456200528,-0.0022570184273437155,-0.0029045476009177396,-0.001300446039811498,-0.0009786109740547166,-0.003687679420238399,-0.000229830477923465
2017-03-15,0.016019795553825933,,0.022245013192003782,-0.001614542145256248,0.011353477536725887,0.006786926109643376,0.007463961574199152,0.019205794791053332,0.016059459233968898,0.012559555656868948,0.005283760291290518
2017-03-16,-0.006839101881480514,,-0.007065345730605466,0.0016171531071029754,-0.004550987879598289,0.0005619151514408838,0.0014457135362084816,-0.0022356375601054745,-0.010986671833668193,-0.009661886307478662,-0.00011424192405196099
2017-03-17,0.004298456040419785,,-0.0007299528158498658,-0.009800918247984236,0.005465018868088922,0.002160626748272998,-0.0027209113191940526,0.0018683703591055867,0.006028766854365486,-0.0055042726010468,0.0012721980926972964
2017-03-20,0.005540743802642023,,-0.0014327933233656553,-0.0081800416293073,-0.0018274591945094398,0.000937299234838207,0.00200074942981332,0.0009646191448298147,-0.006636827495524189,-0.0014635877641417938,-0.0024040405757284056
2017-03-21,-0.016720368129390817,,-0.007029943196872335,-0.028041261648671156,-0.015253134711544214,-0.01460939735296285,-0.0009077761241375049,-0.001606093948988696,0.014148499072884402,-0.007861820020380272,-0.012622050726927347
2017-03-22,0.0028983012977021883,,-0.0014450882219134709,-0.0021215299654849806,0.003562976622784042,0.006272457399973952,-0.001998391992791948,0.0022518661898602854,0.004843481200790256,0.0002689878678963087,0.0011624448587577163
2017-03-23,0.004239173945584707,,-0.0040512779713388625,0.002126040423952258,-0.0013890613631502013,-0.0026446467382913452,-0.002184654659917906,0.00738390441811454,-0.0030850427819969495,-0.0030878223084319645,0.002321609316028539
2017-03-24,-0.008825992083072887,,-0.0039229299284976316,-0.0012728605008307525,-0.002627798863227837,0.000757809271655141,-0.002006866389290596,-0.0009560120087024337,0.0036752665406603047,0.0005384810472119916,0.0024317730293650364
2017-03-27,0.0021290357068388666,,-0.0046673261739466065,-0.003823352299181404,-0.0035642878947165224,0.0,-0.0009140706071765203,-0.007974445267442176,-0.0038545608868213455,0.0026917923715408243,-0.00034655340782174804
2017-03-28,0.011590056687816652,,0.014214617335895019,0.013646369675701209,0.010575480823934669,0.0071914026285113675,0.0018297248205976224,0.005787631833843454,-0.0007738952035464264,0.0006713053249105538,0.007627782125122273
2017-03-29,0.0007637304513419263,,0.013726279347930026,-0.0063104673566397596,-0.00015366075005474045,0.0016914771718137267,0.0018266494729997085,0.003516281459705839,-0.002710387512293133,0.0002684610420169431,0.005963742991408338
2017-03-30,0.00019096137668750401,,-0.00028512015265869106,0.013124473094366484,0.005540851905638133,0.0018754961054205932,-0.0020054025839925105,0.002230451220479379,-0.007765305755900176,0.0001342540047684082,0.002622136692356891
2017-03-31,-0.00019092491740246853,,-0.0034219396408532443,-0.008357887974975164,-0.004132944265978988,-0.0018719852044601915,-0.002923190156322142,0.004450071824338098,0.0039128900417395585,-0.002816397068133858,0.00011373665610059369
2017-04-03,-0.0038164359558375827,,-0.0017163651270034608,-0.0021066545735433095,-0.002151544828738472,-0.0009380617332764851,-0.0016489982135406978,0.0012658628178989773,-0.0001947337512419045,0.0008070343079384923,-0.003979286917171865
2017-04-04,0.0036398018337897575,,0.007308474744566862,-0.0012670425712191236,0.0026182086936423765,0.0007508714378741121,0.002936513467601376,-0.00284479452389097,0.0031185208894355387,-0.0005374300279696875,-0.0015983025082703106
2017-04-05,-0.0007637293059939987,,-0.00312996497281981,-0.007610754348382098,-0.0032259325316755794,-0.0041276355099795214,-0.0018299917388792108,0.0015850412053417529,0.0056355474417104645,-0.0030922720817647686,-0.002401005612456708
2017-04-06,0.005347658956241785,,0.007992343860259599,0.006390838922074593,0.002774063252371395,0.00018847261181043073,0.0,0.005696300959252776,-0.0025118761134315104,0.0017524989430972582,0.0030944096594915926
2017-04-07,-0.0009495928033497192,,-0.0038230332134119305,-0.004234077209294584,0.0010760800415967609,-0.0005649175640853876,0.0027499309865461896,0.0012584491489278093,-0.004261851319065424,0.001750986150525602,-0.0029703907402043317
2017-04-10,0.00019004691446333766,,0.007532698994377363,-0.0025507493030080264,0.0024566652109914155,-0.0018846481853488362,0.0029251503909712984,0.006913947714573876,0.0017510141512202537,-0.0018816749865013804,0.0036669778406817066
2017-04-11,-0.0026617158392779894,,0.00014093441725671063,-0.0029838372115742473,0.0013783557144131375,-0.003776729335344786,0.0003643668538726441,0.004681594735658212,-0.0003885981923242854,-0.0013463484331344144,-0.0007993337869116601
2017-04-12,-0.012390200546680052,,-0.004231219667510944,-0.008122907913186372,-0.013765537028324504,-0.0034112609407412897,0.0038266291570179245,-0.0015530459162168553,0.007383281161941646,0.0,-0.0039992942085539385
2017-04-13,-0.009650610466701681,,-0.01827215704624008,-0.012931211513961594,-0.007134033076993673,-0.003994288398960322,-0.004537909737132417,-0.0021783211925799906,-0.0032785372207787544,-0.002561785893134161,-0.006998681233111648
2017-04-17,0.0072109838989891095,,0.0021642236616519206,0.017467129640767576,0.010934008917302673,0.009165902182906027,0.0071113356490133395,0.01153718678716431,0.004449652479414645,0.0036500382348971794,0.01028310390320386
2017-04-18,-0.0011611562834080713,,-0.009357620580635051,-0.009441798061170958,-0.0032447866736762254,-0.0001894509742409456,0.00452675958652593,0.002466488388104704,0.002311846658930916,-0.010909455108094157,0.00011410077617157732
2017-04-19,0.0013560357274229329,,-0.01467821532131064,-0.003033159702452215,0.0009301983745244602,-0.0007572354316242036,-0.0037852445575607963,-0.0021527084986208145,-0.006918958460624514,0.002995611044960933,0.0009148006736137138
2017-04-20,0.011027216400265383,,0.004867414063892905,0.01694921241762093,0.012079825457150362,0.00909117757511635,-0.0019901635493566605,-0.00030837513441162034,-0.0038706793585809862,0.006244876101807462,0.010510878561078574
2017-04-21,-0.0011480071900490385,,-0.0049903988521765585,-0.010255993108056138,0.0009181736518122374,-0.002064239205683771,-0.0029007562663943,-0.00339038666567848,0.00505186902016086,-0.005936376857385128,-0.002261239139431437
2017-04-24,0.01149440489370357,,0.005900692435175214,0.022452410360533026,0.014218126457235192,0.011848323904560143,0.009090671196855249,-0.0098983984774349,0.005219138553046898,0.009908021589778215,0.006458985959054919
2017-04-25,0.016098399486056625,,0.008505227944681337,0.008868249122233607,0.0048236468309339475,0.005204588069186,0.003964183573379243,0.002187249429771887,-0.0013462181885395275,0.004300315470956884,0.007881180270470134
2017-04-26,-0.00018637727823211936,,-0.0033439375683483874,-0.0008373014339034812,0.00014985479564044724,-0.0011093839768805402,-0.008076040634403814,-0.0084165225139462,-0.0030807858205170735,0.005485836183006576,0.00469150813358743
2017-04-27,-0.002237114727180467,,-0.010942760393771955,-0.0046083075723925004,-0.0002999982388361966,0.004072310540358615,-0.0012666596580159784,0.0006286717507031359,0.003476606931906101,0.0021298311228392652,0.005336845473559171
2017-04-28,-0.008408203433673656,,0.0007375556443203202,-0.009680368698839148,-0.0046510010849755146,0.0025811840936351693,-0.000362210743406699,-0.005655139983861468,-0.0048123687518052405,0.0026558647045762385,-0.003981478320796872
2017-05-01,0.0005653287707285681,,-0.002800777602081639,0.006375217374031461,-0.003014837931594183,0.007539495441454491,-0.0038057364058970977,0.00631898926197727,-0.005996208833425998,0.0022519049336218178,0.001332711623545979
2017-05-02,0.0016949419608305316,,-0.0050259727709217605,-0.0012670425712191236,0.004838300565586984,0.0021903977303550093,-0.006730969785070706,0.0003142655138193007,0.0011676688409487657,0.0027750456282329417,0.001108929882663423
2017-05-03,-0.009776207849435226,,0.002823080507395659,0.008033701332216259,0.0007523987688045075,-0.0018210755057692651,0.0009158338536328081,-0.012241237940323835,-0.0034987238806399867,-0.004875841010065773,-0.005870596290475039
2017-05-04,0.001139157315255268,,-0.01837059195362145,0.001677831372406402,0.0010525529524747501,-0.0007299422064251937,0.007685289110312521,0.0009534421691248518,0.0035110079279225825,0.006621430060601341,-0.001559921315200552
2017-05-05,0.01422330725926435,,0.015846569658842125,-0.0016750209696740903,0.0051064616048102085,0.0036514610996654095,0.0027237875948953327,0.007936553481352249,0.005442536004814036,-0.0005259544818794204,0.006249061519016719
2017-05-08,-0.0080402972365754,,0.007131376804417444,-0.0008391524673734274,-0.002689764260981109,0.004366070304766989,-0.0003623436616979614,-0.005354377460389803,-0.0003867952207907699,-0.006187101201687861,0.0018851497254057659
2017-05-09,-0.007540098139865559,,-0.008260738614005225,-0.00377822005624584,0.0013482760599230481,0.0012679550614613788,-0.00362307638304038,-0.003799911505213527,-0.007348815769234629,0.0011921849648586225,0.005756169342573836
2017-05-10,0.003228939944130982,,0.01323814405339463,0.003371408529800668,-0.0020943612567525527,0.0037988969109925552,0.0007271440715965749,0.005403406525754217,0.001558645544725179,-0.0029102901590986052,-0.0034117904669831445
2017-05-11,-0.0015143610681701558,,-0.0020552824721467022,-0.006299676452865999,-0.00030030829116978186,-0.0012617828808277887,0.0014537614885896666,-0.004742035381648635,0.001361470589395175,0.0005308914915014284,-0.005963643278063646
2017-05-12,-0.002465316692373265,,-0.003383207700101809,-0.004226822856126411,-0.005549600509349939,0.0025266031075692474,-0.002902684769492625,-0.003812146515512871,0.004856599875904033,-0.0017240993813670835,-0.0014439242115876771
2017-05-15,0.008743617031816031,,0.007822556215112408,0.0076403081577860466,0.004675486162480924,0.00557944648423625,0.003275015677042914,0.004464509962059493,0.0042524934915113555,0.006509044609653625,0.00022200648570791515
2017-05-16,0.0001886726619775292,,-0.0049792727389381675,0.002948453612169555,-0.001050706048290273,0.004653858647059472,-0.0009068647119047091,-0.005079525397217122,-0.007314769276407729,-0.0038273265423145464,-0.003448131235355145
2017-05-17,-0.02110021925829486,,-0.009861655058212349,-0.03149942541412587,-0.019988088920022018,-0.02725836476773258,-0.0014522652743372833,0.006381658581924965,0.002520839886756887,-0.013116329520459158,-0.016184449237464205
2017-05-18,0.0005772295270500827,,-0.0002976184295830908,0.003902935769485971,0.001380319675161834,0.005860773102310146,0.0007271003175695068,0.0019024065053376837,0.003481707601669326,0.004430257750270616,0.005785890351164502
2017-05-19,0.008655646418712859,,0.012342170820190956,0.00863939543641501,0.013169883052506437,0.005826852941442917,0.005449643506277857,0.005696300959252776,0.0038549135270520285,0.002806809213592887,0.006768037930522164
2017-05-22,0.0011439791135097188,,-0.002203324002960305,0.0025696090090356893,0.007708555455913091,0.00796504540361953,0.005600808267719248,0.0025173045899549162,0.008640467039013,0.0026654217938917313,0.005042465449591971
2017-05-23,0.0007619264258971192,,0.002355347145546194,0.007689069125811132,0.002099854250355193,0.0017958919506588789,0.0010779137062768562,0.0012552081492722689,0.0026651753445467996,0.003323392096451272,-0.003790797667081125
2017-05-24,0.006661802195277566,,-0.005286708886261704,-0.00042402269469021814,0.0011972787123046835,0.004123618930543582,0.003948356343741466,0.005642974651583366,0.0056961706722185035,0.002517148293188942,0.0035811772086196125
2017-05-25,-0.0011345051654821914,,-0.018160861714457743,0.0016963314808864371,0.00657805585938398,0.0071414661759445774,0.006256835251129633,0.0037404441215918016,0.008117834400695356,0.004757438870833353,0.008809279435098905
2017-05-26,0.0018928741578800867,,0.001654385027802796,-0.00042357979125762224,0.0011884944070676973,-0.0005321140461210794,0.0037305165444223576,-0.0062112164875365306,0.0,-0.0018415819349892892,0.0029840889773582457
2017-05-30,-0.0001891716587685277,,-0.01336161669849345,-0.006776896999428517,-0.00029677089122248645,0.004257176686513153,-0.00035387665333208584,-0.0028124681488043146,0.00318308924269628,-0.0014493929738760292,0.0007714973290398053
2017-05-31,0.0030236905872405018,,-0.00426008333796013,-0.008528583860684669,0.001928923457173104,-0.0015898306363729686,0.0028329624003808895,-0.0015667542516822897,0.005040539126185406,0.003958797867921637,0.002643133928431185
2017-06-01,0.012057268147596778,,0.0062649202887923305,0.012472987204393604,0.006220521932321255,0.002476769607919538,0.008121447070792653,0.0031385066994689126,0.007057801984014622,0.011040715283916924,0.009445414694329246
2017-06-02,0.0024197470972355806,,-0.011541249033816814,-0.003823352299181404,0.003973975029650134,0.00917587938215636,0.002977195357986906,0.008760986988083586,0.0011066289749610547,0.006501096802670858,0.003590097050157448
2017-06-05,-0.0031568161877317813,,0.0018434576996251284,0.0017058323173380074,-0.0035183096464592722,0.0008743469627463529,0.0010475259056348385,-0.002481147889742741,-0.0031317649012394533,-0.0028417267547680147,-0.0027102302782318066
2017-06-06,0.0005584786418328935,,0.011808415870938616,-0.004257030150735419,-0.006768184859116233,-0.0019217952823881168,-0.002441782485948285,-0.004664606962438422,-0.0022178505820957817,-0.002461411203725783,-0.008587794306814778
2017-06-07,0.0013035244789010303,,-0.01409547712521031,0.0076955490287407,-0.0011846669236014185,0.0031507645636787984,-0.0003499471210854921,0.0053113728499516455,0.003334029722516396,0.00272698946355332,0.0017543708805898284
2017-06-08,0.002975168530681138,,-0.002920903590338697,0.011455361317743717,0.003262588510179576,0.002268206397590955,-0.007521138770713032,-0.004661707425075767,-0.008307190097254225,-0.0028492025668910292,-0.006458164146154299
2017-06-09,0.012791994636916604,,0.02405200248561301,0.018875816042625226,0.003843414835291936,-0.024721095177828722,-0.0012340145836529093,0.004683540721633461,-0.0009307425793263491,0.006753302431502295,-0.004406705360511243
2017-06-12,-0.0038441301149163554,,0.0070761774525238685,0.002058643738064303,0.0036812101362693195,-0.005891241398733649,-0.0001762359468132635,0.006525234818735903,-0.001863597156224417,-0.001289559956124009,-0.0005530224462866329
2017-06-13,0.012495258418800725,,0.007474627216771834,0.005340772491737589,0.004108162426346373,0.007182729919310793,0.0015881194317988179,0.0024704553519769856,0.0024271996254112693,0.002066418600151554,0.0062000309590546365
2017-06-14,-0.010525995232753882,,-0.018103415681235857,0.0016350034501257937,-0.0010226761557565744,-0.004813591555841046,0.006343861796844541,0.0030797035028833353,0.0054001847073876785,0.004768767398880547,-0.0005500107257598863
2017-06-15,-0.008804106553631508,,-0.0075560448105149725,-0.0040803297649333325,0.005996361902669056,-0.004478806442495209,-0.00227648060423713,0.004912254161322682,0.005742065271227892,-0.001025729648402418,-0.004183832964085199
2017-06-16,0.004313103258292816,,0.016543625420259334,-0.0011103800461634838,0.0032727862700239196,-0.001752503081456247,-0.01050493724284951,-0.0005546661347762827,0.004585612112185222,0.001650146023108201,-0.00027705056615545676
2017-06-19,0.007960040244157307,,-0.006335234313772475,0.010292341427109442,0.006114490576316189,0.014841450311591675,0.004825758860217855,0.0006164710745282242,-0.0033265346690523057,0.010425895285274045,0.007653751708291079
2017-06-20,-0.005509470805471373,,-0.012750155711595879,-0.008557127213354776,-0.010708727456246292,-0.008025439375187404,-0.003913164717250672,-0.0018481160261835106,0.0005559154739940286,0.003312202690230137,-0.012549407214137664
2017-06-21,-0.010526247672935418,,-0.016143932416064932,-0.008220591955102607,-0.006729084043291311,0.005573446230617396,-0.0028572671787362447,-0.002160588603300373,-0.005930415538197509,0.012696460305605228,0.0015605887551013442
2017-06-22,0.0011196838691547306,,-0.0006251984369778363,-0.0062162214061738386,-0.0020618168227067857,0.0003577162826717828,-0.0066262070233663595,0.000618568460375446,-0.0046605519070678225,0.010406213806900988,-0.002337328240070047
2017-06-23,0.0039147226250655365,,0.006723981280041702,-0.0037530627124763294,0.0036895533254028834,0.006255452199328548,0.00036090811056821437,0.004327856632762916,-0.003371490373743513,-0.0014889966590801995,-0.0012275852035065205
2017-06-26,0.0029714738677710795,,-0.002174378894810425,0.005441544308655288,0.0002940688308519235,-0.0053284840933123245,0.003964296117876742,0.0046165345699373805,0.00676588605341788,-0.0009936321208333654,0.003574777690057651
2017-06-27,-0.006109949431037043,,-0.001556610957577087,0.004995656764939849,-0.007496876030532507,-0.016428653323762532,-0.008615991699102876,-0.003983018758672796,-0.011200443816142935,-0.009080886520584475,-0.007902796619858043
2017-06-28,0.009128309050179695,,0.005456761987822967,0.015741766487082698,0.00903458415606484,0.012527164313642203,0.003621444275869301,0.0012305238931251683,-0.009628108380488998,0.005272550283017541,0.010097754670441272
2017-06-29,-0.011999571890908167,,0.002170669619522947,0.006932689622679344,-0.008513235031261113,-0.017930707213361097,-0.010644067218247288,-0.010137988235288553,-0.00800608033437622,-0.009115819182536566,-0.009663517701130164
2017-06-30,0.00541890849595239,,0.004487181633827886,-0.0008095449411776867,0.008289998979674307,-0.0009128131537539108,0.0018232469351380232,-0.0006208391812712044,-0.0015372798331475535,-0.0013865021503760566,0.005271369717565477
2017-07-03,0.008734142219973595,,0.01925447250079726,0.01459227686949549,0.006166509936705644,-0.0069446161818346175,-0.000909964377805994,0.009316941353144204,-0.004618843324568633,0.0017666835474665632,-0.0010041517061487593
2017-07-05,-0.003316404359373526,,-0.020250988672348647,0.0015980849221770566,0.0029185044044017783,0.009937496982890481,-0.0007288279267241293,-0.012000210547981172,-0.004833661378661591,0.005921058345613517,-0.002457266723596696
2017-07-06,-0.004436025208359284,,-0.011105706832554518,-0.007578769396769602,-0.008729648130258671,-0.009110897660592476,-0.005651634465530853,-0.0180629064163913,-0.000388453891959184,-0.012899175798357088,-0.010187823475988456
2017-07-07,0.005198817376774523,,-0.001559853896570429,0.006833102371863298,0.007779097969775384,0.01158521906596044,-0.0005501066373490016,0.00570885636630436,0.0007771119564112805,0.005074852219908665,0.008935558527908505
2017-07-10,0.006279863836958111,,0.0032806373730487337,-0.0011975839280772282,0.0029129137996461996,0.007271629880102104,-0.006971115012819773,-0.007883891486253236,-0.0007765085223543355,-0.001893321080878918,0.0021299605027282897
2017-07-11,-0.0014683887943367502,,0.005450224434730755,-0.008793201844208731,-0.0008712524429043134,0.002165612753662449,-0.0027711883413268357,-0.0015893082308809925,-0.0005832004834493976,-0.0011384381732717497,-0.0020136958109843173
2017-07-12,0.011580932514397402,,0.0027875624556574774,0.003225720726142356,0.00552321567570746,0.012965748023318735,0.005557688945334371,0.013052926091062123,0.008556838165270308,0.006837071179202292,0.00762290393215026
2017-07-13,-0.0010902639118427482,,0.004015448132016486,0.006028926115956068,-0.0007228665726006778,0.001955765978732593,0.0001841879449522299,0.0018859312969867759,-0.0034709576375612228,0.0008805649576717478,0.00011120855480606373
2017-07-14,0.005093506652413149,,0.005998955144632001,-0.004394621203638427,0.004339632548620687,0.008871424955595009,0.007920045156842415,0.010037519096534053,0.004643965559517627,0.006784335557907806,0.003225522060093411
2017-07-17,0.001991215260706447,,-0.0012230145318358199,-0.003210277799240213,-0.000575981519625901,0.00017589612374591113,0.001097211840364487,0.002173849590731969,0.004622692539953288,-0.0036185506647834487,0.0024392807842434916
2017-07-18,-0.004154623238039723,,-0.004745972142667809,-0.0016103084370454601,-0.0023062107695851486,0.004571835987919215,0.0,-0.0012395166051891726,0.0028753461984305506,0.000751491469221266,0.004534983441791152
2017-07-19,0.009613469390012508,,0.014612865720719848,0.0004029770050961723,0.0010116151915815497,0.005076151011119245,0.003650575010706314,0.0074467267703068885,0.004206108749550186,0.00813508104216476,0.00484462804877106
2017-07-20,-0.007366247011774796,,-0.003032041046220013,-0.00040281468004277343,-0.005627982122451969,0.0020900953425169178,0.0001822817088774631,-0.0027720684155980724,0.007234179790763129,0.00657915167393841,-0.002081972447902425
2017-07-21,0.0001808772993801,,-0.009884313380482235,0.0,-0.0018860979529853328,-0.0012167938830764946,0.0016362000777780938,0.0018529191266603018,0.0071817471000481525,-0.001109780513104508,0.0006590625622693302
2017-07-24,-0.0009044699989453342,,-0.0018429909451126436,0.004435830832375531,-0.0021810179229241333,0.0024359004825866837,-0.003267843024745587,-0.000616392130863952,-0.009382698248566745,-0.00037041058933373616,-0.003401833920306907
2017-07-25,0.010686331400160398,,0.012617437239858642,0.012444432404610684,-0.0013116129963142154,-0.001909090324314966,0.006921768850976617,0.0,-0.005682825954715365,-0.007163779417693972,0.007046939825974263
2017-07-26,-0.006093044130061398,,0.0010631858573344477,-0.006740447249968917,0.0013133355843351069,0.003825918326484823,-0.00018103059478147276,0.008328163941996536,0.00952569999984676,-0.003359433547820201,-0.00043728923231867167
2017-07-27,-0.003606555063372374,,0.010170321614150879,-0.005588695066325977,-0.0056827318134876625,-0.0038113364644571934,0.009770176103772954,-0.0009176739026904857,0.0024533770113459585,-0.006865421821875106,0.007328549521405048
2017-07-28,-0.003619032921209353,,-0.0012020472578437857,0.0,0.0023446216252034358,-0.0010437745913228769,-0.008421587025803756,-0.0006124752208648276,-0.0015059298591492132,0.00502787350147571,-0.0076009785200967794
2017-07-31,-0.007628019889450943,,0.0022565406533816557,0.00722552565161827,-0.001315894128153361,-0.004874491132019987,-0.00036149437905008686,-0.001531773371921008,0.00339335767679394,-0.0008753876456151222,-0.0003281498518229453
2017-08-01,0.000732086066336457,,-0.00014977524550063848,0.007174229862238812,-0.0029278389851212783,0.005073632503066472,-0.0010843519775817212,0.004295749551994188,0.00563709948460156,-0.00225361705592797,0.001751162192010547
2017-08-02,0.0009144797481603906,,-0.003753356701104993,0.0015829072013866519,0.004404622100763866,0.0027847099982774015,-0.0007235987314537784,-0.0048883056393248525,0.004297331317507869,-0.0022579310910746386,-0.0027318791844763712
2017-08-03,-0.007491333974635861,,-0.014014444958753147,-0.003555845869798513,0.004970070093984091,-0.0022563750599978727,-0.0009055247495390883,-0.002456198591180847,0.0050230829235762275,0.0016347641845162464,-0.0027391805511893796
2017-08-04,0.00478634048195814,,0.0032094388715127042,0.00674062562766653,0.0018910024366882716,0.0022614778021092796,-0.0027191238631323333,0.003077689713291587,-0.004442615786110493,-0.002259347381261878,0.00011010208061867921
2017-08-07,0.0005497098452507121,,-0.007617223547084717,-0.001575248758808545,0.0,0.00607563984411863,0.007452068537912915,-0.0006135550240907728,0.00316078250966334,0.0021386847716993174,0.002306864296263811
2017-08-08,-0.007874290021835484,,-0.00230278397466821,-0.002761323021554296,-0.0030487873454759784,-0.0013804626460788283,-0.0037884821993304785,-0.004605588586971909,0.0040782489907373876,-0.0046456600814586135,0.0005479067973257479
2017-08-09,0.000923087260723765,,0.0009228980501643225,0.0,0.0002913714408929735,-0.0005181013549263591,0.0016297348358245145,0.0012336236012724378,-0.00516905366670195,0.0011357576580581785,-0.005805396901024773
2017-08-10,-0.011432956634770064,,-0.010606868738986086,-0.01780076947442988,-0.012665681318961064,-0.01970604639432416,-0.004158566582603718,-0.0089343096330039,0.003154703945572823,-0.012473592715877113,-0.014984701914116494
2017-08-11,-0.0024247806556068063,,-0.006525679476966251,-0.004027256635244059,0.0005899812066281207,0.006876843552231504,0.0007264014787333739,-0.006527314856350164,-0.005919629993126785,0.0028068717724216707,0.005145493785815303
2017-08-14,0.009349396122255271,,-0.0029718622165486597,0.013748275928560982,0.01046264853195722,0.015936789542103424,0.004898337781340745,0.016583316185666552,0.005768670771893358,0.0067430516328919055,0.0071220385691248556
2017-08-15,0.00018504850251899185,,-0.0037645296087720492,0.0007977226995310449,-0.002187697725092752,0.0015515388162841148,0.005054783676845087,-0.0018469606454398768,0.00555025611449711,0.0,-0.009171222028576898
2017-08-16,0.009816545079842642,,-0.00960473935984929,-0.0019927619386413964,0.002776913517010371,0.0029260568121853847,0.0034133195301664365,0.003083621507314449,0.004048048837129503,0.0027804912104330004,0.005129815114266245
2017-08-17,-0.015223431779855967,,-0.014149406488801697,-0.017172349611125792,-0.017344471908068093,-0.019564083398954435,-0.00913004682629015,-0.00707023535541218,-0.0071472131849086296,-0.012476737073766397,-0.015976839409912458
2017-08-18,0.0003721807793335419,,0.004998947104932316,0.00040617952239152544,-0.004004605769371672,-0.0010501702837014681,-0.0027099328374972087,-0.007430269911898435,0.005906893225500864,-0.0045938866993184835,-0.004960977953584633
2017-08-21,0.0009310801571984495,,-0.005134636727189945,-0.0028431072396588597,0.0016382245630055525,-0.00035086252427074527,0.0036229746258906737,0.010292852029438304,0.0036695871306191563,0.0044868091618208705,0.001812969033173406
2017-08-22,0.01302104980695673,,0.006612782678356632,0.010998048431873686,0.011448092254461972,0.01489955708221058,0.00018046431936480367,-0.0006173436402101551,0.002193647138316379,0.01212516335504188,0.010745246652551943
2017-08-23,-0.0018362640720711587,,0.0043263270973246115,-0.0032232116187145277,-0.009407696430072665,-0.002418097683092091,-0.002887430611710484,0.010194677517571415,0.0032831766458560896,-0.007566203022490892,-0.008504680734074954
2017-08-24,-0.0018396421408393149,,0.0006383534624214704,0.0,-0.0031161305985777377,-0.0008656327228775407,-0.013755405047575775,-0.0018350213164302076,-0.0007269532903939613,0.0029228212997569614,-0.0021445719529374907
2017-08-25,0.003132861981050006,,0.0044639424563654995,0.002829043611239923,0.004763232337582135,-0.0001733053986003874,0.003303047940817372,0.004902098473813066,0.003275270786033957,0.0002531985777878276,0.0024883917226945496
2017-08-28,0.0014699049891742089,,-0.004444104230809098,-0.006448570728654679,-0.0005925814391243289,0.0019067619872064068,-0.0029266022041615214,-0.005182920425986004,0.0018134520110071328,0.005320078535505646,0.0005643231772052282
2017-08-29,-0.004769490753967043,,-0.0012755385314654477,-0.0032453492224804315,0.0072634924201258055,0.00432405856922391,0.003485690284494858,-0.0006129598228773459,-0.0021725673545035518,0.0018895198301025484,-0.000902182757092973
2017-08-30,0.0073729847477006505,,0.0004788492592278093,0.004069963419124578,0.0041209253851075545,0.007234160227688191,-0.0001831265470598753,0.004599704169544472,-0.0029025770132613538,0.005155895678062183,0.0072234162063444796
2017-08-31,0.007685164321172389,,0.004786909134444128,0.0012161218477866331,0.0033706924796199633,0.005985038649384489,0.00036596726745696806,0.0048839075262643306,0.00018180191222283426,0.01701481894820689,0.0047066445661385625
2017-09-01,0.006537163486849629,,0.00968728132871055,0.002833806681711515,0.0008762784341100893,-0.000849959168836345,0.004752129802059191,0.0,-0.0030922662241520404,-0.0007379784913031928,0.004572730984690798
2017-09-05,-0.011365408027876778,,0.005504561851627399,-0.02139690433447461,-0.010069800573113574,-0.008846698337914849,0.0014554469185843466,-0.000911184803183196,0.002554492881133852,-0.0043086159914985656,-0.004108063368200132
2017-09-06,0.0025545704988212403,,0.01626789963754982,0.002475112007796154,0.0010319722802574205,0.0008581321763692085,0.004178208036176523,0.0015202859087444232,-0.004550272298750602,0.004821448594055644,0.006243189460685583
2017-09-07,0.001638157735613266,,0.0018468769696526888,-0.017283839767179177,0.0020616864352520636,0.003430299748129473,0.0014469354723689598,0.007589424267623324,0.007496653575199241,0.01107468829123559,-0.008641934357381031
2017-09-08,-0.000363614261253975,,-0.010600093631545682,0.009212791299527678,0.0033803013729591935,-0.008204062862802619,-0.004877103204998345,0.0003013088687504606,0.004718855471749439,0.004502971395304867,-0.0034643778512176704
2017-09-11,0.013088587707170918,,0.009471654620463621,0.01742745777069432,0.008642384363604316,0.014130740979012568,0.006171890108719769,0.007229003207953388,0.008489671745651517,0.007753555917344279,0.005270872029282003
2017-09-12,0.008433646592474142,,0.006152781073776703,0.011826660467826322,0.004792370572277216,0.0023789923597581364,0.00216474748587947,-0.010765411638839484,-0.016657529074341593,0.0021641619833696613,0.004461862312599596
2017-09-13,-0.0003559633785265026,,0.012536421604265158,0.0016126186616980398,-0.0014451403285768993,-0.0013562179884309966,0.0005400178691450375,-0.004232272804583492,-0.004917862959509134,-0.0037189305792202365,0.007219288949915859
2017-09-14,0.003382208243227325,,0.00483158780192916,-0.0020121884490968966,0.00477609553421221,-0.00339522021469274,-0.0019791993939646257,0.006982233008440586,0.008420122652583073,0.0013246253883623105,-0.0054028025135192115
2017-09-15,3.560200446561801e-05,,0.0023596483701147086,0.002955980997770391,0.004138813559668053,0.004085789813099705,0.0017418230913515131,0.0035222280375712955,0.0014083554390096342,-0.0031984490306973257,-0.0028038516309777384
2017-09-18,0.005528770239140002,,0.0042529586106481165,0.01170759648595765,0.00562049911419038,0.0008511976416505362,0.0014488506233705234,-0.005748836699740134,-0.010228279535784424,-0.00024215687884410197,-0.0034588690092861585
2017-09-19,0.005143759115681323,,0.004083433155558591,0.007581856781726959,0.0010030510205274457,0.004422449231638037,-0.003074645941847143,-0.010042550570442565,-0.0020300135892936666,-0.007872164806392412,-0.0008953443577905951
2017-09-20,0.0035290901131244112,,0.006778209241620647,0.0059404812798502515,0.007301233082983805,-0.0040643137513907135,-0.00961334148484716,-0.0027664983328551385,-0.007396388411208266,0.0009766571942924074,0.003361525273287702
2017-09-21,-0.0021102941908012207,,0.0002991909306877538,0.0023623188840351528,0.002984473585241787,-0.005441364358848455,-0.009523986003349139,-0.0015413814477400756,-0.00018621551503406053,-0.005122098353782301,-0.0016751316393022186
2017-09-22,-0.003524355636811527,,0.005085052210856089,-0.0011782437709992877,0.0025507402173183813,0.0005127881010460467,-0.002958607950487524,-0.008644668929802757,-0.008198356181605138,0.0,0.0016779424137283172
2017-09-25,0.0017685303884666936,,0.014434616671198608,-0.0011798979218735628,0.0,-0.011790562983749364,0.007233050974445376,0.003737255164055986,0.00920535490531127,-0.0029414272960739396,-0.002121796388253716
2017-09-26,-0.004412841369183296,,-0.00044023148510852206,-0.0003937639085085376,0.0,0.0036310563761841053,0.002393556063245761,0.0009305391754625969,-0.0018614189089947164,-0.001598478695215233,0.00011176449801175714
2017-09-27,0.0,,0.004256185930728629,0.01220990158023727,0.001130930244623407,0.010165645398424017,-0.007714636573474265,-0.008369115998575594,-0.01342791715669267,-0.00036946194758824547,0.0054837313188667025
2017-09-28,0.007092290789379563,,0.0008768774422296399,0.001556320661324495,-0.0005645152811374343,0.001193884221748931,0.0,0.007189695686238284,0.00359158412152083,0.0008619987327120882,-0.0012245047793133512
2017-09-29,0.0,,-0.00014619147612526806,0.004662054969641893,0.0029662818171276584,0.006814292591555082,-0.0007404733295121035,0.0006206834778634818,-0.0007532339568357971,0.005907832565959614,0.0037887427971221577
2017-10-02,0.010915426680549789,,-0.00029194579150559896,0.008507236517165007,0.006901640498031769,0.0015228370091233678,-0.0018529104124611617,-0.003722185154163782,0.0016962185549056485,0.010155310620702629,0.001887175203329372
2017-10-03,0.004179766785047168,,-0.0010226687301391202,0.003450871800773969,0.004335927534381945,0.0023652478824360834,0.0011139524299503822,-0.00031134756180339895,-0.0028226507391380107,-0.00024181823418290005,0.004210483592676395
2017-10-04,0.0003467397941965267,,-0.000730825013741665,-0.004585453109650528,-0.0002783830754874428,-0.0006739906800754536,0.0031515457748867437,0.008720050882734975,0.010002174590517221,0.00484607005804083,0.005186058477598454
2017-10-05,0.006067765741960551,,0.004535791492088714,0.01036471079786061,0.002368695332310544,0.00961360893078056,0.004435362201455462,0.0030875219445249957,-0.0009346068902431615,0.0007234048381798974,0.0055981360833115
2017-10-06,-0.0022401020623540324,,-0.008448495359104191,0.0011399151846591682,-0.00013945247784752368,0.0015034332701859832,-0.009935343028849908,-0.002770373168068496,-0.0007479742907404718,-0.001325442641819774,0.0012009800706602736
2017-10-09,-0.00017261221142261807,,0.0020566538574069426,-0.003794994147520936,-0.0027800056670808093,0.0025021912773148802,-0.0027876559674488988,0.0021609125258530426,0.0013100749113275079,-0.006273397615286558,-0.0031621182623375876
2017-10-10,0.0006908808034358227,,0.0008798663971418819,0.004571477723432693,0.0015331857537370652,0.00099824030805995,0.008758798608486051,0.001539800390560897,0.009719705186914895,0.0023064742184977227,-0.0009839943208227453
2017-10-11,0.0005178028625192344,,0.0023435524307475752,-0.0018963125453340668,-0.00055631736669981,0.003324563188148888,0.0020321193560963735,0.005534852808944946,0.004257663322826621,0.0019379592759747322,0.0005474640637113115
2017-10-12,0.0018979402783332322,,-0.0036534292191412465,-0.007598640237950649,0.005291546522323776,-0.002485194687216641,0.004240584947532433,0.007033512779807127,0.005161459349551922,-0.0010881532991986465,-0.006674790406249076
2017-10-13,0.00482172088644095,,-0.0005868624277981516,0.0003826524158514477,-0.001800934808711463,0.0048164274520099415,0.0018354495288792627,0.0027332798949497583,-0.006968724343183186,-0.002541257329801927,0.004846745809854225
2017-10-16,-0.0006856670681842925,,0.002201403412762204,0.0065062032931351155,0.001110064826244761,0.0036366324628409608,0.00036668097481085127,-0.004845782106598584,-0.002216112537154813,-0.004367814937482617,0.0013156787810502113
2017-10-17,-0.002572297695970338,,0.000585997405120775,-0.00494316063670841,-0.0026332133913765654,0.0,-0.0036638846136346492,0.0,0.005922604989282654,0.01340497218565928,0.0005474640637113115
2017-10-18,-0.002407168739960386,,-0.0070250449340909515,0.005349552637572863,0.0004163363831393152,0.0024703917190971314,-0.0012867931960413026,-0.001825862009062651,-0.0018399341744678166,0.0014428764422278473,-0.002735641193562066
2017-10-19,0.0037921110546808023,,-0.0030950244932289595,0.000760289103975964,0.0027787673062302787,-0.0029574509852033914,-0.005338739249297952,-0.0006097856408890934,0.01050699370014585,0.006123997627892175,0.0
2017-10-20,0.00858496418456256,,0.001922185848494573,0.01177374175015422,0.010806130181000073,0.006755816758776234,-0.0024060488552786197,-0.001525394265743274,0.0007295544947347743,0.0010739420336161043,0.0024138916202942617
2017-10-23,-0.001872737532633062,,-0.005164839134937149,-0.0007507868589344824,-0.006304333908707549,-0.004746405343885596,-0.0007420329978277129,-0.003666150718096617,0.0005469034276981422,-0.002503386459077217,-0.006786560512968776
2017-10-24,0.005628522168993788,,0.001928377072786036,0.007137455489250266,0.005654910542828295,0.0027958706700013103,-0.0035276524632003037,-0.006439897783162785,0.0009107347229864171,-0.006692977283936807,0.0024246243489898234
2017-10-25,-0.005257771040411807,,-0.006957614219042729,-0.005968042772727777,-0.009875137775015919,-0.005411974600194602,-0.002794927978092998,-0.002468941640215383,-0.004368221179564147,-0.0014438505223706155,-0.0038478943770579033
2017-10-26,0.013299067133582199,,0.002086924939210366,0.005628747588322103,0.0013854941122604103,0.004122095628349864,0.0007471223381247949,-0.005569182592309763,0.00018292560538801794,-0.010001125892025398,0.0035313951741045013
2017-10-27,-0.005216267002678521,,0.0017849161749421416,-0.0007463045221673958,0.0004148659021860901,0.02692953621967442,-0.008588043990996774,0.0015555314522810448,0.006214319497534371,-0.00024342422314338474,0.0161664198318483
2017-10-30,-0.004735932541614862,,0.005197739745359309,-0.004107782319489273,-0.006914042176303092,0.0022383524240114916,-0.00847460841271519,0.006213094054644985,0.00018203458276366824,-0.010713595331292458,-0.004545441499773317
2017-10-31,0.002719212674540339,,0.0032500971832869485,-0.0026245048187314435,-0.004037823294751108,0.0043078434722436665,0.008356969367281142,0.003396117133030563,0.0010892895680265635,-0.0018457398858201524,0.00010874900621238304
2017-11-01,0.0049151882985558615,,0.011338529278752674,0.001503831832224467,-0.0005589293100115578,0.00015864325284709047,0.0032020941097563593,-0.0009228086053485463,-0.005623954664312425,0.0024658629820124567,0.00032603136585707126
2017-11-02,-0.007252285654061663,,-0.0029120727723109807,0.009384205105989585,0.00573467945047712,0.0004765791527987506,-0.002440833796243158,0.00862297615858365,0.003648893663635855,-0.004550587390231953,-0.007498078581902434
2017-11-03,-0.000509852103670716,,0.0029205777071312777,-0.004090562666661968,-0.0009735372533821174,0.007937928787727255,0.0001881741949729676,0.0,0.003635718365548879,0.008277898725244315,0.004051260371447096
2017-11-06,-0.004249242198726577,,0.02285961973341233,-0.0011204183296591452,0.000556840351534138,0.002204794491901918,-0.010726257245373794,0.015267527027082561,-0.0038034220946129293,-0.003063362879224374,0.0073061701367751475
2017-11-07,0.0010240371728662545,,-0.001280732991575828,-0.013831731656132717,0.0015304740735717637,0.0004714957630911343,0.011223005912505135,0.009322915535511012,0.011999794934240526,0.002089288451263771,-0.005954416700789444
2017-11-08,0.0010230667827799689,,-0.004846342138623672,-0.004927831310129305,-0.0016669175603388764,0.005498148079353671,0.01091010935455694,0.007449705678854057,0.0007189030711900468,0.002330237655508549,0.0010893851824120837
2017-11-09,-0.008517614327728573,,0.0030077747918817455,-0.0034286936259151357,-0.012524319781953452,-0.007967712501987467,-0.00018585985702801455,0.0,0.0012567734011663667,0.00012242135209428184,0.0015230288123189162
2017-11-10,-0.00154659059446427,,-0.005283409351595436,-0.0030580801466344454,0.0014091373728233325,0.0,0.010236597263112879,0.0,-0.0046621306491870795,-0.0064846281416331975,0.003367208867862459
2017-11-13,0.005162456611482291,,-0.00574220843222728,0.0015338162332176886,-0.003377245210438029,-0.0003147997845930339,0.005710959108621294,0.0029574711512132534,0.011889367015228247,0.0009854255496137831,0.003356177976481689
2017-11-14,-0.009073606961993441,,-0.016171246718098553,-0.00038290968999910024,-0.0026829770766613192,-0.002048280840159067,0.003480743085550797,-0.0008846625842316991,0.012462579831322262,-0.004060255694044335,0.0008630633562898282
2017-11-15,-0.006046799232454769,,-0.011299856932089458,0.0026810513983572815,-0.005663259356927353,-0.007418718774987676,-0.010587989686863919,-0.007379191195674539,-0.00861633526870631,-0.0028413856667007797,-0.004312220988125559
2017-11-16,0.012167328261764032,,-0.0040080740357894,0.00038220324125792793,0.009397906424378988,0.01399488793994319,0.013837457274664455,0.0038657082238617857,-0.00319251125217046,0.010406533974494092,0.00833688880155381
2017-11-17,0.0013736937491568568,,0.0049178902686652926,-0.001145829537992138,-0.0055017573486937366,-0.006430723167925478,-0.0034578524385511233,-0.005924231566000748,-0.00693951298201656,-0.003923763729366869,0.0044026732117674605
2017-11-20,0.0013721198078877617,,-0.0023724229671273633,0.004587205846880993,0.004539136851457126,0.003788573162451625,-0.001095175448735719,-0.0023836785188143805,-0.0030460976105056714,-0.0041850760364152695,0.0019243046588903745
2017-11-21,0.005309097341823499,,0.0022294662300719192,0.0030440309232557805,0.007201354380765856,0.010536414466404187,0.0032903557730601385,0.005376224448807587,0.002695913641787895,0.008776642211811847,0.006188746328781081
2017-11-22,-0.0027254669420021527,,0.004004940856928707,-0.004931655338347829,0.0011214869901887692,-0.0018673638364933298,-0.001275478553472098,-0.0032675280159083497,0.0,-0.0003679747575791037,0.0009543978847870171
2017-11-24,0.0051245353483220235,,0.0028068248723185363,-0.0003812185312174199,0.0,0.005612895655421779,-0.0007297132115972049,0.0035764682485939225,0.0016133601534926711,0.0023293496107854583,0.002542283148673441
2017-11-27,-0.005948373884204106,,-0.010164790318620276,-0.0007627278284170202,0.0016803459991061587,0.0,0.0005476188996196285,-0.0029699954787014704,0.0042944706925995835,0.00085588665204539,0.0007399254452209458
2017-11-28,0.011113118020347645,,0.007739176504663936,0.02595442180761709,0.01523832393406388,0.0032556299234152153,0.008211712682894667,-0.00238304380484744,0.004633145921287163,0.007331711692226017,0.011087437507476539
2017-11-29,0.0015217788962338386,,0.005464277532361228,0.017112581907284596,0.008813130291089655,-0.02209852721153094,0.005248961598655955,-0.0023889640414785918,0.0005324245205260425,0.0049727657458897845,0.0042824630545708064
2017-11-30,0.005571428495008135,,0.014982188848729372,0.006584078853276942,0.017062721704858452,0.008849495438056687,0.009182527237249882,0.0011974565882031385,0.003367838907810672,0.007483412594310623,0.00509551384497442
2017-12-01,-0.00822697682958562,,0.008394270227679801,0.002180093251404891,-0.012347907339834818,-0.005169067353657297,0.002497878796330122,0.001793428479124115,-0.003356534639855302,-0.002036158563566537,-0.0004139775205405094
2017-12-04,0.010326613519952899,,-0.0004309271426560235,0.015228511324713478,0.008425473350551327,-0.016060293535555492,0.009432157316802137,-0.013130287689139153,-0.005672987867092472,-0.012244943699773803,0.01159308302597406
2017-12-05,-0.005026724453861209,,-0.004307197132163099,-0.0053569608571135685,-0.008489392801479423,0.00031962207312408175,-0.0015867145101655655,-0.003931091979648138,-0.012658387775644098,-0.001701698166117649,-0.005729772660224786
2017-12-06,-0.005894356058408601,,-0.012977645959026174,-0.003590997404013252,0.0014947856773182,0.0063989610756471915,0.006357029370513745,0.001518216513977988,0.003792107341482387,-0.0008526746892207893,-0.006483887422486401
2017-12-07,0.006776228642411564,,0.002921697670227763,0.0032434402891290404,0.009227766826131578,0.006199596498289495,-0.009650948540586679,0.003940546657394961,0.001799071862058188,0.00024401319946165678,0.002589792907560673
2017-12-08,0.0,,0.00917727063685092,0.006106253575431486,0.004302578335591445,0.004739340531190184,0.002657757349973977,0.002415191530930061,0.0032322449885595628,0.011207278873805127,0.004752142732441955
2017-12-11,0.0013462611777150801,,0.007217130923822701,-0.0024990279469840893,-0.0020077949547662177,0.008647686477543104,-0.00017666896887091887,0.0024096787858278734,0.006085115513042805,0.004216462919760522,0.002159547638596493
2017-12-12,0.00016801836899427158,,-0.0027229134711019842,0.010021154934177767,0.0010731911137364936,-0.0003118040838121505,0.0001767001863106632,0.0045074298672334034,-0.01707863851745184,0.003958310751692284,0.00041070705643186933
2017-12-13,0.0026880704411798018,,-0.0014370749597756305,-0.012402239080174016,0.00388636865583325,0.0003119013359222933,0.005654678003645719,-0.0002994511836383884,0.0027150339790233957,0.0034655979371831513,0.0008203969099289665
2017-12-14,-0.0110588393050004,,-0.0035977001455695934,-0.00645854677433122,-0.0068080512606212285,-0.0012469576303459906,-0.004392816326420523,0.0008979378927052029,-0.0012637593385679269,-0.010121689721620752,0.0030743062513158836
2017-12-15,0.005925247397868594,,-0.0009012684287166284,0.008997940882438549,0.007054077271114068,0.011404933652593874,0.011343706321047753,0.00317348587066002,0.003666914795619869,0.011002660618346205,0.004326008340778342
2017-12-18,0.014725635385012481,,0.007712230238612783,0.008989536059765157,0.007112057127001359,0.00882896923776988,-0.0005275149152248471,0.00331423858668467,-0.011086994968920627,0.0003584678198900182,0.008982394341856104
2017-12-19,-0.001167359466246909,,0.0014441643855076514,-0.004276612718673745,0.0002667575168331382,-0.006141517657053619,0.001231489871667657,-0.01891903894164193,-0.018195407960189924,-0.0011941153993121345,-0.0013150318948916828
2017-12-20,0.00033391033601071207,,0.014131303037010046,-0.0017894622348375577,0.003330193579980767,-0.00030907562250326315,-0.0017567012281688443,-0.01071297099036106,-0.00786187898537516,-0.00322828075880488,-0.0019247385882729118
2017-12-21,0.0035057529736410853,,0.021185907967097517,0.008605040565717648,0.0007967053684396763,-0.002008973885127996,-0.0007039840774285544,-0.0034033741937441464,-0.011886826618632718,-0.0022787834101537507,0.006495590113686944
2017-12-22,0.0038261383548414685,,0.002088350444068965,-0.0028438487730962914,0.00026524076209799574,-0.000619459079984952,0.0015847447383205981,0.006519390102529776,0.0015274257324877638,-0.003246238996331696,-0.0019160047694412041
2017-12-26,-0.000828374928001474,,0.008753624599662668,-0.0028521182906146025,0.0010607979641978904,-0.006662320037044589,0.0022861885204983334,0.005243805499242971,-0.005910620007531953,0.00024153132766047136,0.002222663355994081
2017-12-27,0.0013270067540473995,,-0.003305462542163129,0.001072653373449528,0.002384933934415079,0.001091774923761779,-0.00017535674869229023,0.003988833211687748,0.004219472903008725,0.0016879840896473208,-0.002016000788616301
2017-12-28,0.004472283459549642,,0.0015200781913482508,0.003928317209145993,0.001982349432213537,0.0017140328753217915,-0.001579406233121361,0.00580686642662287,0.005539087171050339,0.0014447070629934888,0.002727357518261364
2017-12-29,-0.0018139730220815276,,-0.002897767701516618,-0.007115038404883478,-0.0018466171213816773,-0.005288702554395397,-0.00017583225034478733,0.0009116083762816807,0.0005697618814182182,-0.006130883707218149,-0.005842727740002718
2018-01-02,0.014207682478719619,,0.01646810405625554,0.0003584530327065405,0.005947073823063809,0.0123533237924085,-0.006151864459190803,-0.005768006821406546,-0.00930190649381124,0.011248605978717574,0.015199060017607957
2018-01-03,0.0070044360572358855,,0.014976540077586753,0.005372712676065872,0.005386130167844838,0.008341264412099036,-0.00035398769452910095,0.0003053283873617474,-0.007855792211453827,0.00956808945701515,0.004591297374545444
2018-01-04,0.008734991003436665,,0.006035845028156794,0.009262680702976311,0.0073173181645806995,0.005055198128497418,0.0028307148477118016,-0.01709386158674253,-0.008304249600543434,0.0014214606367943805,0.0032787996394689767
2018-01-05,0.008018017172075176,,-0.00039981587140580643,0.0028233780804993724,0.006875298613342462,0.01051643440947192,0.0044108534572329106,0.0021737269509649604,-0.00038939340134158673,0.008517902943473654,0.007922018767704042
2018-01-08,0.0014319007685530405,,0.006002249618858091,-0.0014078714919951718,0.004122622817899213,0.0037710858727240115,0.0024593510226127435,0.00681784156056664,0.00935139394336404,-0.0036367041140697998,0.0011792308334619417
2018-01-09,-0.0015886305513790333,,-0.002519220245818632,0.007755113941844138,0.006414904892062312,-0.002554923018766808,-0.0014018003727183093,-0.01138832579334026,-0.009843659635708435,0.011773283131721435,0.0019625835003740377
2018-01-10,-0.006046143591108555,,-0.001196286795221435,0.008394275543457619,-0.00012727918012089834,-0.003464587934663088,-0.004913188614143693,-0.015566713693080048,-0.010916338209478016,-0.0017457286600389699,-0.0006853241695763401
2018-01-11,0.013126403625699501,,0.020494981163795334,0.004856034320616098,0.012749878655872626,0.004081327355584863,-0.0014109509974223888,-0.006325115418403193,-0.003744586588948162,0.004313368077211388,0.0162697217425809
2018-01-12,0.0015798827176032315,,0.009650665671913083,0.008974998564622139,0.009316276336589713,0.005871695953577616,0.0003533412092673327,-0.007320135712107989,-0.005737125335755433,0.00765959621534229,0.012922964184300056
2018-01-16,-0.011673713846461431,,-0.012658232296262728,-0.002737132111343188,-0.008980563178335177,-0.0038911598801939506,0.00458946070811983,0.0048091565075565335,-0.0021883075864838064,0.004953147364165966,-0.007140951900447945
2018-01-17,0.004628888367242734,,0.008765208121552126,0.007547218013642887,0.005537805965296627,0.015026120041257363,0.011421569004629761,0.005743495454483716,0.006181398246559722,0.009627449551245393,0.00479519137600537
2018-01-18,-0.0006352812763851245,,-0.008170122925124756,-0.0013617010293038856,-0.005382557914229702,0.0017764242495188487,-0.0029533855277825705,-0.009517773635992044,-0.006341553993308269,0.0002270296977746611,-0.0008593369059424205
2018-01-19,0.006041049489844186,,-0.001307640497896445,0.007159647629361832,0.0028950284141677773,0.0019210979126491612,0.01115187496205694,0.007046899120301875,-0.0029918150354411033,0.0037451397553354138,0.00869258980859633
2018-01-22,-0.0023701633040950076,,0.02160225299842078,0.008124697141011161,0.0,0.009734368302195762,0.007582274523235899,0.009541910693923406,0.001400152398616461,0.00655810448038463,0.011079393652712488
2018-01-23,-0.0001586098499499755,,-0.0015375108293087525,0.0010071589746385445,0.0005016807018469738,0.004382451524616915,-0.0032497231658510373,0.015438039055659436,0.009588439272559368,-0.004830145785269191,0.00842926150962131
2018-01-24,0.004277507796164981,,-0.0026955030647763945,0.006709283002316768,-0.0008780781796308146,-0.0077079355040972075,0.002059208575925009,-0.0027922906123429847,-0.006133602672468208,0.002934926456537257,0.0042723333279126585
2018-01-25,0.0066256232927708325,,-0.007851013584179944,-0.0019992516829702156,0.0010045098962214727,-0.0017591436301968022,0.0005137034867288559,-0.0021784105654829578,0.015528601762381467,0.008553530994579672,-0.0017571622406495901
2018-01-26,0.0043880324309075736,,0.005448422545697218,0.007345621969552241,0.01153757833640734,0.015857037170553978,0.004792185615101641,0.0028066929628467463,0.000588080204563024,0.021538120596012567,0.009820395807615956
2018-01-29,-0.011390118626160461,,-0.015095035523326028,-0.003977593280408254,-0.006695100749806948,-0.009105377036068507,-0.003917759558765832,-0.01150495032161214,-0.012735153163125013,-0.0027314906200233136,-0.002752421278288897
2018-01-30,-0.007259901000832847,,-0.02017267711827897,-0.012978246075155186,-0.007863033208383885,-0.009043503740467806,-0.0066688473744135335,-0.004089607449423882,0.001786340524682739,-0.0210314546530338,-0.004967576531709317
2018-01-31,0.0007947317121654862,,0.0006682868397394071,0.0026969992697645218,0.003019202147713562,0.007506739863799128,-0.004647839985500557,0.02053081353750774,0.011093272485019012,-0.014210787906721478,-0.0032363892851789977
2018-02-01,-0.013661707556742453,,0.010287375698572188,0.009415119715283193,-0.0017559364824167867,0.00087665452160679,-0.004323885942464578,-0.018260861172184284,-0.01567382601061118,0.000340406331059917,-0.011130523701746609
2018-02-02,-0.02625213924872405,,-0.041787998872339194,-0.021985332466034402,-0.02010312962656835,-0.029630937787007205,-0.019107188609698622,-0.011349062972869195,-0.007165710172464257,-0.014070350058294268,-0.009567641014052053
2018-02-05,-0.038206990771565086,,-0.04195408992378402,-0.05040882787840928,-0.04539054376221974,-0.04181712355507761,-0.03630238274949893,-0.025829082578850304,-0.016439300992924455,-0.0443085146279566,-0.0337149567452012
2018-02-06,0.03267389160729994,,0.007922824376138893,0.01829269414254875,0.018267572286525313,0.02872875446435108,0.01102537404223658,-0.0019641429280934375,-0.014879704582836162,0.011079102889063552,0.025580397425487345
2018-02-07,-0.008992458366421374,,-0.016721605678518214,0.0007042351414983106,0.0018466171213815663,-0.01281866250311614,-0.004362177425954794,-0.0045916896084801095,-0.004759069424835838,-0.0011912997819241156,-0.003057956978808285
2018-02-08,-0.03512000824714678,,-0.030232480340476875,-0.043998279695461995,-0.038578049314470286,-0.0414285184844394,-0.02154065163175556,-0.03130134290904285,-0.011226673459372782,-0.03470060912118045,-0.03987719885641694
2018-02-09,0.01741549667779041,,-0.0007496262878085025,0.019145810872347235,0.010818872048275141,0.024512239288069004,0.002052346923353321,0.023469592010963103,0.021025966880926283,0.014206489726658278,0.006689290842980755
2018-02-12,0.020198611364262042,,0.016349248399442518,0.014089621449965728,0.016122692211591128,0.01794442150186648,0.010240008167051728,0.002658390990590398,0.007619604048990869,0.009378677944342773,0.013586940718121499
2018-02-13,-0.002516961945914331,,-0.004131935421806565,0.004274692353371634,0.002266846758424368,0.002474196044482291,0.004607489281940547,0.007291984302344012,0.0044962851963537,0.000724202712828248,0.005186057374492181
2018-02-14,0.013456507740526424,,0.014522744623597816,0.023767525147786017,0.012638158067346694,0.01835551111335243,-0.000550362922565939,-0.006251912706595197,-0.01119034747147074,0.01133442339937929,0.015964463991218203
2018-02-15,0.007469052888029681,,-0.002483330016398,0.00554421632850266,0.015107741603473945,0.019085286922004174,0.016519979661265616,0.00927147938943973,0.022222448305839526,0.011088899658782125,0.008910503570342287
2018-02-16,-0.003624360104760971,,-0.0024891935884442384,-0.0013786615703926808,0.00025863961235828015,-0.0014863147166968016,0.003971902575196085,0.006562014494223334,0.008856612412434517,0.007193259342331171,-0.0048434897566450585
2018-02-20,-0.004464299013524298,,-0.005431725616462768,-0.003105424718359062,-0.010092161900554952,0.000892919386767721,-0.022661410695458684,-0.010104699762939151,-0.012968916074802883,-0.01100562338018185,-0.0030537370229969385
2018-02-21,-0.0034878530354299775,,-0.016826530782703464,0.0013843252581668963,0.0002617817242216436,-0.006395165520683532,-0.01196166046202718,-0.018439329861349774,-0.013139418745985232,-0.004143492654236081,-0.0014357670352758145
2018-02-22,0.006666803797359178,,0.010959088520126059,-0.008295779502236145,0.0066640086836100565,0.0011976273898255396,0.002607409130524152,0.011405679655906109,0.005121079749342172,-0.0015454417861349157,0.0012461575160518379
2018-02-23,0.014734852303960544,,0.021681143278786674,0.014987822433130793,0.0083070944352297,0.020929670210015905,0.009660044696639725,0.018242303244998315,0.02608485889581935,0.015954354304927865,0.0139781017251559
2018-02-26,0.00440574121383519,,0.005959326913670182,0.015109909987994774,0.01377468566797635,0.015668700502650124,0.006255459186434775,0.0035829656390997666,-0.0029789447965734572,0.012656756185826845,0.008403035651704416
2018-02-27,-0.013807818515988224,,-0.01300388931119878,-0.009472224086965242,-0.012571515835746783,-0.010092496323234501,-0.01316471974166633,-0.021421695999498502,-0.01593609487667491,-0.01041557225807066,-0.021160772361385916
2018-02-28,-0.017789616104635475,,-0.022983549815135174,-0.014002678925657874,-0.01427464482473395,-0.007136215412744229,-0.01037632099507979,-0.001326634098066326,-0.006882690980536954,-0.01602147179006641,-0.0044960029516178945
2018-03-01,-0.010229797477550817,,-0.001498477390438513,-0.01731925832419756,-0.019569403816289355,-0.016576288472884504,-0.002246702775864362,-0.0049817370553604245,0.00020388541297133855,-0.015925911485508704,-0.010761984569412464
2018-03-02,-0.0010164804302141839,,0.0046520062537336315,0.002467621990615898,-0.00026605258790091124,0.00954635764223144,0.008444441745096842,-0.0033378699532690126,-0.002649466262633293,0.010145079531550527,0.0009715241537271435
2018-03-05,0.013229219196688291,,0.010605004933609496,0.014064800375747089,0.0119792860099599,0.010195218253367111,0.008745718919883183,0.014065869536434406,0.020433282828022703,0.009086336663235217,0.01193566433118054
2018-03-06,0.011047957521218343,,0.0005912407426631461,0.0041606393176356615,0.004471696605755415,0.0021936261565993487,0.0007380539048020829,0.003962897781689234,-0.013416642434513792,-0.0014219411273554972,0.006904413454731584
2018-03-07,-0.003642585308609614,,-0.007533061425779475,-0.001726435966040385,-0.0001308438417771951,0.005546414087047147,-0.009032430593294283,0.0042763517113348914,-0.00750900227262119,0.005102214984093134,-0.006761813765062463
2018-03-08,0.0008309515143309909,,-0.0002980121214810616,0.0031132521333954166,0.005238226645679855,0.004354042999646701,0.009114759021530805,0.007861223983430143,0.007361767042495249,0.006728829705717976,0.003164440426308479
2018-03-09,0.01809756418953512,,0.019056103815602965,0.024137759502884437,0.02201681844897596,0.018930480280408668,0.006451585733339593,0.006499595701133787,0.002842305209196594,0.014423110054397226,0.015484381610356035
2018-03-12,-0.00244650896847598,,-0.00029181112483200877,-0.003366840584062003,-0.012364616925144123,0.003120195409682669,-0.001831606248330786,0.004843481739333466,0.004250823615842503,-0.004276859776468855,0.003294568249781138
2018-03-13,-0.004086926004563396,,-0.007160563799578634,-0.011148454328269497,-0.00490456778814552,-0.011452662682125636,-0.0007340392744635826,0.003213288975544293,0.0022174769957568063,0.0012766244733299903,-0.007036285515679697
2018-03-14,-0.012311240413590663,,-0.0058877988968736306,-0.011274676829034713,-0.01089477689638807,-0.0008575738145457645,-0.0100989902408124,0.0019219108714436661,0.010257143095812937,-0.004869334440900097,-0.001228417154609307
2018-03-15,-0.013129373288713109,,-0.00518190357012549,0.0003456182410004338,0.002884670202553341,0.0005725221553529725,-0.007048939891142525,0.0,-0.0005971138316901436,-0.0016311558222380507,-0.0010403056521919307
2018-03-16,-6.743543057508017e-05,,0.008918336661540405,0.0008669047779499284,0.005343128687225862,-0.0010333327577483065,0.00035708744329920883,0.005241629276517168,0.008772849975095642,0.0,-0.0010446739071946487
2018-03-19,-0.014370556661264522,,-0.015450909928299561,-0.007274353864653915,-0.007703966497356052,-0.01982453176366017,-0.009765113046362739,-0.009916707844313755,-0.006169185900621876,-0.016161017491331142,-0.012455166201068124
2018-03-20,-0.0010291196766667454,,0.008450266514551164,0.0024423975850269564,0.003421310490590468,-0.00043972794966051776,-0.002844794823448349,-0.0003231343515081031,-0.004605702543530432,0.0014284308194796314,0.0059691432137711775
2018-03-21,0.011332440680293265,,0.026185927083227423,-0.00034804173748059775,0.0011800944052624551,-0.006011836127135295,-0.012362043225293329,-0.009050039952316014,-0.0034200220572718765,-0.004279179945921974,-0.0007655655337573952
2018-03-22,-0.029881138538335072,,-0.02041439808509571,-0.03690797607894136,-0.033010100002813236,-0.02581492006897501,-0.008280504116281118,-0.0035875284193770396,0.004441052950063806,-0.02876931334457733,-0.021262415760932796
2018-03-23,-0.01960092642276756,,-0.00610275205688926,-0.030368778017969444,-0.014630127693714856,-0.026650613253126232,-0.012427275728382536,-0.015711896298537975,-0.014067545080125865,-0.020771870083902466,-0.019669265780024148
2018-03-26,0.020528506372120114,,0.017972080974091975,0.03243857455087151,0.024195528705373448,0.03795900376053374,0.014353123905075593,0.013634813687146918,0.010395502735984774,0.0207105580718141,0.029546881669854308
2018-03-27,-0.010145178128491139,,-0.009415870876050558,-0.0195017417856872,-0.013825129420896753,-0.03207432236592489,-0.0005811095541052858,0.0016405034300539523,0.014323082660746111,-0.011805457175551481,-0.019585263482473803
2018-03-28,-0.012723313737310948,,-0.019456327597403456,0.0018417258086924626,-0.0034029606637092646,-0.006658483592621778,0.01376994950385102,0.01834241561690364,-0.00039763926205182987,0.005350968961008062,-0.012163763720819731
2018-03-29,0.019151783390912946,,0.02105418642618373,0.013602883583609726,0.014613612178407509,0.01979748756313815,0.006887395462329193,-0.0003215184807987548,0.005371680941656187,0.007550479251166697,0.014015760352031226
2018-04-02,-0.021777564934611915,,-0.020026802640255026,-0.02212550431286242,-0.020595181478103575,-0.023845999864701706,-0.024510934237732984,-0.012226458492515135,-0.0077176919475353545,-0.022727162905919807,-0.028235690672029468
2018-04-03,0.014183421310739242,,0.021344370754769804,0.013723731154754892,0.013881277256767133,0.009865166274365844,0.013245484910736183,0.003583015942486556,0.0033902998693668973,0.015210534672307707,0.012698897410390986
2018-04-04,0.006549695784995535,,-0.0013339755377761442,0.010611545104208142,0.00433788316981798,0.013955732471805815,0.01557081351845846,0.01168431707287576,0.002186443135850702,0.014239845635432236,0.018359036187776345
2018-04-05,0.018642344624571372,,0.017957874770598403,0.007965196973918731,0.01012274720622286,0.004129120400434783,0.002460619119185381,0.0009625611827952518,0.007933524558953353,-0.0007330065519196571,0.013397735094754948
2018-04-06,-0.02434371187918416,,-0.01807855499478994,-0.024066488447215706,-0.0276589649015222,-0.024520281087082707,-0.010196357409630319,-0.010256243819488198,-0.007871079159138872,-0.024067811995247768,-0.02128917407197728
2018-04-09,0.00548542109710648,,0.004751234997018239,0.00552111152229906,-0.0030231795494161107,0.007806381109714433,-0.0005722695752672369,-0.0003237858738190935,0.001983454121664119,0.009889863505417651,-0.0023836918604485113
2018-04-10,0.020591292877072842,,0.03310201128903545,0.015007151761268656,0.015300057880467843,0.024632131506702626,0.00229056970806929,-0.006803082526292914,-0.007719799162854701,0.016858573482316563,0.01214649684139757
2018-04-11,-0.007414900462503593,,0.01044161058286397,-0.01190052444985179,-0.007331603174778101,-0.005896665984456151,-0.0019043256413973086,0.0026092820865779576,-0.0013964399980034292,-0.00816784983082075,-0.0030493319602536983
2018-04-12,0.010597341933441973,,-0.0001411857384048254,0.01751837529729583,0.014360127598085803,0.012015390459296338,-0.0015266742640647202,-0.011710926860937665,-0.013183880024408179,0.006760263594951965,0.0043415502356112246
2018-04-13,-0.0010311111385382654,,0.01104326286384838,-0.015064610082883068,-0.002426495661204453,-0.0033065107539472782,0.0049683507438007535,0.005266578079717199,0.00789482178549683,-0.0004883153270613949,-0.005599966604070916
2018-04-16,0.01342268197584029,,0.010222887098383815,0.004370064544147345,0.01000109024284579,0.007690293141515481,0.010838966206361933,0.004584450935495088,0.013657117602628555,0.007939107564919778,0.0075083992538624855
2018-04-17,0.011376968832867318,,0.0038812607563158963,0.0,0.0084303190549182,0.01855407524477437,0.002256946237508828,0.013363388509192387,0.010104981097452947,0.007755715921323958,0.018631108334737023
2018-04-18,0.007219821148353178,,0.01574171851203099,-0.004713684675848873,0.010350436162695154,-0.002643964906142271,-0.007507397464860843,-0.0025729520446904353,-0.003726906174162603,0.0008422325879999804,0.004717238770397758
2018-04-19,-0.011168505495168013,,0.0012233892457789164,0.015301001077598242,-0.002758028886494235,-0.011047404217206958,-0.028933476794171242,-0.016768942371651607,-0.0005907110470501076,-0.008411142519039072,-0.0031620418635217584
2018-04-20,-0.0053945634999640335,,-0.004752235365454216,0.00035846245195481075,-0.004346475357210555,-0.013851768469070658,-0.016747516460074108,-0.00885535429166373,-0.009062214135646673,-0.005330800797846091,-0.010188370076871012
2018-04-23,-0.002881434305853192,,0.006138791661851162,-0.001075958202812699,-0.0011901257669387766,-0.0036247141012277773,-0.0011887581222664867,0.001985557774692781,0.0005964654908379163,0.0038976369065593097,0.0021361354747946315
2018-04-24,-0.02702685798922766,,-0.010711532044526795,-0.006463021889894893,-0.02794277860951022,-0.017432077398501056,-0.006345336551177083,0.000990605146043766,0.00675519768379873,-0.007522968611270442,-0.015794279064341166
2018-04-25,0.005415700160624981,,0.007949411436098064,-0.0007229098099360565,0.0028603889006111327,0.00015422337469495062,0.0017961403384820773,-0.0032994917995680106,0.0001973377606188098,0.004523971480983047,0.0041352117938016075
2018-04-26,0.006255421322262755,,0.014549931426882212,0.0003615557018741278,-0.0036678480491415533,0.01820127254708237,0.0059759600126794155,0.012910028878295066,0.010063401851918119,0.012657776711065383,0.01617777718925595
2018-04-27,-0.0025899320488613764,,-0.010588279423059066,0.0014461016897422407,-0.002045479191607469,-0.0018176297538694541,0.0053469951480589195,0.013398736441239345,0.010157992665711157,0.004086851235610478,0.004534923255358869
2018-04-30,-0.012984917480680869,,-0.00013539647307558855,-0.009025385123733631,-0.013253116599049042,-0.0065260392103936304,-0.006303119144809632,-0.003869867569692209,-0.00290062794595769,-0.015322141536112666,-0.003938378390435648
2018-05-01,-0.0008771230427165877,,-0.006096667434261183,0.000364351941962493,-0.00456903259193675,0.012526639449393251,-0.008721657591535648,0.007122360115171977,-0.0031031877734535307,-0.00048645021509319264,0.001350383181650372
2018-05-02,-0.0022823328984044045,,0.004089351976129585,-0.011289097442560903,-0.008763718356587402,-0.0010562806734830676,-0.01959602760509893,-0.00450053316196708,-0.0009728662709783675,-0.01374343177245163,-0.006837578640679354
2018-05-03,0.004575028758259991,,-0.0023082065213323455,-0.008471464132742024,0.0023857984593260717,0.002265531888409944,-0.0010196962689426048,-0.0003227642701083555,-0.0013631671416619584,-0.009002520162376904,-0.004460411927745267
2018-05-04,0.012436610862217812,,0.0048988817637236615,0.013001568377935868,0.011619798506234735,0.018987587797233862,0.014495955125060744,0.01130491923805943,0.004485160021703516,0.007964291051813843,0.01314883233379982
2018-05-07,-0.0003459296708521187,,0.0013539999512772738,0.0066004826168093444,0.006642613706176359,0.006950608140887438,-0.006238847124908631,0.001916274373565452,-0.005241802325797407,-0.001481620087358415,0.0033651366867586407
2018-05-08,-0.0020770728695655993,,0.007843282226143167,0.0069218775860024895,0.007148588921211507,0.0022027972662774786,-0.004050353707439003,-0.007012980429807469,-0.024980258333128114,-0.007541969748041555,-0.004216161019541476
2018-05-09,0.014394675685167613,,0.02039442861623786,0.014833407586238412,0.010783578158806373,0.01230979537980681,0.0014232975983525797,0.0077043881790972435,-0.007005663100051018,0.005730578526435659,0.0034640838314785594
2018-05-10,0.007180897032535771,,0.007495062279710085,0.008200128208925683,0.006752025778682835,0.013027965949433673,0.005888549921156727,0.009238748325233193,0.014109979552832774,0.013377989067119067,0.0036436863983464463
2018-05-11,-0.0003395639018436425,,0.0014356391206582497,-0.000707630746524357,0.002146190129000969,-0.0014289879882101175,0.0,-0.004734695050108151,0.0013916388737105212,0.014912574331824358,0.0021016454326758804
2018-05-14,0.0039056255546074947,,0.006907241182473323,-0.0007076601737550092,-0.0017396141111252206,-0.0001428202458018113,-0.0004040424885692895,-0.006977550623758599,-0.0037714857678927682,0.006624188372698736,0.0019068510186279752
2018-05-15,-0.003044764319940274,,0.00025894570706386233,-0.0017707179467129075,-0.003352196094048354,-0.00944635508061531,-0.0038365620733569195,-0.016927449646191528,-0.008368036411838586,-0.012921810699588532,-0.005804560241187584
2018-05-16,0.011876557255539266,,0.0034939881842828147,0.001773858950591789,0.0036323185916666834,0.004478861543008472,0.007094847688890127,-0.0025991086333505553,-0.007836425691623017,0.005575891315677373,0.008326894552353803
2018-05-17,0.0023475524196672204,,0.015086760629946516,-0.0021247199352600887,0.0038873981617655318,-0.005177638425009734,0.003422254534146685,-0.005211844646879182,-0.008100316507104854,0.0003617065595742375,-0.0033222622525128642
2018-05-18,0.0013383382027927215,,-0.007748996930859953,-0.008161589507554856,0.005875313947517391,-0.004193543005518441,-0.006218728096968773,0.00065494495310503,0.00020404649134686537,0.002530187838246656,-0.0012379036951080113
2018-05-21,0.005345448183334378,,0.010242139372278691,0.007155326940331053,0.015133511383278897,0.008712295021497063,0.004238958886933153,0.01014410239514496,0.005103126111661194,0.0009619086890633177,0.0055303560227546456
2018-05-22,-0.008308384840860383,,-0.013306311008283722,0.00674983164682863,-0.012292609170628466,-0.001439596727850656,-0.0018092321356996122,0.0012957249661369463,0.00365553604913349,-0.0019213388791098351,-0.004456772044426849
2018-05-23,-0.00234575367007539,,-0.00012857918337016994,-0.006351432113738786,-0.0009267678837131532,0.007351636966161035,0.0036245462288095887,0.008088003692381163,0.009105604079463037,0.0032482510772207096,0.007239318107190584
2018-05-24,-0.0035270921615520034,,-0.016442000069398666,-0.007812613405214108,0.004903190874588015,-0.0011449206822818914,-0.0008026513705804428,-0.003851078061139712,0.008221426592536218,-0.003957416915208456,0.0021753910493791384
2018-05-25,-0.005393352378571081,,-0.02598934181280621,-0.0032211811745050944,-0.001846087744602265,-0.0007161004651762282,0.0016064972325158244,0.004832236237720222,0.004375690745748839,-0.0014447687196680326,0.001509824505534274
2018-05-29,-0.017285444765681834,,-0.00308361711685301,-0.03339326357877148,-0.015986226370981682,-0.005447917785452394,-0.002205331434527613,0.0025649432372938374,0.0,-0.01024804954878522,-0.007726447282129789
2018-05-30,0.011726401957601551,,0.03026244768442443,0.01820217922421241,0.014097613705387424,0.007351636966161035,0.01406501433956664,0.013111653343314211,0.008118568820374206,0.014983089121882287,0.00911611336513607
2018-05-31,-0.008351893393857557,,-0.0075717276838467296,-0.00839118761580937,-0.014431479685832804,0.0002864660421573184,-0.016049296229680765,-0.003156568596215048,0.0015713561955621458,-0.010921809766223367,-0.00479921678840145
2018-06-01,0.015297413981594898,,0.004735556687135656,0.011037585872910372,0.011015375435190933,0.017023990349012363,0.0,0.004116628301225722,-0.015296999083586837,0.01152787177776271,0.007375136466654109
2018-06-04,0.005755658767654603,,-0.008641323330752515,0.003275102021545795,-0.0014611439077107935,0.008018307421391757,0.008256233849710304,0.009776135578477119,-0.007966315262834867,0.0037189311389049795,0.01116961501125524
2018-06-05,0.007574831206966115,,-0.00237726727996046,-0.004352708815480111,0.0011976003383811218,0.0034884860294950304,-0.004593760460291141,-0.004996912165334599,-0.005220055968219284,-0.00203168564616385,0.005847834756282033
2018-06-06,0.018543180591892527,,0.0047657212514378156,0.018215250095397595,0.008373058620460894,0.006536122992939486,0.0012041669875721972,0.002824829716429944,-0.023814274306021566,0.011257315711178384,0.00932074203283939
2018-06-07,-0.005084748008013618,,0.015151508680457448,0.0032200282706271732,0.004217700256762491,-0.00801305772589711,0.006212212887662272,0.0,0.007029027183124814,0.0013032534028734055,0.0029260784577844756
2018-06-08,0.0028027302227358053,,-0.001946579672087445,0.001426424570630802,0.0032815899583507058,-0.0016713411649114107,0.012348096179633394,0.0034429920200871322,-0.0004102543647570567,0.005794979008126644,0.0020967530395186174
2018-06-11,0.001479438671933897,,0.005201260898107574,-0.0021366682880039622,0.001962011285990606,0.0011157095678304696,0.008262668206312496,-0.0003121025605510308,-0.0020541290462613437,0.0018814720892532666,0.004002982308724201
2018-06-12,0.001313293974779528,,-0.007632535131265383,-0.002498183388019992,-0.0010441138084050783,0.004877512085250668,0.0019513295250592755,0.005616323519706201,0.011525184608436101,-0.0005872341813792925,0.004802081561140925
2018-06-13,-0.010819618902783268,,-0.0037804716317429987,-0.003577941661786377,-0.007972655790904226,-0.00513133018917733,-0.003115825590086274,-0.022339360934627184,-0.0026449266790508075,0.0002350727519371265,0.0015333620232238498
2018-06-14,0.0014915269563919864,,-0.0014393258986188373,-0.00933565332702202,-0.0038215041041715914,0.007109230684397616,0.0017583379587136072,0.009520714956203769,0.012443884216597922,0.005166382644419043,0.01044468005483723
2018-06-15,-0.0069826654835585256,,-0.021478135407258403,-3.647575887877341e-05,-0.0024960929990353042,-0.0038195389063127028,0.012852093306248813,-0.0016168716163378338,0.007115118953068267,0.0019461327286820485,0.0016437537906319744
2018-06-18,-0.0025112702074101545,,0.009976998919766666,-0.0018202309184964793,-0.0041269263976861925,0.0011156174999542579,-0.01455175827632671,-0.0009528311200327488,0.0032298484168058472,-0.009595085555330396,-0.0016945371506941198
2018-06-19,-0.018294600909403824,,-0.0022691481177388173,-0.002552728270691196,-0.021120213904538887,-0.005153480666812871,0.0053158420229957315,0.001271548094832875,0.009859027732729064,0.002599083031242122,-0.0012508609071292254
2018-06-20,-0.0032485514501229273,0.012409953886145741,0.004415354352757861,-0.0025597466295658178,0.0006827553917787554,0.002099801263881762,0.0009793597652847374,0.010793567444626673,0.0007969079390632849,0.0021210004702159058,0.004741222536788436
2018-06-21,-0.010634681721433892,-0.00612875468477736,-0.01851623891738563,-0.0029323299430666916,-0.012554187139803052,-0.007683711880021482,0.001956986905482294,0.005967380407128298,0.003384718540835996,-0.00576152320000789,-0.007123103421242671
2018-06-22,0.014563130477202701,0.004376465751021019,0.019951081524819614,-0.0047796598288109005,0.0034546399827968255,-0.003238081606316001,0.008201163479307105,0.0087418967466244,0.006944106077682477,0.004494140612125275,-0.0017037284629085603
2018-06-25,-0.015550283238228602,-0.02059846479127081,-0.02009318104793134,-0.010712689095701444,-0.01267032754502595,-0.020762418442801245,0.005035773119940856,-0.0024760395030734017,0.016551938905551067,-0.009184109464478674,-0.02173900693123998
2018-06-26,0.0038190037222491924,0.001658447641758043,0.012629199114698286,-0.003360751497338388,0.0037660170495976697,0.004038377437678875,-0.004239458919120032,0.00527466340118643,0.0011627818197703643,-0.003089849878851414,0.007162346984166401
2018-06-27,-0.003112702650434951,-0.008721878652527715,0.013410116231514335,-0.01236428123421196,-0.008059860544752495,-0.01364727367751084,-0.002129299617225855,-0.002777825812631085,0.004840332849497697,-0.008463551398764535,-0.012946717311596245
2018-06-28,0.0038165085415897693,0.009979890402694647,-0.001322897199547035,0.008725478917027463,0.0014007795467911865,0.012234073218569064,0.0,0.009904004554623702,-0.00038527889807238314,0.0013225089728967632,0.00785145404012666
2018-06-29,0.003455541079323776,-0.0012100842678591794,0.006227396020092479,0.0,0.0020984734565094865,-0.00043140980019851227,-0.0005815349005200421,0.0024516813113644176,0.0015418970451441805,0.002041159016973104,0.0017413542772592994
2018-07-02,-0.005338247993869061,0.006259012286612409,-0.01474844038408818,0.00488906007194112,0.0022337410093775656,0.008924497298830936,-0.005821831750575379,-0.005808587781790386,0.007121207555250253,0.0031152908022125114,0.0013722212257172295
2018-07-03,-0.0017315641731926457,-0.012239079652907714,0.006281354413100626,-0.008982100618302291,-0.0032040353913100894,-0.011841760698411585,0.0023423145742500484,0.005842524598789645,0.002866497348766206,0.002389023328734252,-0.005024808114014401
2018-07-05,0.008671753998595655,0.015234490004891077,-0.0010622395542285723,0.0022658566107462974,0.004891370254412886,0.01414949592872805,0.013826591016520728,0.013145946755470872,0.005335309353243334,0.010367125307385372,0.004958774174853575
2018-07-06,0.004986408940825138,0.015806063990441377,0.006116066991326052,0.004898354477274491,0.0034763803056909737,0.011674299996223603,0.003073354898963432,0.004224508793878368,0.007770762595598724,0.01438844783021942,0.007857980722974833
2018-07-09,0.008896264979298074,0.005712319138525768,0.01493325995586714,0.022871859512998416,0.018570133015982426,0.0075989447251976205,-0.003829787999499956,-0.009315056860083715,-0.030844471345358837,0.0073246491626499655,0.01196727323497937
2018-07-10,0.008479036557258235,-0.0004114087365134633,0.007422033120555449,-0.003665493513059226,0.0031291369378940725,0.0023746754807072445,0.011918428565224515,0.004852797547027832,0.009509280293932942,0.003808679108432189,0.002150170035690735
2018-07-11,-0.01681526861869087,-0.0013518557971043954,-0.02119703904818826,-0.004782851463286608,-0.016411573651474276,-0.003901769109417419,-0.0032294487898824054,-0.0030185568022438325,0.009034941726397294,-0.007933713757471428,-0.0023244204239730726
2018-07-12,0.002394432169875227,0.015695522965359032,0.001716933754305261,0.00184849322656655,0.011721439378079568,0.015806632074593985,-0.001334276200365081,0.002422442073799491,0.0007620816483493442,0.011126401410807674,0.006630799787925135
2018-07-13,-0.0005118669770738382,-0.0015454251854321033,0.0052727734989510555,-0.004428116626524536,0.005179156800420914,-0.0011015653174176743,0.006488839794297263,-0.0033224996812197816,0.0001904216167878392,0.0018342440334162546,0.0022255855111832368
2018-07-16,-0.008023356198573084,-0.0029019085660026978,-0.011539806692914767,0.017790838299145406,-0.004068001161578683,-0.0023437898004446955,-0.004740367160716907,-0.005454490955120517,-0.0009517417067599343,-0.00606399321810025,0.00248683451279863
2018-07-17,0.013078874148771069,0.00019420986399332207,-0.003979407631603538,0.0010926974781846344,0.003948356930898234,0.00746207599790627,0.008572943571759861,-0.00670333864682493,-0.0007620816483492332,0.005525566383336011,0.0009746563161281419
2018-07-18,-0.009342781647558529,-0.0029099486533167296,0.0006657295656975482,0.016005652490139743,0.010984492495056175,-0.0016461696116754077,-0.00812248905840729,-0.003680945018222248,-0.005147927946253628,0.0008009661841528182,-0.0006197442597142278
2018-07-19,0.0036009627788955445,-0.007003874606440252,0.00026614323734741596,-0.015037248018328175,-0.0004025164333661957,-0.0035721494192352266,0.0005714610781248908,0.009544341555305147,0.009199032130118967,-0.005604965721697219,-0.002302659264113549
2018-07-20,-0.004100608952295581,-0.003330686259526705,-0.003459512788971719,0.0018172621166419045,-0.0010736149072497758,0.00027604451087537285,0.006090732733902593,-0.008844046338701839,-0.007026268259058499,-0.001955289213601663,-0.0044386297715561795
2018-07-23,-0.005489735498741433,0.004127998190998516,-0.004406797150321773,0.01378809741238829,-0.006178898484051509,0.00510009398544109,-0.006242760206304321,-0.0027692028154440163,-0.007075986035138815,0.0020745511454447474,-0.001069748134989612
2018-07-24,0.012937567453789267,0.007047833044039553,0.012607600446876699,0.002863378194086108,0.004189931986477768,0.005485391303897247,0.0019034587264001868,-0.0027769690863309604,0.003466923595151883,0.009086570028662866,-0.0029460391118508733
2018-07-25,0.00783392570389263,0.007193096137699806,0.008344274109280292,0.002141244116196761,0.015210690685095063,0.012547448452135956,0.007600172983917242,0.009900788083585965,0.0028790590780196634,0.01276660288212672,0.0073414179961872605
2018-07-26,0.005745209306748267,-0.037715006913191074,0.01090233100555138,-0.00035621652986461694,0.007690102064686455,-0.01535530166308352,0.005279947950686648,0.0033701153985965515,0.010717593305687778,-0.0028140783307832873,-0.005243631104318136
2018-07-27,-0.0036964512642109204,-0.018974598788499386,-0.004287919353952452,0.0021375091765138965,0.00013180298474257945,-0.01710015850456359,0.0013132523603036628,-0.009160063341056679,-0.003218900026989324,-0.007223175258226466,-0.0025908745126058674
2018-07-30,-0.0018547815833881431,-0.015743221680125985,0.008221439203557335,0.0007109309027217847,-0.009867104731812848,-0.01558764797367318,-0.0011241182851178255,-0.0009246426549889275,-0.006079004050267511,0.0005682925807819483,-0.00797202991674173
2018-07-31,0.009123096034841627,0.006647149673505215,-0.001812057643270637,-0.007104651281571783,0.022056985977359167,0.0026857921571663557,0.004688715583141656,0.019432407875706215,0.008983137064895175,0.010453316097659648,0.004695285869801502
2018-08-01,-0.01021265338010513,-0.004127077971406101,-0.01387444892613876,0.0,-0.013520948437875324,0.009024462065797545,-0.008400283890527716,0.006656689720757836,-0.006440514342089476,0.0002250334759328343,-0.004942913716393771
2018-08-02,-0.00659679294025306,0.006630962924354833,-0.00552280653919035,0.00035771507124038315,-0.0013175932620081987,0.012576954128482587,0.010165788785192031,-0.004808964792032189,0.004957123160780341,0.0037098672894912976,0.006864354029309405
2018-08-03,0.009535405187226731,0.006792817910458382,-0.005156546952732821,0.005722502081639824,0.0009236927653284432,0.003587964169772473,0.011740339228958785,0.012986605550762365,0.011193004014997454,0.005936302216005496,0.0034084464165229367
2018-08-06,-0.00033748154397805763,0.010018658496025346,0.0037213419226731492,0.0053343102112242136,0.0014500630454716834,0.005363382640813041,0.0009210923929119375,-0.0020866947726043694,0.0007505005389716324,0.0017815613587068846,0.00670474544633648
2018-08-07,0.0033745229956776424,0.0012142386723523746,0.007415160820754885,0.004598517951911019,0.007109318318196722,0.0038298063058190834,-0.006072733822724552,-0.00209135445106301,-0.001499601920372906,0.00011131290473742617,0.004617806207639186
2018-08-08,-0.004203948584392991,-0.0008084275431322618,-0.007229523638488833,0.0024647187716546615,-0.004444622266212894,0.0027251871342162115,-0.007591207538979128,-0.0062875832663145115,-0.005257265444061576,0.001555690858269232,0.0010605537879659899
2018-08-09,0.005403599407955095,0.005463194860970466,-0.009267389926742364,-0.005971095277556571,-0.005514618574403607,0.0004077675363476363,-0.0029854034189572554,0.0018080539293949816,0.004530108724444926,-0.001109440331272471,0.0037086584341319284
2018-08-10,-0.014444099711554581,-0.008452219492100177,0.006146910097110103,-0.011660870323046524,-0.008845728316858259,-0.008014374695609727,-0.0037423571532844147,-0.009624382674098264,-0.00432163521312634,-0.004332309823565472,-0.008357345808765348
2018-08-13,-0.010054633728569629,-0.0014210175831929073,-0.012750367218558822,-0.009653220186391254,-0.004796157791934985,-0.0013694230700893595,0.0,-0.00030362121563209943,0.0013210130550411758,0.00033462243289750226,-0.005056973839585477
2018-08-14,0.008435412833695866,0.007113944443250642,0.0024215020720301794,0.009386289718067209,0.006960575477405584,0.006170291301798914,0.006949733854808127,0.003948801732665208,0.002072890255866877,0.004684312516335831,0.009719204113832314
2018-08-15,-0.015875773959610484,-0.013925460865019446,-0.03489443980015916,-0.007868499696407016,-0.004784918502775182,-0.00899432303864156,0.004103616851146796,0.008774696672915416,0.009215880112160901,-0.001665044288553963,-0.012186480222998952
2018-08-16,0.006071225120004797,-0.0004093038012629169,0.007231142607397878,0.013338208082967595,0.012688306389656567,0.004400654722742203,0.014304397259579549,0.007798411407172967,0.010808702967424644,0.009785268130620528,0.004916916122543302
2018-08-17,0.007413614103955579,-0.004709131683929835,0.002485171729649238,0.0021344676031884724,0.006067007507207789,0.0015060691381869606,0.007692230935356648,0.009523910711935368,0.005162457560029976,0.003083423517853179,0.0008895043311276662
2018-08-20,0.007017066716443976,0.0016456351102902556,0.006748361245302759,0.003195078338703805,0.0066855346729253196,-0.0015038043049333538,-0.0005448789276973898,0.0011792576940077293,-0.003485149094167861,0.003293355696946998,0.007110732544299836
2018-08-21,0.0039087460298832255,0.006161415395072201,0.005061334470342516,0.003892249643117074,0.007422798177048051,0.0016425654378326993,-0.007092497821602151,-0.009128464045366824,-0.007178430463804952,0.0,0.007942531140152642
2018-08-22,-0.005078582802668041,-0.001224569009569576,0.011977738380243297,-0.003524739410441291,-0.009694693203328941,0.003007311006425928,-0.006227039994301964,-0.006240576715162205,-0.007415506454614418,0.0009849159962707077,0.0010506688467266656
2018-08-23,-0.006806464598624884,-0.0040875179859956035,-0.004707595604675485,-0.004598596196588978,-0.002871469315151365,0.0021804249920598373,-0.002395886820034332,-0.0023923695052139315,-0.0007472269406422205,-0.00032785536894586187,-0.0009620663391866069
2018-08-24,0.013020618325569222,0.014569932611866676,0.007297339574161565,0.003553862903003857,0.004319550679309225,0.010062538966109535,-0.0012932713361354375,0.006894240820888076,0.004299199722954894,0.004811360390843289,0.005865972284043064
2018-08-27,0.013698794657441615,0.009708549623237195,0.0073788151001779045,0.013455930944967776,0.012643598563365499,0.009154775574499396,0.0005549024111972667,-0.001488646469047894,-0.006141940430698822,0.003591170457346582,0.006441061630277245
2018-08-28,-0.0038375351788961787,-0.004406492777721427,-0.004261489007668207,-0.0010482545668788479,-0.002059167891575675,0.0017343698286478304,-0.003327567991682212,0.012224508577874715,-0.0020598745989869327,0.0005422298053392449,0.0019890866247473937
2018-08-29,0.007536559663551712,0.0056336500849099025,0.006152130016310986,-0.0003497074836164016,0.0007735289575394599,0.009055472644270202,0.0011130667996026578,-0.001472787818878718,0.00731843238448282,0.006502476369818044,0.011220286730972528
2018-08-30,-0.011801549668894795,-0.006202493113965812,-0.0027917165854117743,-0.007697649205514856,-0.006959629620664209,-0.0030354062812079086,-0.0031501248849857832,-0.005309680927710447,0.00037268439022253297,-0.0007532648352757132,-0.005718771944620116
2018-08-31,-0.0030280321171997082,-0.009865195921097802,-0.007730974809576074,-0.0010577867282941522,0.0006487926858527171,0.0007944828881778498,-0.0003720719088762259,0.003855337678586812,-0.00428318713893816,-0.0002160242510212962,0.0039487344907027655
2018-09-04,-0.0069173915926667995,-0.012403330855232375,-0.00214938588768665,0.004941617240083573,-0.0007779562082157465,-0.0038361918384869353,-0.0013011644107125964,-0.008862538807937637,0.004488412959093191,-0.007975570281293032,0.001881167467166156
2018-09-05,0.006625779943186361,-0.012970937872196164,-0.0013464494575009534,0.0007025960547402121,0.007138999483629949,-0.012481422624830318,0.011543411661149028,0.006259176118744714,0.01396405739828488,0.004019987627895905,-0.01075346829091306
2018-09-06,0.0020251258834531605,-0.007509453862191817,-0.018468558669667567,-0.004563007996735258,0.003092957036821886,-0.0072613985317308005,0.0027608099159550648,0.0032582362624438144,0.005692086743090963,0.0,-0.002760832682782932
2018-09-07,-0.006568714709502155,0.002101747147029709,-0.00013745920262442368,-0.0010577867282941522,-0.003083420150769123,-0.0033859053348030965,-0.0020191290080413538,-0.01269549698814243,-0.012232820464284089,0.0015149708922221894,-8.633279394865134e-05
2018-09-10,0.001186712305603299,0.0020973390706218176,-0.000411918297170466,-0.0010589849048388,0.0051552272419594924,0.0031255266597245424,0.003494776106187425,0.005382497774621964,0.00499074129087651,-0.0025936483092309226,0.0037203764122137883
2018-09-11,0.0020320606619954606,0.010045761258590469,0.0094820072463484,0.0010601075427241202,-0.00025632229133176754,0.008535928918550928,-0.003665791452931444,0.00029761110310611016,-0.0025749674171366976,-0.0008661372232684483,0.008016305752253317
2018-09-12,0.0005073246171023449,-0.002900747909943213,0.005172773891507054,-0.009177713017354927,0.0030779943699468237,-0.004164601373733756,0.011589676764494738,0.0008919042166082303,-0.0009221718851636362,0.004987368229425693,0.0018814687339971936
2018-09-13,0.0038849765089969956,0.00706542425547152,0.0004065526342489356,-0.0014249010481006685,0.00600990963566761,0.011736126751365372,-0.0014552261305931236,0.006239018101843241,0.00756764034052404,0.012407014334280042,0.0017070929639042554
2018-09-14,-0.00033646113678453826,-0.001856858235257941,0.005279331414967725,0.007135144929080184,0.004956382989774966,-0.0007999840572572303,-0.0027317342376788067,-0.008562184900828385,-0.005312415875836418,-0.0033036580410000793,-0.003749190283514281
2018-09-17,0.003534820375131753,-0.009716884105724799,0.0016160012013419767,-0.004250866886615912,0.00037939679648335556,-0.012543373555237602,0.0036524895294871573,0.005658023671725632,0.003315055467199679,-0.003634812261267051,-0.012401495428994491
2018-09-18,0.0010060166975249807,0.007098218737376927,0.006587628496309117,0.004980608017556065,0.009102509532989078,0.00635118772093346,-0.004185012916010256,-0.005922406302590111,-0.0018354338070073473,0.005794321536858993,0.012730282156991679
2018-09-19,0.01089168974310506,0.002694880801053179,0.003072064717781098,0.016990644942782573,-0.0008769410900388852,-0.0025514595435912613,-0.0018271170219923416,-0.009531905478661673,-0.021699249641167095,-0.0013869740209024872,0.00042759376036194396
2018-09-20,0.010773746728705458,0.010957234244584724,0.00026639248058613063,0.008702089368377575,0.0015046470697652747,0.011847421660085233,0.012630364820749973,0.007518445497011195,0.002067618057380427,0.009722209687673233,0.0068382952114032225
2018-09-21,-0.002158105607353855,-0.004470304955666249,0.006607888761038572,-0.0038818749231473992,0.006466576363802323,-0.003951742134047809,0.0016020847648021697,-7.400325541251362e-08,0.004258513720787782,0.0013491740110127548,-0.004419263100533755
2018-09-24,-0.014035821218488564,0.0,0.014647266992959596,-0.011134249356521186,-0.01712511617361745,0.004959193172355603,-0.01526725710255239,-0.019607756074594862,-0.00885786094284613,0.0020154210722753696,-0.006500243347651202
2018-09-25,-0.0051917391656188805,0.00041207296023881845,0.006430438153336215,-0.003870677287162949,-0.0030520116401689945,-0.0012004968340961764,-0.005906004057273373,-0.0009227835832837927,-0.01369109532611612,-0.0030700397002142443,0.004218576413574926
2018-09-26,-0.009932457790328364,0.003911813512926354,-0.009649355685686367,-0.012009848402403933,-0.0006382790354589885,-0.003738712416295642,0.001113646301916571,-0.01108755954996088,-0.009832182332120576,0.0022299846716189453,0.0023144329383069095
2018-09-27,-0.008672089178935916,0.008613401554808053,0.0,-0.0035751816821069093,0.0014042933178040062,0.005897214337123202,-0.0012979384609715927,0.003114222090440766,0.01031905295215818,0.00508562220493447,0.003420804714858061
2018-09-28,-0.006346558042371719,-0.00365981415105332,-0.0027649638290155876,-0.010405448704652542,-0.0006370189059490272,0.0037309599664461235,0.001485570617001608,0.01241867225905735,0.014646600775616525,0.0030571861432313607,-0.0008521111773351908
2018-10-01,0.010012153871900908,-0.004081713653209085,0.013863290993156863,0.003988087001396412,0.008800548351028503,0.0047791333522382295,-0.000741813203168129,-0.007666406450590246,-0.003418782450994584,0.004939714550104224,-0.003070998824204252
2018-10-02,0.004272807528030276,-0.0008195875712252443,0.0010418732980459477,0.0,0.0022760241069050835,0.0001319210286121475,0.005752411514342803,-0.0030902385593211124,0.013531632057987686,-0.0011503395860519294,-0.013520663915976616
2018-10-03,-0.007148087255549496,0.004511849885379782,0.008065403506261282,0.009389803912835726,0.004163235238892948,0.003038324382807156,-0.010701075227366186,-0.011469089882622963,-0.012034443783074056,-0.001884896775267042,-0.0033830213033380074
2018-10-04,-0.004627754396199002,-0.014291748012884908,-0.004129709269622972,0.006798084749141564,-0.003266489182384036,-0.018043005928785827,-0.0024243532296485126,-0.0047039427021809965,0.005329065555532475,-0.009755401546526765,-0.01566718184739191
2018-10-05,-0.007404875058521609,-0.00952753825768371,-0.0001292907325894932,-0.004975078435040303,-0.005167249567378129,-0.012606849545587218,-0.0009351120312167671,0.00031519165012650063,0.015335096592212105,-0.0011650225280878113,-0.007516102027940619
2018-10-08,-0.000520405076895436,-0.003345964032237969,-0.0007777097163773616,0.00678539288709179,0.002533346167989059,-0.011274544354545557,0.013847550056556246,0.012913299848140714,0.0083908639504775,-0.0004243059602935251,0.002583826058712102
2018-10-09,-0.03315390020149578,-0.0006293937468685451,0.008949551236652642,-0.003901790131562999,-0.015417456553274755,0.0035721084322515306,-0.0022148268410845384,0.0034205318106559357,0.004067972489965044,0.001697576131144407,-0.0029325782084529406
2018-10-10,-0.026211938855568384,-0.03947098317983977,-0.031366407113289974,-0.030982966226944186,-0.032216427286815064,-0.048459922674579325,-0.012023623312773069,-0.01580399455504955,-0.005524946222128957,-0.023620215362057273,-0.03368987735241913
2018-10-11,-0.011614945839398927,-0.008524518123748659,-0.03384241584011349,-0.029768482555460274,-0.026392910719136742,-0.01266002831550972,-0.024714505512545393,-0.029282459250766113,-0.018333311318306178,-0.02701255754600862,-0.017616632594233295
2018-10-12,0.002797874600359851,0.022266458128549882,0.0027474037960251163,0.0011366391966347589,0.006674922942214057,0.032055660871481706,0.005567360024525181,-0.0006485127136741653,-0.0011317337956276985,0.015386241750721119,0.018495946085583137
2018-10-15,-0.003348115081161507,-0.0038820383457577323,-0.00835645098595239,-0.004540644959059259,0.0018944084505276848,-0.016376998318725744,0.006109136949624894,0.006166779745661266,0.0047215677636538445,-0.006917583662679694,-0.002304476722316706
2018-10-16,0.01605063833448206,0.026412673179800006,0.008288747237274352,0.016723550745017635,0.016883030212433425,0.03014218869109042,0.011195485097421631,0.018709666493517574,0.010338290266258987,0.02742138270672778,0.020049889794987896
2018-10-17,-0.006429032943159885,0.004007699171848289,-0.006302133200454918,0.010093684793044178,-0.007305443055622418,-0.004598127677898245,0.004691182558179241,-0.0028500091781668013,-0.0018604633646798208,0.005273263531636818,-0.008242787922168815
2018-10-18,-0.011277585925354328,-0.018277147475829758,-0.004963470415599969,-0.016654293175056845,-0.0172598205521447,-0.019597229043602615,-0.0013072375945051284,0.0003176939563283021,0.0014911269457571485,-0.011347718086475722,-0.01918006958252716
2018-10-19,-0.00710524056271733,-0.00021397315844140508,-0.008868258680733931,0.003763312391231066,-0.0036758355987240865,-0.0004280393216573586,0.022816196109769926,0.010158694507174326,0.015633566214777073,-0.009096011365904655,-0.009777378616027566
2018-10-22,-0.007909675747243994,-0.0006423203202434724,-0.011044205808106722,-0.021371819370411216,-0.00341600342262538,0.008284114425572309,-0.007496687847162065,-0.014142026395961627,-0.0064138196962607585,-0.008195911665895617,0.0040436851369947124
2018-10-23,-0.009870972189630067,-0.0021417408525203907,-0.026152129832268556,-0.008046407327728766,-0.0164542184191373,-0.003824657755335026,0.004421836918214073,0.006375759647883061,-0.005532920727217339,-0.005398954617412244,0.0001873690698228625
2018-10-24,-0.03163346267224476,-0.04764980771730476,-0.039483066953490686,-0.025106186978395173,-0.03387705706001687,-0.04479507700157703,0.004218624599724219,0.011719834254263928,0.02429524118531945,-0.0330117140975279,-0.029871831511996794
2018-10-25,0.012868523561271106,0.033130403543156994,0.012241114227738992,0.015451836003248065,0.007070543729970069,0.03439030140862043,0.0023742306025991144,0.01189728879084595,-0.015571112706268653,0.012945001829055336,0.030212485236725373
2018-10-26,-0.005863638792551806,-0.027050596292994444,-0.007464647978137839,-0.014436271064458994,-0.009886833319322053,-0.02000558356171145,-0.019132841017964086,-0.025990186562190765,-0.018392478416827007,-0.011309615552342667,-0.031106481010474973
2018-10-29,-0.0023594643397151227,-0.015470728484570762,-0.01865241050198929,0.008709442029029901,-0.01664257725387963,-0.016889072236028424,0.011517821736799938,0.016518474104707748,0.014052689639428628,0.0025165828930313605,-0.008799722144045785
2018-10-30,0.022861630349384487,0.027328514782135382,0.023145200695029233,0.017268485187390548,0.02060329553649165,0.01120393570405298,0.019834770771490318,0.0165622954542215,0.0038805389582030614,0.010726013234794163,0.015024204677765551
2018-10-31,0.013680138134938513,0.02061641878836773,0.006142471515973025,0.013888773246581776,0.007642807734221879,0.02378470957478096,-0.009364282489790154,-0.013525676523264862,-0.011780063841353439,0.0013545805574404213,0.012879592855130184
2018-11-01,0.0281315252563461,0.0058643946626655286,0.008487187042615973,0.004566312210158907,0.017601406656243546,0.011688260152631136,0.007089791649569133,0.0037391346759696464,-0.00447013809870378,0.012626855591103103,0.02040214486378411
2018-11-02,-0.002403394353826971,-0.010149100125880328,-0.0025098712816505886,-0.0007574257966713738,-0.001687687462940901,-0.019540913272787508,-0.00523472455399987,-0.008382188686832936,-0.005612627193911868,-0.006234558231415166,0.0040921481550302286
2018-11-05,0.002965245298568453,-0.004144871808642092,0.016725876006869145,0.01592125415929524,0.00521210899278346,-0.0010182419134184828,0.01252029882442196,0.016593791142015757,0.014110766456319146,0.008850431325869712,0.001389080605355586
2018-11-06,0.016444657669016927,0.005914586773457575,0.004658539795020733,0.005223666950104677,0.010510047661103972,0.006261800916732119,0.006093183193840446,0.005543099797631124,0.0066791735378901596,0.005108308312628207,0.004439649345106433
2018-11-07,0.017996924486693988,0.018292851821386513,0.01637428779447747,0.012991795593329636,0.016225036875902044,0.02937765967023176,0.005700058650441653,0.011026138352535186,0.011426473188903996,0.029388818838532282,0.02707188623541712
2018-11-08,-0.004285719388611775,-0.009409657573858254,-0.02167074962099158,0.002931380628953262,-0.00163729803902124,-0.0008435352076131553,0.0005313052978375143,0.0021207132957039576,-0.0016401071356340058,0.0005365721947041546,0.00026877737788688627
2018-11-09,-0.013988558895666525,-0.02050959350984838,-0.0017489966842229032,-0.009133970887252985,-0.010114964417746952,-0.017306898137772975,0.005841832703596506,0.00120910214228509,0.0014601898158796978,-0.0028961034743284486,-0.013892445568489675
2018-11-12,-0.014732759382501515,-0.014988228682873861,-0.020729998976058095,-0.01991146023059187,-0.019745927735858593,-0.03522316976417961,-0.00527988278965541,0.002113447534903834,-0.0005466849539107477,-0.013555897732915767,-0.020087575137771374
2018-11-13,-0.0029535042993706906,-0.0031326448938927554,-0.022957502162743837,0.00564330046040884,0.004507722168918926,0.0011875921941777445,-0.002300043923131767,0.00210921203678871,0.004194041864487463,-0.006979893354540967,-0.000463334411155536
2018-11-14,-0.0011109273008451659,0.004938407819595536,-0.001678549855232081,-0.013467983509069303,-0.0033649984221355567,-0.012007605550858447,-0.006738717354401458,-0.0003007871728651912,-0.010350778069614042,-0.008017901654656878,-0.007516944052728514
2018-11-15,0.01371648268493142,0.007371072221111108,0.01467235644535081,0.014789361026747994,0.013225877190579327,0.025056212496221697,-0.001606804986066357,-0.007819425586303996,-0.008256478412014268,0.00885807402080152,-0.0014959703819609205
2018-11-16,0.01005674546875479,-0.0048779094330752,0.01189934013866778,0.0011212659170383166,-0.0002777757415435289,-0.0016096488122814279,0.0025032005170868565,0.014246600849706637,0.015356074916773155,0.010096451990206479,-0.003932863124815
2018-11-19,-0.014301377292755268,-0.030303008140323495,-0.0002975891077467985,-0.0003732818942497884,-0.01583539278864987,-0.038117663631542786,-0.0016050396230899988,0.0026900241017067117,0.004373121387511558,-0.012711990605213552,-0.024443029123391358
2018-11-20,-0.018181769198999498,-0.01309777013496849,-0.03275771995869825,-0.022031362453998726,-0.02074831334075322,-0.02149079460915093,-0.01661623880267693,-0.013114971782995033,-0.004172649516152038,-0.009354322716830787,-0.022646307380441155
2018-11-21,0.008043250556833748,0.011874482529745656,0.015702035944729964,0.0007633308570065278,0.007062704726981117,0.007320994566032635,-0.007994112642735196,-0.0006039292969278742,-0.014756782252841605,-0.005665071032616931,0.010451742382305396
2018-11-23,-0.010762493408306817,-0.013115476863134967,-0.03137312967694328,-0.008012137432884536,-0.0020037371056291775,-0.009123318312155737,0.003479990163332447,-0.003626506861938772,0.0005549382148883897,0.0014521508821980778,-0.004488852103286423
2018-11-26,0.011442342144249329,0.022849182062974593,0.01502131248052696,0.020384734127906645,0.007313863659082154,0.022628040406042604,0.0012774134875184195,0.0021232860098101547,0.005913623369331322,0.009705644889311582,0.022446413988590264
2018-11-27,-0.01224010429711142,0.003191197938913204,-0.00277490716212625,0.0007538803838695873,-0.0017082219430658574,0.0019837415128480806,0.008931931702593765,0.005447769029027327,0.007532613344265693,0.0103855137992388,0.0029722026046732353
2018-11-28,0.015396165251567284,0.02090414031099508,0.017158637353960282,0.01920897047350212,0.023958559328371765,0.035028611199006576,0.008310729892768265,0.008127709781217796,-0.0007293412701083746,0.024056727088393126,0.02953540294028878
2018-11-29,0.007211515343755304,0.0033386392981040736,0.006534903714700224,-0.008499657909135094,0.0005572367469162121,-0.009711101475265882,0.0016127302991655323,0.001194226515828234,-0.0003651566664573114,0.003310381981473709,-0.0046422061077169285
2018-11-30,0.002570163740011955,-0.0015528169369813938,-0.0018118706133658513,0.005217910192945707,0.009743953581234921,0.009509354450746743,0.0064398669042999845,0.00954380644692554,0.014786593010396532,0.020327986845000146,0.007275417847111498
2018-12-03,0.01757921816092689,0.0015552319274594328,0.02223580400599201,0.0063033603632489665,0.011579731250314973,0.02207836616223413,0.0008887396741315001,0.004726755402492788,0.0100738843417576,-0.004798105767526373,0.018705478402902154
2018-12-04,-0.029692463542560055,-0.02950288469353546,-0.02870679928095976,-0.04347793982747661,-0.04251815820156579,-0.037874641190959624,-0.01687097700480633,-0.013231453197072085,0.0007120678593117713,-0.02232478856904485,-0.035996762566177676
2018-12-06,-0.01353854200037874,0.011199874106452734,-0.018433808721657896,-0.013867540989169203,-0.005550955709175964,0.0022452591594182003,0.0010838932170575966,0.02741372160490374,0.0010681994851817755,-0.003752504862790995,0.004809153120034715
2018-12-07,-0.024064454016216152,-0.01898732944545467,-0.005587632906572493,-0.01914070571443449,-0.02633443243590683,-0.03524480292295651,-0.012630607372406955,-0.015081392704752505,0.0037330808627127343,-0.02550282920334146,-0.02993630729880148
2018-12-10,0.0026969141680990294,0.007603657969352806,-0.015607621722911857,-0.013938366439380068,0.0024986852121555714,0.013777282709129146,0.0,-0.003827828135002709,0.0019485449933609456,0.0038649256939586873,0.00077389012439677
2018-12-11,-0.003266040582324381,0.0009149847613565409,0.00031681262666904964,-0.00969326625557032,-0.00586479584650923,0.0012212404100853114,0.00822333754284621,0.0017733724947350815,0.004065524809669263,0.0030799982747886645,0.00038676457736741554
2018-12-12,0.008673518611277187,0.01073768076856707,0.0039625784452155255,0.005709392206145303,0.005604434434320016,0.007778095724599865,-0.001268615325857092,-0.018884635085117285,-0.0063381585518812456,0.008553337403542693,0.010532371928424045
2018-12-13,-0.011656459488572746,-0.004520699981386378,0.0031578199800272877,-0.0072990764749141235,-0.002786758552974722,0.001664708374441215,0.006170507141015635,0.006917456593525939,0.008681941984215458,0.0009788656326294998,-0.004972045652490209
2018-12-14,-0.007734132252827486,-0.009763773893650463,-0.022820449071087157,-0.009804049452142305,-0.013825472493291135,-0.02447501473620073,-0.016955115308933788,-0.0017922777886953956,-0.0019322042163093522,-0.03367395226322001,-0.01662513870742377
2018-12-17,-0.017147419143129894,-0.019491185128484356,-0.018199480875681906,-0.009901211377562502,-0.016405759468062886,-0.021217429903722773,-0.023119474479058932,-0.037402614905492904,-0.032206797317498204,-0.01989647475305656,-0.025407884724355734
2018-12-18,0.005551289656302361,0.004443234574210475,-0.023621736761056833,-0.0037497176127261334,0.00500395707036283,0.007911263825367554,-0.01183309831881918,0.009947273191335038,-0.006728638066266779,-0.008716806803035215,0.007821090793001861
2018-12-19,-0.01360410668317602,-0.02142005635655264,-0.011760902804361928,-0.012546962690225927,-0.018859545275945244,-0.019779862280461025,-0.009694229656864395,-0.009233619196057696,-0.0016478260079269003,-0.01307411202768527,-0.01979935289160728
2018-12-20,-0.013391903586539522,-0.017606412015578776,-0.027711817396131044,-0.008894826940201939,-0.018299292195117278,-0.017937500696352027,-0.017850056695051353,-0.012115827059770212,-0.0005504470880083323,-0.014068102372307933,-0.022431857115427944
2018-12-21,-0.008992505135023587,-0.03270481224459454,-0.009706944550064822,-0.019995574880188882,-0.01888154221502958,-0.030382134804481264,-0.01037326453369436,-0.015303235812395344,-0.00427397401764118,-0.01242218406443929,-0.022661244154773663
2018-12-24,-0.025925726003749983,-0.021100254872209456,-0.040456054517848394,-0.021062044701962934,-0.03068260937713596,-0.026689329168828935,-0.028895970233791868,-0.03683358392911196,-0.041814033542098006,-0.02394770973685878,-0.018984699908791924
2018-12-26,0.04478221264917903,0.05619718300990639,0.06222097469961407,0.045271637673866216,0.04656939653086645,0.06039578776224386,0.02790880559063802,0.03186855152819312,0.013576438872009211,0.043618180489340075,0.05925214637252796
2018-12-27,0.018398593875457392,0.004615977260819859,0.00524577249736069,0.012006676423842899,0.012509655012602039,0.007201119593241767,0.009582621171336347,0.0022754414550336666,0.008419431841292457,0.01104233951218192,0.0053369337633999425
2018-12-28,-0.005360167518715708,-0.0031437521363191223,-0.007653497272683385,-0.0004238018625211115,-0.002658603225510925,-0.00227491371165367,0.0,0.0035679803843660096,0.002466808982220847,0.0011748984095718562,0.0001020132332401058
2018-12-31,0.008383256547713991,0.0014556910156915404,0.005258737551269821,0.009749905624676591,0.010036241815752467,0.009446103213662127,0.00415286096131573,0.001939401519828854,0.0017036927816940217,0.014780067123095098,0.0107187901948389
2019-01-02,0.005146419885619702,0.013323711522415849,0.019703377150943613,0.008396559199615128,0.005123315005593376,0.0006455020785376409,-0.005908200911958761,-0.02290308958191134,-0.01719587517893839,-0.015143062118377681,0.007575012370040435
2019-01-03,-0.028357637792673418,-0.016734681107758775,-0.009917898330164765,-0.02248131022072386,-0.030429567282959535,-0.05046732741905158,-0.005744557744033929,0.0046215771046815846,-0.00019231435393707308,-0.02030473882649475,-0.021651910095914828
2019-01-04,0.03931895891427706,0.04303466999381733,0.03402453623942958,0.033219797861995914,0.037916405597147707,0.044319614276811636,0.02131893102769733,0.010187820687662663,0.014807653249248709,0.029830885687895492,0.03309442381866479
2019-01-07,0.0035100888787300555,0.011421605787534261,0.014865451379318939,0.0012362751491645785,0.008134928073528114,0.008942988004263963,-0.001365623241073699,0.008457801780835661,-0.006821976744965097,0.003839171889739257,0.02261221996832874
2019-01-08,0.010493862867192671,0.016824184962638267,0.007735395572463943,0.000823526178716838,0.013702883122120868,0.008380484214072226,0.009181336473677693,0.0174191069145877,0.012402292566265238,0.007764165050278882,0.01105590909213161
2019-01-09,0.0003844869740279311,0.0013597306530137576,0.015841527804427713,0.004936100949291644,0.006758826156199271,0.012945635442268344,-0.009291487198865522,-0.004121676838948263,-0.006031105818018134,0.004484992049178738,0.005084269139832287
2019-01-10,0.008842603291478568,0.0020373355697833606,0.0028939457879884056,0.00040931382912767766,0.01357586619313822,0.004417546650874016,0.0058617557527425035,0.01591868801170171,0.013083301377241341,0.0019462802143270785,-0.0028635535123446854
2019-01-11,-0.00400149392248228,-0.004969679008769101,-0.005931345710351255,0.002455146804203334,-0.001030237016541924,-0.0018848253192307318,0.0029138427910981868,0.0018802952880461188,-0.0037433489413536414,0.0033131127354246726,0.0009572329760316745
2019-01-14,-0.0076525549115384894,-0.0036322370859362962,-0.0024188827837299254,0.006938721183573637,-0.00014743711588416364,-0.009285455353792993,-0.00484214577906672,-0.003128045147362424,-0.02254385707389439,-0.011046414313753417,-0.006119699197920769
2019-01-15,-0.006554620031362202,0.016632710347864066,0.003556370994121094,0.008917566206415595,-0.00309460819573415,0.015091186558305658,0.009925788872693353,0.011295932665376762,0.0123011854247006,0.017963863445322303,0.009043684511960581
2019-01-16,0.003881052590349654,-0.004258403842343217,-0.0012887975744884095,0.021293674617619107,0.0010348441167522537,0.0009390643101234719,-0.0053957283053122085,0.0046541042039960345,0.003606822912725516,-0.0018098464556237648,-0.0022882547713714008
2019-01-17,0.017591317813361762,0.004051375349607644,0.009193936435781813,0.005507822471671364,0.01712915790953562,0.006410250284777375,0.004262685593111382,0.004941440026742683,0.004161978308458991,0.00883947578906108,0.006785251362366518
2019-01-18,0.016527336385536495,0.00806996419776751,0.020296984833276577,0.017214623147986163,0.019018883284731336,0.015224601773530244,0.011962219089902693,0.0036877076659518337,0.00113044585266997,0.011907463076620495,0.013858511848129806
2019-01-22,-0.013828951081422569,-0.020680417962667508,-0.02177294745088154,-0.011538847450276557,-0.020658646169168127,-0.01683255810502493,-0.009151536875242838,-0.001837190584728643,0.0018818890259231225,-0.00688263409656642,-0.014979939966909606
2019-01-23,-0.006822207244955414,-0.004541350020856982,-0.010248531128707383,0.0011673461567118792,0.001454835630035678,0.003424161488209343,0.011929815824786694,0.0006134744364205691,0.010142717576174576,0.0011179077508431945,0.001996000865541081
2019-01-24,-0.005342731300103654,0.004562067968320038,0.005339257127445762,0.0023320551558221325,0.005084527553278262,0.008375906603029115,-0.012359588675138533,0.0039855107206350215,0.0052066005544892935,-0.00837431897370311,0.004173773579708273
2019-01-25,0.01899096221970975,0.012715390035699992,0.01271288555632788,0.008142905634759057,0.01271867436861096,0.014151754046084708,-0.004043143832617391,0.011602921772011054,-0.013688680877350645,0.0012386889053088712,0.011052415098869783
2019-01-28,-0.0015059375743854408,-0.00874409508349483,-0.010010936705224127,-0.0030771157738296306,-0.009561937244754515,-0.013347386162627095,0.004252707793447552,0.009960614240439813,-0.004688839924627208,-0.011358453918617117,-0.005792743709977621
2019-01-29,0.010369529068804173,-0.011761885009785256,0.0030498309129263212,-0.0034723981289155326,0.013832752600286602,-0.010761375254198735,0.0023098600019342275,0.007770550173561874,0.002826737327745743,0.004890746030320914,-0.006484427814325566
2019-01-30,0.010636349791134814,0.014419793496672773,0.014082067258154307,0.005807100749643634,0.01563398993841969,0.031080404253257976,0.006721898629490575,0.008303588545268914,0.007703642642788333,0.0136975883274697,0.01967468866734068
2019-01-31,-0.014955631100412758,0.04083935594774646,0.00646988074487842,-0.0015394903061390908,0.004337866652513123,-0.0010550896052394787,0.018504067967945126,0.009705955158113566,0.021070535922021127,0.012506902152121357,0.00909069928717976
2019-02-01,0.0029990555309553635,-0.0034686359949112067,0.01740361641737942,0.004240442362677399,0.001532720444876512,0.005884398254500045,-0.003183892423180845,-0.006117227663862357,-0.0038352621931917463,0.0008820294009799223,-0.014616424949212337
2019-02-04,-0.0016819039172152328,0.00935401148967685,0.0023117702379171767,0.004222704965900048,0.012938220920889476,0.016049110940748346,0.006388731809251702,0.005861663796346894,0.0016499744803246674,-0.0028649019865141234,0.006530309035089443
2019-02-05,0.007300639328856606,0.010991330700728108,0.0015374360856228453,-0.002675800395530392,0.008652958087931983,0.008414462329685568,0.0001864648600888863,0.006701528216058961,0.0020132844060061217,-0.001436614331177477,0.00936171711973377
2019-02-06,-0.005946835507243731,-0.02238331743876154,-0.007368640432704021,-0.001149980182156507,0.0002719241479183232,0.0033670230489095676,0.0001866889082979828,-0.00781489765659038,-0.0005480695583102158,0.004537570182773898,-0.004132675558752852
2019-02-07,-0.013834533996317289,-0.009594575457648524,-0.022115676093088954,-0.009976849624005801,-0.006805972931116733,-0.013714905876476724,-0.0007463574856561017,0.008460002185663118,0.013157913122944453,-0.011017074119774706,-0.008206536663272312
2019-02-08,-0.0009477604804978279,0.006825386334893047,-0.004586502816029681,-0.0050388647713617285,0.0015075439081446707,0.0057692555745982865,0.004669232688824021,0.0,0.004329039032811011,0.001894005893168238,-0.003997606926354091
2019-02-11,0.001518022939795527,-0.010277645693584914,0.0047664503108422185,0.003116674867021718,0.005337021917288354,-0.0004413769330242623,0.002602783037834344,0.002892575808597364,-0.00035910528882954207,-0.0012232220937337113,0.0017733041208953804
2019-02-12,0.022356941913220574,0.011489106542580396,0.01265015393638258,0.014757189167210694,0.015518643867775461,0.013243137964727314,0.007787649963057142,-0.006922229008515579,0.0023355380508018886,0.013692640988943294,0.01537467037420881
2019-02-13,0.0012971109162422945,0.0006553471584545001,0.012491961702454368,0.002679039867490296,0.0058985337824906114,0.0013069871980579961,0.0018401818124460512,0.006680328226751131,-0.0028678632029252027,0.0021964355552284154,0.006790950599094181
2019-02-14,-0.005182049360090701,0.0037108744324261256,0.0035474103741393037,-0.012214006487829554,-0.0046640850210150075,0.0017409264990997375,-0.011203294004052955,0.0037507234522495825,-0.001617855669887036,0.002300914281291311,-0.003646030166161718
2019-02-15,0.013581587550226537,0.0043497403266217205,0.016136652454690203,0.02125204649086032,0.013388467646167745,0.007962134760590933,0.00947261675125688,0.006036134986227681,0.003060949498377319,0.0150871072343286,0.006861537690065145
2019-02-19,0.006240521894762319,0.0010826369475960274,0.003024966636162585,0.0015134442071775833,-0.000396442989418766,0.0002877132961585094,0.005151930855897602,0.0011430230941378294,0.005923504077818942,-0.0023693984875134966,0.004088525780591379
2019-02-20,0.01714694559935981,-0.003460868486731994,0.004221846929246542,0.006422397239122413,0.0047579522379210815,0.0011488839104178972,-0.0018304961263747588,-0.006278653670866996,0.0044610882128535145,-0.0011876993871321462,0.0019907663457667812
2019-02-21,-0.003945194351710923,-0.00933352993086467,-0.015465609488345633,-0.005255339505447654,-0.004077664213295251,0.00043013251237233874,0.0029340969782614135,0.00172315401598655,0.007283494515242017,-0.008754624841794012,-0.0019868110691547702
2019-02-22,0.004321039734083598,0.009421465460734968,0.002897654149974116,-0.0015092813161626806,0.006604615699539851,0.012759745877614748,-0.004753832257560764,0.0057342211074837834,0.006173061662767765,0.009158967104214932,0.005429416442175317
2019-02-25,0.006453831376473929,0.0010853106934880508,0.0016727675735548342,0.004156942142177655,0.003936023758335017,0.004813347244403632,-0.005511835426083356,-0.008267065960892994,-0.006485586691613587,0.0014049178001320772,-0.003330223812799793
2019-02-26,-0.005699943728248558,0.0,-0.003188037624118789,-0.003010939924112832,-0.002744684330951541,0.0021131741009308147,0.0005543579424260869,-0.0020119985310765864,-0.0012347779574974904,-0.0035608032119532895,0.0013545720009158213
2019-02-27,-0.0016122225409868074,-0.004986874848311285,0.003807336837726938,0.003775247873794685,0.003931833490988357,-0.000984129508235454,-0.0014771559214827867,-0.003168225836132299,0.0012363045190664224,-0.004656171376730245,-0.0007213875710078144
2019-02-28,-0.012201656002993055,0.0006536870937570161,-0.010013764600101949,-0.0026325285179616964,-0.003394348217102605,-0.002814584877687154,0.0048077091525249305,0.0028890218919579436,0.0058219633146583405,-0.0029372252076209637,-0.005414570240754646
2019-03-01,-0.0012716683428631859,0.007839477035704423,0.01839091231248413,0.006410205625690946,0.0009170448443942547,0.00677393189704012,-0.0018403499207779728,-0.0011524334809694947,0.002105120565576879,0.014184216068108046,0.0080754060813375
2019-03-04,0.004547237473709442,0.0012967108400216976,0.0018060622280933192,-0.0063693766119011785,-0.004449670537762573,-0.0037846565600085924,-0.0016592750227475417,0.004038135937871168,0.001750289177484543,-0.01355559449310706,-0.0031503526333332976
2019-03-05,-0.004707694263757056,0.006258054233175381,-0.0033047481829951986,-0.003770728609210794,-0.006441419364394019,-0.002954881132252618,-0.0007386717580822877,0.00287284183355907,-0.0012229949096157489,-0.0005451240873080021,0.0025281585944834095
2019-03-06,0.0021830035207170972,-0.00042878788357181286,-0.01266037258495567,-0.006434633933792955,-0.009394318665821744,-0.005221615630253806,-0.0014783501854492842,-0.0025779634963536413,0.0,-0.01462262737446307,-0.00468329053100025
2019-03-07,-0.00816841144595748,-0.008796598478953088,-0.005953281514899045,-0.01028582024184721,-0.006010397667474465,-0.009505098792611189,-0.006478052842811777,-0.0008615421897669728,0.003323920977681194,-0.007862823847786027,-0.012125804977528687
2019-03-08,0.0016472014428188242,-0.0006492124647374808,-0.01873445812574004,-0.0003849778768293399,-0.0020154647628228828,-0.00014286097782734153,0.0005588329439898398,0.0008622850847470609,0.0034873999542190948,-0.0021204707697649594,-0.0069614177412520295
2019-03-11,0.014251462524385916,0.017976815481383746,0.015649470373928054,0.010396636104337054,0.008482626266392623,0.021486606153751975,0.013032869608748943,0.015508734326140194,0.007124112786716319,0.011409228845667974,0.013744152069004034
2019-03-12,0.0037832328735734055,0.004467830765747527,0.0064714531613534465,0.0022868965473525904,-0.008277735062873548,0.005890216592850939,0.00036786833592206136,0.0053727609638754,0.006901476665187367,0.007299417164030819,0.0028207711478418496
2019-03-13,0.004845506625447582,0.002965767372816508,0.010104050132386133,0.0068439539553448725,0.008750796300580177,0.0065523726860070575,0.005695489687384425,0.004782026983042975,0.0010278434032429118,0.010759610506328343,0.0035386752289996437
2019-03-14,-0.00750096785155252,-0.00443489181168355,0.0010608808432177597,0.0037764249326033283,-0.0033366263436463983,0.00207712789071568,-0.0009137463312531846,0.0025197083223280625,-0.00017104953491475783,-0.0016294561700584964,-0.002983903852495029
2019-03-15,0.0012468934954741329,-0.0007865276642843311,-0.00039684909493364895,0.006995573309962255,-0.0035284878841890244,0.01210556199640167,0.005662752546282457,-0.004100663394586368,0.003622190597326158,0.0045976596790395785,0.006415371860331254
2019-03-18,0.0023466127074600607,-0.008506932943273426,0.013890913866272836,0.010139144738966932,0.009730969026489289,0.004247077220061346,0.0014625026668302343,-0.0050760044261550785,-0.003780801861297922,-0.0015218606130183998,0.0096744288331847
2019-03-19,-0.0012607974740020955,0.0017160018662703003,-0.0027098926384300226,-0.007806828726863224,-0.0036136457361281016,0.002046571582575707,-0.000730225390699557,-0.002834480950282825,-0.011385206228439637,0.00794799278337388,0.005014859530573679
2019-03-20,-0.000901378003030695,0.008993664222315623,0.008756060021351209,-0.02060692231839112,-0.006851219904722483,-0.002722746545695043,-0.004201759346607603,0.004548143149937456,0.0026172894565696936,-0.006913176631193618,0.001425481230294512
2019-03-21,0.010647649965679795,0.013157894736842035,0.007033777043240486,-0.0030605018253389016,0.009603305423790731,0.02511920973372428,0.011740888776536229,0.017827087876421954,0.010616189242786733,0.003915644273393637,0.013702317970273103
2019-03-22,-0.02982112195453701,-0.01612907501535199,-0.02704700167223273,-0.027628741042999727,-0.0226417554237196,-0.023571764379065052,-0.001269133787853316,-0.00472654404426831,0.007232335025376457,-0.018201548664977363,-0.01983669480654504
2019-03-25,-0.0018406554582097723,-0.0017032148919876589,0.00045830900542376263,-0.0043407133910685625,0.0023303074892309095,-0.004364672926497892,0.0019970781508282798,0.0008381006974789162,0.0008549915096958127,-0.0005517928615927925,0.00591032596332175
2019-03-26,0.006085258654712211,0.004905140781519268,0.014350970746851877,0.011890422114559263,0.006701483099583294,0.005479841966195886,0.00851588752605803,0.0061400278949035325,0.007174756202935173,0.006845553097778012,0.0042731433587599454
2019-03-27,-0.0012829708310723165,-0.0072157929739308235,-0.00707392764997683,-0.00430857911049165,0.0010864000533441498,-0.005721883737440092,-0.0034132987516694024,-0.003328686249334911,-0.006953962373086542,-0.008334033072338598,-0.002038738040465171
2019-03-28,0.009726158588220013,-0.002351476281157283,0.0037898182477220654,0.008654532247522884,0.007328607423018774,0.004110532372431974,0.004867521756686255,0.008349676269292061,-0.01178471501704903,0.0025432752575051953,0.006039965571322581
2019-03-29,0.008724364680793517,0.002143141937053672,-0.0015101564290082026,0.0027303844117310128,0.010777059227804475,0.009825402054578491,0.006637694644606729,-0.000276028973193565,0.005357647659157028,0.012023149889709206,0.0052093056505666535
2019-04-01,0.014954798386390467,0.015180362549420456,0.01315776440905192,0.02450392194193851,0.020658497588470492,0.013648441704662284,-0.0033863336587590664,-0.003036957358123371,-0.006876334761319214,0.001525747206821082,0.010979464262635963
2019-04-02,0.0033732402513670934,0.005265504321713355,-0.006866701308582246,-0.0007593778954069208,-0.0003918231456151444,0.003466390683779963,-0.008225946858438582,0.008584265806984792,0.001384526461321478,-0.0022855555994567567,-0.00017374212642706777
2019-04-03,0.013092580541657295,0.003770956314795182,-0.009619747722797167,0.00303957176461922,-0.0030047825852859145,0.008104226895474742,-0.0048682350172135624,-0.0010978930713710922,-0.0015554694731427787,-0.001309010211293149,0.007038273353039193
2019-04-04,0.010129459588335221,0.00563569570481226,0.008347102837922726,0.006060804010194598,0.006158542986834048,-0.004217632807421601,0.003804974566183672,-0.0030237337953197274,-0.0034628598751501594,-0.0020747601481423406,0.008111128912467791
2019-04-05,-0.00034608005792735597,0.0029058550089011703,0.01761010147878639,0.0015060115027472065,0.0028649922512249404,0.004764624578737164,0.003429732383969819,0.007719890893343129,0.009381732945032972,0.006894841241817273,0.00590611078350034
2019-04-08,0.0003461998707987579,-0.0018627095136323213,0.0044371724999920925,0.001127605484934957,-0.004285544396274599,0.003819752123219722,0.004137346783231299,-0.004924692942997133,-0.007056651123113822,-0.0002173315759774752,0.0035739370637892787
2019-04-09,-0.0072615989658956215,0.0026955451006720477,-0.012222288400363768,-0.008261210389890361,-0.013562445259210687,-0.0047238795414979995,-0.001254147451872245,-0.003024233776147911,0.0024266304249509485,-0.002609387659580298,-0.008987699638682067
2019-04-10,-0.0005224577970969202,0.004342473970904148,0.003727185341632966,0.00302913052328857,-0.0002646500356560111,0.006987513867025896,0.0028701635398789005,0.007997485613555178,-0.003112506222920697,0.0003271088556939805,0.004791388881682623
2019-04-11,-0.0005227309019322224,0.0006177912793421392,0.0007422799269189984,0.0060399652036187135,0.008595543995269628,-0.0013089374114582109,0.0019672664294492215,-0.001367863989056084,0.005030085473601842,-0.01231338368674939,0.0012770331244351674
2019-04-12,0.013249672068182283,0.00864188985542702,0.0026716719725832228,0.01838654484193447,0.013242831625205342,0.006948015486321069,0.00321323805176843,0.005479478837861151,0.004660060316006076,-0.009157246477852543,0.006207857525252436
2019-04-15,-0.004645714432282122,-0.0008161599673536246,-0.005920738093400768,-0.0062638858267729525,-0.005564411929803503,-0.000390863522852114,0.00587191813647947,-0.005994605827010169,-0.00017154373798944356,0.004008510948923183,0.0020287167020243135
2019-04-16,0.004494539689566812,0.001020866586373348,0.006551469602756654,0.014089936811293002,0.006115846578640838,0.005079509833066709,0.0001768439765355012,-0.02357455835993416,-0.01237128140624455,-0.020516699706973784,0.004386013630047536
2019-04-17,-0.006194973477086196,0.0018355692945932756,-0.001331372159673605,0.0025592740724902363,0.001293171758933731,0.005571927547995514,0.004952300402433885,-0.010387568597582164,-0.0038274208455418846,-0.028758947962638337,0.0019315275068931825
2019-04-18,0.001211797242883339,0.00061079079247639,-0.0047398974024662754,-0.00291771313611755,0.01149572301227697,0.0028354784000983457,0.0008797878607880172,0.007943206860908658,0.0005240807047832696,0.0016318339818042205,-0.0003354953844174613
2019-04-22,-0.006744965233227873,0.004476093776943024,0.021134064631585847,-0.0029259325245141188,-0.0030643548366314777,0.002312864927560998,0.0003518159416668887,-0.010976478480304697,-0.0008729827127397227,0.0005822775151660409,-0.0037727953063956265
2019-04-23,0.004527408867586624,0.013368525617867055,-0.0016034054477603865,0.006236231713075302,0.00870981122407799,0.01089759691346548,-0.003164179586824245,0.011383095658359377,0.0027954385563333517,0.015819224531451903,0.01195085617471614
2019-04-24,-0.006240607550243249,-0.004597282267615244,-0.01751786105457931,-0.0010939618008004581,-0.0029207311100971634,0.0003802360492204393,0.002116365065192971,0.007034361971260061,0.0064459403641634605,-0.0011450627971826277,0.0009148003212180456
2019-04-25,-0.012733253586222792,0.011244979919678766,-0.003120537494755826,0.0018250015436818146,-0.020122102621961013,-0.0002534286757893689,-0.006334635151284629,-0.0011175552229908403,0.0041541541829226425,0.01031757648157905,-0.005234946085161951
2019-04-26,0.008303912636126398,0.007942649624074205,-0.012967528115079396,0.009107353689155717,0.007538062631770259,-0.0038041448409710243,0.00903114743090172,0.006713103054062586,0.001551669870725414,0.009985238474153668,0.007935366007264744
2019-04-29,-0.0019275044130722119,0.009062255200801728,-0.0009062362727437767,0.010108614446542097,0.002322101550990885,0.0002542541296393086,0.0012283734916869182,-0.01028057742778632,-0.005851938676666557,-0.001797346847345338,-0.0034805745393405862
2019-04-30,0.008602857150356913,-0.022451812030873985,-0.0007558819015501816,0.0014292692648820715,0.003989634785318774,0.0016544542342606938,0.011568863921514128,0.011510322151349506,0.016447352481668398,0.004614314998920399,-0.001496778589867076
2019-05-01,-0.01810279250276592,-0.005192810654426228,-0.0199667318878477,-0.008208161939788572,-0.006537577615990164,-0.0025407925167365564,-0.012303014813268565,0.0,-0.010219914195867652,-0.0017921200501636037,-0.01215987982365141
2019-05-02,-0.005141084970131771,-0.004015503368956064,-0.017440840708104144,0.0010794768239608121,-0.0005159350102839078,-0.005222202794127884,-0.00035069102016482834,0.0019426611178505748,-0.00223709007838635,0.004264373176829039,0.0007591142543028617
2019-05-03,0.009800587499279034,0.009675469849821816,0.009267953480980307,0.008986227072155684,0.012135367949659637,0.009475084026743685,0.007546656292013898,0.006925243368592904,0.005519357103713762,0.007599875889782615,0.011794533058161027
2019-05-06,-0.01429328339759195,-0.0015971253699403887,0.0009337783873399896,-0.0067688532681811076,-0.009566436226830621,-0.0077374610507405794,-0.0015678395854236138,-0.004126170577301913,-0.005489061015803487,0.005101686868855593,-0.0060783190128920195
2019-05-07,-0.017543896938973846,-0.016196721814655812,-0.008707867640085798,-0.016499148625030546,-0.020218705606395937,-0.021474752144110987,-0.009944227552036722,-0.0171271794506348,-0.003104454283179847,-0.019201195336002175,-0.01516311596455644
2019-05-08,-0.0009107438203274087,-0.0016260163950845286,0.0,-0.002188165735826031,0.0,-0.0011759364064797273,-0.00017607744167724704,0.0,-0.01366786343363946,0.0021380947047793253,0.00034035133357646075
2019-05-09,-0.007842857020262772,-0.0030537046260941114,0.0,-0.00219320306013826,-0.0014462015712984888,-0.0068010942858505175,-0.002114840531124984,0.003372860224907459,-0.0012278292202385632,-0.0021335330091498683,-0.004081720400078925
2019-05-10,0.013602970360577782,0.002858976685759629,0.0047060043737297,0.00659367251822629,0.0039489058875425975,0.0031605928368523273,0.012186571497526444,0.011484525793787892,0.017913720022374013,0.00033773145712490127,0.0014514068151501025
2019-05-13,-0.02248817751735721,-0.030950842076080454,-0.01717411697494997,-0.02911223549053321,-0.028451172713243933,-0.037673481917596674,-0.009422649390312343,0.0,0.010697053843504722,-0.0187832960557498,-0.029755178568359186
2019-05-14,0.008534433195320323,0.0056733314049068895,0.012231921615027064,0.007871041036032977,0.010391029952971254,0.016095428875152695,0.004756221099955438,0.0036000343178346217,-0.006657503654367236,0.005043849787259802,0.010105368278222837
2019-05-15,-0.0025756249565187517,0.02235700216670944,0.005178951155911271,-0.0037187433523737656,0.001335603120061979,0.010874149925433674,0.007889000564627935,0.0066224020069780565,-0.001718635233082244,0.0029652003288713757,0.006785564260285648
2019-05-16,0.014017072916143736,0.008787938329993805,0.0054646628015524445,0.010078588787871823,0.009203871344950487,0.009163231605468392,0.00782733132398028,0.005756620470421803,0.006713579736376207,0.007846255653315204,0.009245869622617642
2019-05-17,-0.006002168020552978,-0.0072934376512522325,-0.010093467037507353,-0.006652150367615017,-0.011102418607994435,-0.008027654837458709,-0.003278981911576384,-0.001362447237532094,0.005130014665991611,-0.0021439313134340443,-0.007619968180765602
2019-05-20,-0.014272419000087577,-0.01653048864870288,0.00047051003369813493,0.0011161028003747742,-0.0025391588420603517,-0.017378458496000615,-0.002424547181212322,-0.016102943450456042,0.0013612209167852551,-0.000452159870811486,-0.007074629932696586
2019-05-21,0.015407297525908525,0.010998174284770013,0.011602537078469366,0.010405211174575157,0.011791192721056998,0.0122858979591971,-0.0020828238834622592,0.008321548429967462,0.0018688020074872913,0.009389578606199933,0.006951067763145691
2019-05-22,-0.006946953917512766,-0.001026314389224403,-0.015499227178375263,-0.005884547203548585,-0.008210690317887903,-0.005201882371396183,0.004522683734576649,0.004676936848120539,0.007461505733546314,0.005715054863967506,-0.01026810152459734
2019-05-23,-0.015279904641659514,-0.013971645191712012,-0.03353245494152923,-0.0140585780260426,-0.015222538189653134,-0.017562193172363627,-0.00034645484291828677,0.0049288700172192,0.008584232441480433,-0.003454338233122911,-0.012380340374135268
2019-05-24,0.0056084364300745815,-0.00020858940901724576,0.003746284951158918,0.00787973769014183,0.00040674269941498586,0.00027268458640405946,-0.003637643306498295,0.001362404443150389,-0.001501971277926284,0.0014539250637422008,0.0013242888818434384
2019-05-28,-0.010038801383710494,0.004377037138447948,-0.010386099808317284,-0.011541192231820485,-0.009216486780152078,-0.0028650672349962436,-0.016341938536878375,-0.010340225614345444,-0.01637979618198815,-0.01429219997360165,-0.006611970633848996
2019-05-29,0.00018754268949749964,-0.009753018029859173,-0.0063956789236694345,-0.0018834288361196938,-0.004514070367512613,-0.005882739954509941,-0.007246550467645552,-0.011547797570033436,-0.013253920190323232,-0.009628245165460236,-0.008874904229209224
2019-05-30,0.001690044696311066,0.0023050701876932145,-0.01270836048176005,-0.0033959117590459664,0.0038474667788481742,0.006192898111085476,0.004272766766227676,0.006119666534104784,-0.001550066156578489,0.005490072436364679,0.006536881133580641
2019-05-31,-0.011246801120640915,-0.01547154611927204,-0.017552281589031327,-0.015145652616442407,-0.013688906286342895,-0.01668688595642831,-0.014182014001779097,0.00829427212304723,0.0046570086917192555,-0.00716670033290423,-0.013077516298804714
2019-06-03,0.03146953737877656,-0.03142926622680531,0.012761449149752524,0.0065356834334950875,0.0068004095983107415,-0.017527107300765565,0.012587844346739763,0.0038387760340694577,0.009957116650560982,0.002406078509979981,-0.008382762377436181
2019-06-04,0.028119706480974616,0.02148678752414024,0.017305015981105898,0.027119925763912756,0.023849022440459722,0.03341371894813805,0.009056973027675053,-0.005463342637674784,0.0008497273542782402,0.01657348926142377,0.02708846547392252
2019-06-05,0.007329244175575678,0.00042927661238967296,-0.011065356739881405,0.00632236575044165,0.009694512499037078,0.013015778721523263,0.011439588075493168,0.022796154035888527,0.021399332251759606,0.007533225572106783,0.004956273863970573
2019-06-06,0.011890098103727542,0.0042909241305228996,0.01853731897255395,0.003695138407761478,0.0017333684545413064,0.011630989386075319,0.010440366720070537,0.0018794103507020488,0.006152499156989455,0.005133192249354934,0.005107800967365739
2019-06-07,0.00894401087598129,0.016235932130780784,0.004590639421719889,-0.0014725817826848342,0.007987518484988465,0.018582754395974677,0.009643558677916664,0.0032164025350227554,-0.007436866830906164,0.010436802483061669,0.014457189594367703
2019-06-10,0.0017382727358408179,-0.0008411233721418165,0.002937841261311913,0.008480956547201046,0.0013206098249576304,0.010237686704568594,0.00034101957483723133,-0.0034730767949968655,-0.006826443466315668,0.002966362943519929,0.00846448834135316
2019-06-11,-0.0006940720327123229,0.0042079547876126,0.001952738493418149,0.00036550822083025736,-0.008573319435631777,0.0,0.003239521964205183,0.0018769044637012566,-0.0060353177144539805,-0.0016433148190614366,0.003853898575504333
2019-06-12,0.003299055632439707,-0.0048185582233326585,-0.01412995381038773,-0.009868458750783127,0.0021286187628097863,-0.005586720705333725,0.0015296581594432812,0.0037461314351112662,0.012987062862760634,0.00482797842718119,-0.00025592170931854064
2019-06-13,0.005884601682408563,0.011157333206819997,0.01169685135165821,0.00332219157580238,0.00504484476732725,0.0030047504198882358,0.0022058889482095,0.0013329842811462544,0.0019979603365067877,-0.0012009368848568958,0.008960801488361092
2019-06-14,-0.00430167991291619,0.0018739569118255694,-0.006513679477690548,0.0022077278164334135,-0.003962578458974408,-0.008727275959233727,0.0005078051401088413,0.004259755818418531,0.010468770494697965,-0.0022962069314218514,0.0021990587151359264
2019-06-17,-0.009158391935222943,0.011429972973596714,0.00835909760664899,-0.009177882626602907,-0.0034479955032160614,0.0007887003543867177,-0.002876802026642755,0.01086956730162325,-0.002795846202559793,0.004493141488935981,0.00042165396890880835
2019-06-18,0.007848262025933916,0.005547523062324089,0.01381687660646369,0.013338486916650627,0.01942790105981329,0.018119732942717626,-0.005431174671139405,-0.0028845781766779766,-0.004122762283585657,0.008509717641184134,0.0075926759140449995
2019-06-19,-0.005537582173814282,0.0012259075916263296,-0.0011224557941676983,-0.0018284964730564957,-0.0007832278295570871,0.0036109909891790526,0.004095664276163147,0.006575199797233644,0.00761739055298416,0.008978749182952717,0.001841855015206173
2019-06-20,0.012702386271267407,0.006326489481526032,0.022150901534476963,0.004395808265456269,0.01672117552358321,0.014649083966453702,0.008837521510085322,0.0060101226234603455,0.0064092249682086155,0.004396107980543684,0.0069361402807011086
2019-06-21,-0.0031803817923973243,0.0042283455629319455,0.007226421426447915,-0.002235971062371722,-0.0053291943495268335,-0.004728172515698237,-0.0032422775712643848,-0.011179065881267602,0.0038679556443848018,0.004802449091073191,-0.0046303602149162515
2019-06-24,0.0038148089446081723,0.002429190518530966,-0.008968055285200172,-0.00404112130431411,-0.0019464841671152922,0.0019157167327428226,0.0025546861781735597,-0.005030449758926969,0.0003279423216588917,-0.0052278134629289985,-0.005354792539661868
2019-06-25,0.0005180046250412573,-0.018578388718827665,-0.007937716173421205,-0.003319932934877312,-0.007539269008980498,-0.01835350855781792,-0.000509619780407089,-0.013570870454873485,-0.006064712586064669,-0.004075541915593783,-0.00958940189753188
2019-06-26,-0.001726417048773965,-0.003909369926150985,0.01536246010727127,-0.0018505063476056405,0.0024887644296036626,0.01077681221379767,-0.014276164356289978,-0.01942308943106219,-0.021767646414218245,-0.012599649665307355,0.003227622709214506
2019-06-27,0.0032860541720756142,0.0070231087873493525,-0.007407537118080398,0.008898817609060528,0.0009145900585327826,0.002569172713909218,0.0018967401661018624,0.008253657996034391,0.0013485399900659,0.00698024447299983,0.006264593104935434
2019-06-28,0.008446958779103175,0.0096411398072207,0.011590957729025408,0.014333001724128991,0.010572744603770445,-0.0001281813022888656,-0.0006884322192558523,0.003274006366968285,0.0038722074870651824,0.003357369553286249,0.0028606467470342345
2019-07-01,0.007692261133820155,0.008126776219620435,0.0009418134958281144,0.011956527114195703,0.0009041945300520826,0.015888947571275347,0.006027185491016773,-0.0019040003653308935,-0.0025156632097179665,0.004965474715381113,0.008808652649738846
2019-07-02,-0.001017973671795791,0.009270679463241116,-0.01599495024003128,-0.0025062221185601086,-0.0012902413453406147,0.0026488208183594875,0.008729880609489316,0.01852871733499528,0.013618287898952142,0.005370391568737309,0.002162032957730764
2019-07-03,0.005094461161562647,0.005191548863040296,0.003984161977742318,0.007896732830990238,0.0055557664179772814,0.007674056215722924,0.01238740098578428,0.014446302293601221,0.006966122019305576,0.008547075041054564,0.008713169124943576
2019-07-05,-0.004561716176589403,0.0013904933682762355,0.0014283526854299566,0.0028490410949180145,-0.003983302252532961,-0.001872501352586653,-0.004357788046578603,-0.005538142960628378,-0.0004941046968628404,-0.006885674694750765,0.0011515385859059979
2019-07-08,-0.011540906983214305,-0.00892680844380489,0.0014267268727796711,-0.004971965187934968,-0.008256819966547813,-0.007629900568210557,0.0013468093106008272,0.003712698816537685,0.001483201985213567,-0.007466347930936368,0.0012326242221545325
2019-07-09,-0.009787143367209317,0.006205237833755817,0.0007912776533212096,0.0017845415604660353,-0.0022117544743198714,0.003529191760709871,-0.005884308097611091,0.005284038058168239,0.0013164405998675743,0.0009671750634741016,0.0010668882485918019
2019-07-10,-0.0020808324421273117,0.011338491811183848,0.01281030361891844,-0.0035623393958524874,-0.002346754937776141,0.007912628751898243,0.006426439927860628,0.005518907217144209,0.0023006455837186746,0.0034352357617719598,0.0036070966398653592
2019-07-11,0.004343980351445342,0.0005899963062145908,0.002029986135710926,0.0057203369154053,0.006795795345719613,0.0037380021578741207,0.0025203890049994015,-0.01280702086720642,0.0003279423216588917,0.00021449427657782572,0.0020422469361827122
2019-07-12,0.009861649071074563,0.007273531375140196,0.004207901125650837,0.006754446333172792,0.017523588872731644,0.007324864414190113,0.002849708189911926,-0.003971517697705429,-0.006556464802189077,-0.011125466722850863,0.011494266537174003
2019-07-15,0.0006855423726819243,0.0001952891519378941,-0.009000843887023713,-0.005649640584513782,-0.004082606168776759,0.003327401105708949,0.002339938979063483,0.001329308593582379,0.003959981206394847,0.0021635124209431478,0.0032236442889315153
2019-07-16,0.002396781639991241,-0.0023413434462290494,-0.010648217517883696,-0.002485982593967484,0.006404370130606685,-0.009335339757270633,0.0003334640364285324,-0.0015927732643699066,-0.005751807310356072,-0.004965197288727796,-0.0012855355931894463
2019-07-17,-0.008881216528666913,-0.009388069685554057,-0.011396074608714613,-0.00854385042674144,-0.02138228883173343,-0.002604025792159903,-0.0011667350633161044,-0.005051976818463699,0.0038014141674533874,0.00021654321380060182,-0.009571983315073251
2019-07-18,0.004307746312566696,-0.008094575336729193,0.0001600133131076653,0.00754034087032962,0.001820965385158857,0.007459052791763954,0.006675302044742315,-0.000267321004392862,0.008727058507721486,0.005640054683442974,-0.0012991698037829735
2019-07-19,0.002230966039647342,-0.012937943510636263,0.0046423032113731555,-0.004276762442808613,0.005452524374765844,-0.004318724440630306,-0.006299659902760046,-0.01630563459646983,-0.014528040906616857,-0.01035331493364089,-0.006587109945450975
2019-07-22,-0.0025683865953554097,0.0038314059819437585,0.0046206863632296535,0.002147798463928652,0.0007746765310496784,0.011525523022205997,-0.005838922451119166,-0.0010868440456468509,-0.002153205048950557,-0.0020714309921815444,0.0005730408581248181
2019-07-23,0.020597450465442035,0.0038167005253515462,0.002696418592862182,0.01035712674725553,0.012643475263537152,0.005513286868630507,0.007215807167765043,0.00979315002006409,-0.006308244545236152,0.006225133939689487,0.006790366682584592
2019-07-24,-0.0006729752150449464,0.008805240175811413,0.0042708036401859495,0.0102508797151033,0.004331885213448627,0.008285734405577339,-0.006664332944261386,-0.00080825100359605,0.0008352538773972462,0.0005425229688977851,0.005038413666302866
2019-07-25,-0.007236376022299318,-0.002578782162670712,-0.011340349924582882,-0.006998070851667815,-0.002029747963690709,-0.004108675865637568,0.0013417629435328315,-0.004313771999253757,-0.0025038275395891096,-0.004881174299377178,-0.0055790880517975205
2019-07-26,0.0011863859800449461,0.028639691019388236,-0.005097949885351172,0.010923334597198187,-0.0021609326068680046,0.0021840166635875846,0.011222636904777872,0.003249378321928731,0.003681613729655142,0.0035971044989673295,0.004553323790677188
2019-07-29,-0.0033862602256347074,-0.005607201837217524,-0.004003384012602251,-0.007668280711690012,-0.001783726182955081,-0.0006056758887190705,0.0018222025665732833,0.0037787706699841106,0.005168463896312092,0.00412761245254889,-0.004856406070664954
2019-07-30,0.00662590723937817,-0.004666456604321301,0.011253846982137938,-0.0028098614983153025,0.00433907287588875,-0.006420623033731365,0.002976019653284423,0.009948893616911647,-0.007630011978901119,-0.0043267414434684515,-0.006750799909334804
2019-07-31,-0.015358512855237594,-0.008009503329164613,-0.003179366261292893,-0.004931304139668913,-0.011181786493751233,-0.015120081043650035,-0.02027672058887775,-0.003993849443835629,-0.004680050382632417,-0.00988599044319205,-0.011464107868609186
2019-08-01,-0.005656646912285401,-0.0047261087371536226,-0.02264741988038732,-0.022654866279387176,-0.0194035002688685,-0.005076247941851686,-0.003533493776895491,0.002405701150471673,0.010243556524132558,0.0013166233306745045,-0.01358505198016946
2019-08-02,-0.011721873392826043,-0.009695256928781038,-0.01436027902798076,-0.00036227096581420426,-0.006421093220380536,-0.016301812171987673,0.00016884359621771594,0.007733667160876534,-0.00016607694877779355,-0.0023013193511246532,-0.008229735121707105
2019-08-05,-0.01883870698166734,-0.03236772058490256,-0.02980165866103679,-0.03333331501829628,-0.02769747249179777,-0.0417458006916146,-0.026000450841037304,-0.01905264836236631,-0.014297743200354485,-0.02350342065868971,-0.026841868930856605
2019-08-06,0.0012447982192034246,0.014453825185207547,-0.0011944944808454094,0.0161169976811808,0.01505739957960861,0.01663354681983753,0.009013747512752968,0.012408928962267751,0.012481141405072504,0.012934424356111585,0.015226890680483107
2019-08-07,0.013849305885369256,0.0012211457581827734,-0.007517319017739332,-0.013279332180846204,-0.0005343057029624232,0.00623327416852093,0.011681675403173442,0.009325815133272242,0.0024986654890408744,0.00033312688091369225,0.004027907421103372
2019-08-08,0.0190892930021056,0.020126027571470306,0.028748481931001768,0.019065437000389984,0.01698078840838413,0.024519175779150748,0.012905495100650866,0.015839621894485623,0.010302263596716266,0.013319781936366848,0.019291563655258637
2019-08-09,-0.007904969390582717,-0.011159822593387547,-0.011044281555245616,-0.003301585586000799,-0.00841478381685723,-0.01133619972885802,-0.005532285570977291,-0.0002598327907614717,0.001151617423372553,0.0012054146720315018,-0.009379264828679568
2019-08-12,-0.015589643421690669,-0.010681185231951273,-0.011844237697187121,-0.019138697991572196,-0.013789598444211015,-0.01312268290544949,-0.0067431287794568195,-0.0007801362039345783,-0.0019716100827743555,-0.009737715941309566,-0.014540697873506092
2019-08-13,0.010733395489252562,0.01466693569087929,0.00924649350335316,0.0123827447330902,0.011965610816427663,0.02504519472919764,0.011371593846365435,0.0005202687003338369,0.0006583209113801836,0.013037246056284868,0.016470843655901568
2019-08-14,-0.03168518239476181,-0.03553491452528479,-0.039192334291526354,-0.03706443310992891,-0.030556682923386203,-0.030730704045874524,-0.015774588545740542,-0.015600566779959912,-0.008224604044128503,-0.027811099866885014,-0.031310828400514024
2019-08-15,0.00035956151885407905,0.001665363217294491,-0.006180511873233319,0.005003749935583057,-0.0010962006816163106,-0.0018194293897535463,0.015004118228547414,0.013998933413393644,0.012937072598884214,0.003477614532305884,-0.0016553234462347577
2019-08-16,0.017613203098644004,0.01288451409781688,0.013148509363893002,0.017617678812818838,0.01934420699357431,0.01900590972545868,0.011422804767828643,0.007033117691930713,0.005076293908578666,0.012297599553159344,0.011344966604276197
2019-08-19,0.007947674419502393,0.015592726402491985,0.02209740709394481,0.010161975854952487,0.009421061099216699,0.015201832694740514,0.009965409940727143,0.009053292314972206,0.006353859768543524,0.009607927711160258,0.012597964928532823
2019-08-20,-0.01173976987694958,-0.006666634304497321,-0.008407728039957374,-0.01341275642544748,-0.005866540794526975,-0.005033498600838349,-0.010853728472630886,-0.007433942888158573,-0.001618929983963957,-0.008532167985379813,0.00025577365005369224
2019-08-21,0.0051418091764952045,0.003864381936609096,0.006402790965693184,0.004531701415764866,0.006169623127596724,0.011761968420663571,0.0026601085489914578,0.004132112703777002,0.006648307508947626,0.0073919116751242075,0.019253692188972105
2019-08-22,-0.006703109022717979,-0.002228596214587819,-0.00447070394952187,0.006766764448184359,0.0014665276026553098,-0.002375170498793877,0.005305951019791255,0.0048868337441736465,0.0009666287550487151,-0.0049281220923812485,0.0002508102070273299
2019-08-23,-0.024152053470669288,-0.02741135229464786,-0.0335060444094214,-0.025391864517182783,-0.026754003643611468,-0.03307881743922381,-0.016658349341644785,-0.0125416273186022,-0.01062120918591225,-0.02311261802987863,-0.02657305523758946
2019-08-26,0.003275828602703701,0.015031481775447553,0.004289080838350889,0.009578423848471962,0.007385310583946758,0.013865516073853668,0.012411900183303626,0.009331287586247017,0.011548322085385143,0.010477604694247855,0.00987224004489784
2019-08-27,0.0007252766648595532,0.00185114170351941,-0.006227799842376314,-0.0060721886344604625,-0.005158956973630779,-0.0015337169436150377,-0.0028165080061784975,-0.0033383547581337103,0.0017688038515035753,-0.005909170231765737,-0.004930492974923761
2019-08-28,0.007794143770888828,0.002463349709121321,0.014324099507711852,0.009163762613698001,0.012281742532347817,0.0008961547408181669,0.009636323373404254,0.002834412999656255,-0.002728669400120398,0.007290062047824231,0.012472396426520316
2019-08-29,0.012769930314314726,0.015564323710909767,0.01465145636566878,0.01513436029626769,0.017120547986084533,0.017393687129162227,0.0004937613278741537,0.007194175629630095,0.0069210091447913236,0.007571546704590926,0.015018362064351587
2019-08-30,0.0067483439076538865,-0.0012099003885365223,0.0,0.0033544997443992752,0.004108761261121474,-0.0002516304339531539,-0.0013160970781774806,0.0002551214050825479,0.00031963705960391664,0.0012159767453441273,-0.005984871789208146
2019-09-03,-0.007938168233771359,-0.00989304177444894,-0.004871617162103381,-0.010401169216125106,-0.013595661867122466,-0.012196613848632798,0.005764216796273702,0.014282178687429425,0.017737158798329045,-0.005849910728013441,-0.0040978989189901505
2019-09-04,0.01226893726883227,0.019371965980362615,0.013986125065386545,0.009759973625781182,0.012712326407343433,0.01705748076238489,0.009006056248469285,0.008297438492601117,0.0009424154179578093,0.00066598945374019,0.009908677044678127
2019-09-05,0.0015809869996645798,0.01700324186291735,0.012413952997076372,0.020445967318344138,0.017970688533265555,0.020900709826253028,-0.006166754660228868,-0.008727829313488256,-0.010823660658919265,0.009874359856138604,0.019123722114115393
2019-09-06,0.00385829608788657,-0.0021633197894533884,0.005279269072164139,-0.00036406687560464057,0.0020767977529208004,-0.000858251809830457,0.0032657840518544035,0.0012574754560010781,-0.00396441763338562,0.002746841353628904,0.0024474190565173526
2019-09-09,-0.005241236959720563,0.0031535492100109863,0.019989697093311998,0.015305851760947453,0.0029789338392369746,-0.007484298298121361,-0.0022786964893878325,-0.007537540760884309,-0.004935590883632712,-0.009203143568870753,0.0038252517250620954
2019-09-10,0.00983509876593347,0.001375785738837676,0.011792221391922375,0.0035892684931151386,0.009169760254417403,-0.005068617410094678,-0.006198946720788134,-0.014683448211714634,0.0012799262193843308,0.002874938789013015,-0.003972646845666006
2019-09-11,0.00956529493480529,0.005298021289906529,0.0009846905924717486,0.005722693659461875,0.00934194925069809,0.010437500414872902,0.0036114271782752283,-0.0023126111394979887,0.009907462715974757,0.009923909295724176,0.0018720186299747699
2019-09-12,0.007751890701375608,0.0029279217686015713,-0.006231572774179961,0.005334122032804478,0.0006339949997193894,0.005410497900778077,0.004088757286523803,0.005923397469284275,0.002215248196187458,-0.0003276555603933806,0.004793531026968445
2019-09-13,0.010939968560835345,-0.0017515451756293654,0.007920923221542697,0.007782053458224247,0.005448923997176447,-0.007338626109637203,-0.005701084146682245,-0.012033009452014132,-0.006315428610149554,-0.0005460532680764407,-0.0020213428969747538
2019-09-16,-0.016401636268313147,-0.003704415116192572,0.033562467130850315,-0.003509899203889,-0.0008823092962437773,-0.002464193497234146,-0.009665793216502627,0.01036548678254623,0.0007945299610550016,-0.0021855000381023615,-0.012801927594811802
2019-09-17,0.008079699542607788,0.0009784833293204898,-0.013939459483465089,0.0010567243818166983,-0.0005044225301713556,0.004076243173685157,0.005458768189794183,0.01410657845658525,0.008731546195989148,0.0015330601033680669,0.006073657172618319
2019-09-18,0.0005119012760335107,-0.001172920731069338,-0.0048193460425239865,0.003518543857355505,-0.0015145685354618355,-0.00012307235190567312,0.0016454757409969378,-0.0030352518483494073,0.004249250765048007,-0.000109416969616416,-0.0004896554098792194
2019-09-19,0.0017043469527355803,0.0009786747435036602,-0.0025826310352532467,-0.004558114824598891,-0.005055502378442767,0.0022142804006957117,-0.00016423979639657027,0.0032975227924334494,0.004701445038318264,0.0047028212524122814,-0.0026933992081272784
2019-09-20,-0.0023258688834746355,-0.006487564658234524,0.0008167242266789998,-0.005876922896130066,-0.0063215285968376556,-0.011661416202431663,-0.0031731514948089012,-0.004250482352333607,0.003961297718284351,0.005574335712871692,-0.011462711496047384
2019-09-23,-0.002399656814855211,-0.003550848238150661,0.0003260872667958381,0.001780599881851197,-0.0019278541509545333,0.003115061529603169,0.003979009162967673,0.003578709686902215,0.0001566188004418212,-0.005326066968378784,0.003488728884578629
2019-09-24,-0.008590999419250345,-0.015046780914632074,-0.01582350564499313,-0.009598087600412364,-0.005665613015903959,-0.009688502036131919,0.004128124772552422,-0.0012736004783565624,0.011740622857749017,-0.009179356623677859,-0.010678028225043268
2019-09-25,0.005199145938591165,0.011457381845647596,0.0016573042139904626,0.00825534448549492,0.006474840895558387,0.011915395771407766,0.0006577248893389065,-0.0010201675644162522,-0.0006191806395386967,-0.004852896315788335,0.009119886838955038
2019-09-26,-0.002241245348611809,-0.00973743462270038,-0.01307286254227702,-0.004628049861762351,0.001415636776654683,0.0011155601944439208,0.005587508519838247,0.009701458676415697,0.0052643078927092635,-0.0055408898876608825,-0.004311432711028296
2019-09-27,-0.0027650278727494593,-0.011238635851221424,-0.00016752707606759731,0.003934256026288052,-0.003983229195911098,-0.013371305765057517,-0.0011439447224803612,-0.006573872437653061,-0.0035424900656286784,-0.00445809450118273,-0.0034974441030545256
2019-09-30,0.00849090099644112,0.005074283452294104,-0.0072115148175866395,-0.0024935897987191646,0.0014189611801369573,0.01054073689673074,0.00490806540298383,0.0012725673118743064,0.0006183664731183036,0.008955447676878503,0.00860706718186921
2019-10-01,-0.023539380259190112,-0.010096837876557574,-0.02314187358576114,-0.021071677049367743,-0.02396008013385753,-0.009313150515221746,-0.002604697522034072,-0.008642556245559652,-0.0023172068060367534,-0.009763754215936449,-0.008367981393068824
2019-10-02,-0.017948414361823595,-0.015095911698672637,-0.024554493251364273,-0.02043039805812552,-0.01887276881646216,-0.018801805881220934,-0.02007832352364658,-0.006154084977086027,-0.013314449722240829,-0.01456597220728617,-0.017962912491938376
2019-10-03,0.00358345061644072,0.009734641822342072,0.010813596252215785,0.004096820601017237,0.00659182165705241,0.01226361657682351,0.00699652572138576,0.011867857641370216,0.0023537834498708055,0.008982570611880902,0.00484954025712625
2019-10-04,0.0053562548165524415,0.013538649725663765,0.006313504874938536,0.018546034217590712,0.010423452694997337,0.016532306270421016,0.015715343976865137,0.00458997749902923,0.013932357852862953,0.01566377312861955,0.00939789009098857
2019-10-07,-0.0035518636277160898,0.0,-0.008888196691061112,-0.00509835765112765,-0.005025732966995933,-0.00422150663338805,-0.008143298418430533,-0.0017766680981246008,-0.003860125831002814,-0.003328449310650461,-0.0043618356079065945
2019-10-08,-0.01746542506743365,-0.01619095503173107,-0.017056199560113283,-0.019765788362506864,-0.015419600947225498,-0.0183266846500022,-0.009523959865694764,-0.004831295821068782,-0.00929920308055332,-0.01903589023152341,-0.010530715147042846
2019-10-09,0.01124594452435157,0.005965768487124157,0.00912342569872271,0.009335345486739977,0.008505209805465874,0.014859080228498467,0.00762603328089928,0.003065915421067489,0.004849850864583782,0.007262811117243917,0.008514356827098002
2019-10-10,0.009147981489021628,0.005725898711003818,0.01258634236700873,0.010358688621901146,0.009103307282906536,0.006882767866104755,0.0019744473800522577,0.0025472614775496893,-0.0010898232798003393,0.004957035406008892,0.006669438356520008
2019-10-11,0.019374180659572637,0.011793251354007328,0.013480214001617252,0.012449971942458005,0.01883805550568307,0.013795695024289234,-0.0009852038480657743,-0.0033032254606067957,-0.003740696752809969,0.008296118808218234,0.011321820283472173
2019-10-14,-0.007148961768833062,-0.0022101926077480183,-0.0005180408687942561,0.001446507894833804,-0.001953317552112588,-0.0006130265925139433,-0.004930877159480818,0.0015298651987618594,-0.006414594631125037,-0.0004448824760887593,-0.0004975632057935275
2019-10-15,0.007024900834814662,0.017119530725666188,0.004147808780208706,0.014445664300194894,0.008088880452229441,0.011040257405398934,-0.004294877681601861,0.0007634920074328644,-0.0031487356048164328,0.018242510975172266,0.008794391236759624
2019-10-16,0.0020927308305469516,0.0017821040832783908,-0.0139413287692558,-0.0024920445561636972,-0.0005176652300716844,-0.006915765005165886,0.0009954123167528195,-0.0012716568866195654,0.0022111729145186665,-0.0013108536914860913,0.0041122593340483515
2019-10-17,0.002610658730155091,0.005930100726737386,0.0006982243727633453,0.0007138574657414853,0.004920421619456938,-0.0019550335385207784,0.004640462773188192,0.006620926586051068,0.0025216791095805657,0.007438138695940344,0.002621199734903934
2019-10-18,-0.001735932458010958,-0.011593630110462994,-0.005232804614560216,0.0024962576121867475,-0.008633315229495842,-0.00954796399627078,0.001979433964621302,0.009612744511107829,0.0033015577670192364,-0.0036913327370238225,-0.0019608592002567926
2019-10-21,-0.0031296280582149283,0.005964208930278492,0.017884854414862206,0.013874349885458104,0.005978850789498669,0.010752694606239732,0.003292638787602664,0.006765217989762151,0.00391714711740887,-0.0010900531349766762,0.003519720214793187
2019-10-22,-0.004186418330626496,-0.009683712864298588,0.012920202373371437,-0.0028070353763142153,0.007881054885077843,-0.013450767971144195,0.00032845861752561767,-0.0029863222891053365,0.004214122774383489,0.0021818337511745334,-0.0063623411365818505
2019-10-23,0.006305989070665152,0.007782796550763749,0.008333621346264364,0.0042221779812861016,-0.00012778158360138292,0.0008674245621671517,0.004593191326213608,0.0017473380082435597,0.00404089115905526,0.006205259773332861,-0.004596637594397657
2019-10-24,0.0031330471095722956,-0.011286820113694529,-0.0042168913589911705,-0.0014013243364613404,0.0014097944885764768,0.014613024554130272,0.0034290317132117387,-0.003738204430331127,0.0034056658394800987,-0.005085209307872263,-0.0004948805631197484
2019-10-25,0.01093175586587991,0.0078106893328020455,0.008130254167714845,0.004912236279835724,0.006273340838616193,0.012083648619541032,-0.00585853658716573,-0.012255727001895034,-0.010181887660761668,0.0010875902088491873,-0.0011552042183208266
2019-10-28,0.0030895629079250586,0.009340398641243697,-0.005712331201628507,0.005237350782991257,0.002798820562468718,0.012662604450454307,-0.001964205307073308,-0.010635775923015456,-0.013715791043596215,0.010319352984945462,0.003138999664710207
2019-10-29,0.006160242670542937,-0.009056922024118008,0.004055292183684278,0.0024314529707716304,0.003298924319869556,-0.009050586438755337,0.0,0.002559405607315046,0.0009482530159556912,0.014192138636469842,-0.0056818937376298395
2019-10-30,0.0008503632203409328,0.0027816863060963204,-0.020363406080007307,-0.0006930798294276785,0.003541039170336102,0.006129108085022983,0.004592512762041645,0.007403540451295099,0.008841018562961267,0.00561859792724273,0.006211199229668507
2019-10-31,-0.011215094869525544,0.0029717771739528054,-0.004294864979071944,-0.004854325758650968,-0.01071081431002785,-0.000597572621458542,-0.001469323956984292,-0.003293952107872977,0.005477185058387679,-0.001159478058595509,-0.005349730845405021
2019-11-01,0.014091973199149788,0.0065193729380885745,0.02277416521209319,0.014634165757998696,0.021780523579592925,0.011952137059426882,-0.0001637126469354877,-0.0025432101659292883,-0.0024902083423433696,0.00126617337949253,0.00661970285801039
2019-11-04,0.007795264052776751,0.005495354253289175,0.03255763817631396,0.008585183111022632,0.01159324905526593,0.005196205751983651,-0.009648317614197488,-0.011215579320079438,-0.012794360090719437,-0.0030566640221741936,0.0004931613521064193
2019-11-05,0.001681419372467019,0.00039053865384874875,0.0013069334293549506,0.003745232319917191,0.0020945984095455117,-0.0011746787054642827,0.0033023500583913012,-0.017272624198727105,-0.010273441767222558,-0.007083814722312232,0.0014790201581014184
2019-11-06,-0.000671657821480709,-0.0035122865016045113,-0.02039492598967607,0.005088338168524276,0.000614880930869699,-0.00047089867989857925,0.004114611763978759,0.003672901694561137,0.003832467425443964,0.0034071485253843736,0.0010663902451724105
2019-11-07,0.006719485096658762,0.006265967053469268,0.014989927508395118,0.007424881704775288,0.0034410715584887175,0.007885214868377899,-0.00344188497591591,-0.010716247270899038,-0.013521968843952514,0.0022288015997176114,-0.005982443619707234
2019-11-08,0.00400457778005836,0.002724310039386335,-0.0041022947219016,-0.00033511882854420083,0.001347395201903856,0.00560507071963956,-0.0006581313455341631,-0.0018496134449771384,-0.0041928012269703,0.007306248501522061,0.0004121431717876156
2019-11-11,-0.0014953835535567173,-0.00465752335858316,-0.005602292187436242,-0.0026809103436840065,0.0004894438612552676,0.0004646419123119916,-0.0014812482936947813,0.0018530408542551946,-0.006153875474359971,-0.0040996577445397975,-0.002060399250183309
2019-11-12,0.00515947691277252,0.0011697699317791965,-0.005136674641268768,0.0013438774053542435,-0.00012237875728404735,0.003365614335829381,0.003296662146394125,-0.0066051614535382885,0.0024440705226742576,0.006016355192787204,-0.0006603449677319295
2019-11-13,-0.005795747211763125,-0.00038946772296133414,-0.004330455874397399,-0.006375555870269278,-0.004157037997042035,0.0021976676254764627,0.007557125619259253,0.01010635595373155,0.014792106160107066,0.0011540038347443993,-0.0031403626817299024
2019-11-14,0.0061624802050417316,0.0044809405075136866,-0.002676651834820465,0.002026355358540455,0.003191881721218426,-0.001153934703128634,-0.000326074105479246,0.010005239442523406,0.0035240422941926752,0.00010487792317026567,0.004310583718324379
2019-11-15,-0.0008274841967652602,0.008339765187542536,0.007715822194623412,0.002696198102055014,0.007343146306950654,0.008088459760409172,0.00032618046448251725,0.004952908286647517,0.0031918824510646093,0.021272340655690947,0.001816032229506881
2019-11-18,-0.00248515700920493,0.003461981623995136,-0.012150787840631727,0.0020168198004075766,-0.003766326424148647,0.002980428399931734,0.0052176293259071915,0.0054476537090764054,0.002068642522448094,-0.0033861630916977026,0.0034605588958622757
2019-11-19,-0.0021587640808357067,0.0005751750253317756,-0.014826991416102886,0.0020129050357695633,-0.0008536327158740198,0.0019427770230167063,-0.0012975999659877724,0.002063900614002634,-0.0025405716961093283,0.006795072792681767,-0.011002556186919032
2019-11-20,-0.012483618955809184,-0.0061301685885877255,0.010090767544718604,-0.004687078653428767,-0.007933420750815157,-0.0060451974229124295,0.002273547817271737,0.0005150347760116691,0.00604905900594277,-0.0013292354680084495,-0.002324660357455266
2019-11-21,-0.001685460431413599,0.0026984224324164696,0.016423646343231235,-0.001009124460012556,-0.00036896416410814314,-0.005049659959128205,-0.00502332138256234,-0.013381320618031656,-0.0034809598339590186,0.0025596243973962096,-0.005658825608404916
2019-11-22,0.0016883060043801912,0.00038437339754904265,-0.0033316883725498236,0.007407382678823904,0.005168968427587739,-0.0012685429002501358,-0.001628585828267859,-0.0057382115733739525,0.0003175899998375531,0.0035748480432529206,0.0068626313481636725
2019-11-25,0.006573449632619965,0.003074664557914719,0.0010029164807821012,0.006350344571622646,0.007224272144081834,0.014551418924327653,0.0011417439535987839,0.0007871126938689965,-0.003333302693861895,0.011703505972484152,0.00881060727881966
2019-11-26,0.005023433317917547,0.003256958555548861,-0.009183345364348394,-0.0009963889044982688,0.002917783872109281,0.0009105244613549779,0.008147427787840611,0.013892374935491558,0.003344450760591533,-0.0008046610609871996,0.0068384241587287065
2019-11-27,0.003998572694048574,0.007064895195416421,0.0025277778114951577,0.003989315773550883,-0.000969799278137562,0.005572611657564064,0.0024244311239258742,0.0031023769020595005,0.0017460792348595877,0.005134274721532384,0.008592736255645939
2019-11-29,-0.0036509168578064966,-0.0034129040732734373,-0.010085790012471674,-0.0016554614633622622,-0.004610684374763641,-0.002940561811390463,-0.0003224464163151808,-0.0038659774085582077,-0.0009506593233470362,-0.0035055721369907644,-0.0064909957415449915
2019-12-02,-0.009993248343598493,-0.009512927005224991,0.0,-0.0063020428075371004,-0.016455256876470203,-0.014292189279659029,0.0022579992321691833,-0.018370203064518087,-0.00650273625554143,-0.004422420192002896,-0.008248257747932697
2019-12-03,-0.006393058196015877,-0.0019209364354391134,-0.01494324100224187,-0.014018567537162796,-0.010906143643110489,-0.00886066240657113,-0.0016091916947873486,0.00817100236064272,0.002713607903414683,-0.0022209463014202235,-0.010046172700420741
2019-12-04,0.002201167195251763,0.00519608826757878,0.014997605835677108,0.009478369018011357,0.00388419840217602,0.0040637161004890565,0.006608678160574977,0.005228734865193818,0.007642270510873406,0.009308682714309846,0.0055729207699581895
2019-12-05,0.005068414856082892,0.004212352936783459,-0.004755673411953376,0.00469501180204035,0.0002497841211928087,0.003700261725146481,-0.00032029879644335235,0.0015607145843203885,0.001738004749296751,0.0,-0.0009923900289182663
2019-12-06,0.010254015918619519,0.005910144515044902,0.019112801481298014,0.013351222254109008,0.012103948499196715,0.011059767833190293,0.00384423595229344,0.0002596931918368295,-0.0029969336785337086,0.006616595808881964,0.008032050110322375
2019-12-09,-0.0019967696781070243,-0.0037904394793470964,-0.0011719801631761007,-0.0023055737520563113,-0.0038219429624897217,-0.005241552092285606,0.0007978999175761725,0.0012978821100386728,-0.003480483096284903,-0.0069715977764229775,0.0012318588832127553
2019-12-10,-0.006002004172955155,-0.003424823795745602,0.00201179893119785,0.00033003732453162904,-0.00123778059827917,0.0008019247673298757,-0.003188765919247216,-0.007000255100202191,-0.00015865859643027225,0.0022066736862675906,-0.001722798553000282
2019-12-11,0.0075478619011633,0.00458202126806273,-0.0016735204510879287,-0.0023102815460455117,0.006319885263962766,0.006752621945711912,0.0014394769779426664,-0.0075718383843170756,0.002699107166492798,0.0009006183181445859,0.0025476151609380437
2019-12-12,0.013983572419505874,0.0011402033092304809,0.018434841779398914,0.01951719903655702,0.008865587346335024,0.010687143769136931,-0.0007985921138268237,-0.012102279962225904,-0.0042754431351789135,0.009297901593988245,0.0087712133539386
2019-12-13,-0.007716269997970482,-0.0022778094525852666,-0.007569554862594474,-0.0035692385848146158,-0.002685270705616194,0.006636405661335498,0.0035168021042968345,0.001065330325485725,0.007792624278595062,-0.0006933376873995423,0.0008939228403650468
2019-12-16,0.004301889459165098,0.009893583236777692,0.013430547940729731,0.003582023681951929,-0.0004894325277562395,0.008939554247674675,0.0035043330863722133,0.007714919706442114,0.012466679749976617,0.01080527119568031,0.0043841371289548015
2019-12-17,0.0014824696831403639,-0.0009421645825573588,0.0006548079562491704,0.0038934605081473173,-0.0009795517788415697,-0.002325748287437257,-0.0015875844789864368,-0.010823564124884832,0.003272964083648411,-0.0010789663475616607,0.004445803491765377
2019-12-18,-0.001316070491408472,0.006788480500722338,0.0037603896094065004,-0.004201882055269057,-0.0041669175211288545,-0.00011098676731380319,-0.0015896763462215358,0.014144682357841054,0.004039152954641745,0.0013744542805078641,0.0009658005998320895
2019-12-19,0.0034592913729205588,0.009178128323626744,-0.00032592207705173237,-0.0003243272587966084,0.00270753503612875,0.007216463628223924,0.005413866343247475,0.009473552836801069,0.00030919289958997176,0.00392139511098244,0.003135579928756904
2019-12-20,0.00485258610632644,0.0031059338675747394,0.009592811649431265,0.0011746331309665514,0.004601244213360056,0.005805934924075107,0.0075527484737683,0.007721165423122844,0.006874760899238552,0.007080062889827543,0.0015278464561230276
2019-12-23,0.0027924631205800132,-0.0025959263577869374,0.010267430318334991,-0.0022815038885172223,0.008226962507841051,0.0028587520729645988,-0.004278829995505551,-0.00601434325717165,-0.009289168643834778,0.003992204875824301,-0.0023284323069449053
2019-12-24,0.001146410753021021,-0.00018579823141184892,-0.0004843633170362738,0.002286721051488083,-0.004019156473890173,0.00032873596787674764,0.0012730506425457921,0.0013151727199982588,0.0014064508168014633,-0.0012607314615619147,0.002253426366753075
2019-12-26,0.00441761540064789,0.0076236664237898655,-0.000322681605849362,0.005541174609629662,0.002323226140328316,0.007453101761121239,0.0009538421478114678,0.006042972412954928,0.001716725783066364,-0.0006797567627504497,0.012204782008675252
2019-12-27,-0.0037465610547753325,-0.0018455394164481609,-0.0041976955860444365,-0.0025930743234200415,-0.0008539361098285347,-0.00010884891831386412,0.004446664455227456,0.0036566982266035275,0.0029599946290856938,0.00029143993039104643,-7.916391162421377e-05
2019-12-30,-0.003106504450124392,-0.010352990347927915,-0.0031556365462711566,-0.0029251500035822886,-0.004639644501774343,-0.005766645393312508,-0.005217325756985858,-0.0007807364280302265,-0.00015554155849484275,-0.006003399031826451,-0.006426192355570182
2019-12-31,0.007380710487033815,0.0018681426798989875,0.005694994604903414,0.003259670721112329,-0.0006135427862616893,0.0031737766604413853,0.0009534758404892152,0.007031261142144363,0.003883744796717714,0.001967522060618121,0.0014373003968111142
2020-01-02,-0.01172260146239723,0.011747012954259839,0.008994111235981261,0.00974640330963883,0.018902823015762626,0.018762894159666255,-0.007938991680995433,-0.011636844858398998,-0.01253472346219664,0.002650255304612381,0.011880124587883456
2020-01-03,-0.016144931756188585,-0.006450271288140685,-0.0029713399824602416,-0.010617698611531834,-0.0019275881858651367,-0.011243208645532299,-0.0016004615364790808,0.00732580413372097,0.0020371982391484966,-0.008714211775075142,-0.008510067839314961
2020-01-06,-0.004353713824801431,0.013355665726757726,0.007781352210004977,-0.0006503244718109036,0.00036201272974678567,0.002382564996624037,0.0020838198884529646,0.0002600165594954795,0.0009384396898315384,0.006222885406706791,0.0027816216871705546
2020-01-07,-0.001177357603311946,0.0012812572708047476,-0.0026285088980483318,-0.006508314112724567,-0.0020507986767269726,-0.0004323851620288144,-0.007678702193124387,-0.0109063210201914,-0.0014061587596030378,-0.0019633004594650227,-0.0015850889890465236
2020-01-08,0.003535799220559799,0.007129584793539756,-0.016471944595946142,0.006550949751443547,0.003384979177823544,0.010700511384490019,0.0037078677349522415,0.004988245817910242,-0.00046933127145631914,0.006491644851971401,0.003016335433211781
2020-01-09,0.0036916483324112015,0.005264386558508027,0.007369263370279544,0.006182905385615722,0.004217609734114003,0.011335865450041949,0.007067218221538996,-0.00026138803246822384,0.005478803765495366,0.004299712648560883,0.0053022168043013185
2020-01-10,-0.004012289013521464,-0.0039725463676663075,-0.005652388937063213,-0.0074386178092099575,-0.007079677695835063,-0.0023262977701968834,-0.0006379526976689753,0.009668419638401593,0.002646847248387596,0.0002920023153196727,-0.005431623842278022
2020-01-13,0.012923979597170732,0.00942698438447609,0.0003340867310328566,0.00684256004709094,0.008217609459920672,0.012506718416410045,0.006543171450860807,0.012163234493936637,0.00605567522757533,-0.003501773180679346,0.0031660357782044013
2020-01-14,-0.00414247980258875,-0.002514264476972339,0.00016711160855953366,-0.001941849720819122,0.0001202023844517619,-0.004710744128681998,0.0003170694397049978,-0.004858091560617228,0.002932727081440545,0.0060521754779852,-0.00031565516257781034
2020-01-15,0.006822012937533373,0.00486140594823814,-0.007352839657945531,-0.005512079094569744,0.001557595271665102,0.0011569522408050315,0.007132799219996988,0.006937016616626712,0.014004263891163049,0.00863557349108035,-0.0022889208165516317
2020-01-16,0.005949411735607146,0.007704296024781732,0.0016833798389364052,0.008803293428267578,0.009931748660980233,0.013446775202289762,0.0026754377892579395,0.00893123554985964,0.0062224792133931395,0.005195159337709088,0.008939280808434535
2020-01-17,0.004435686945205797,0.007823963030586967,-0.0063864590107151065,0.0029088701200719047,0.00011872107546717636,0.0067377276062161595,0.0017267166297609826,0.0012644010644509152,0.0069382769357351215,0.0,0.003528230736219218
2020-01-21,-0.010794923202377738,-0.0008820528462030186,-0.017929743262016018,-0.008378898519602829,-0.011017585406129626,-0.00041183531721800115,0.003446916617220852,0.010103741130684352,0.009137154280953075,0.001052565844339437,-0.0030471876126519915
2020-01-22,-0.003968218207586749,-0.0005297991624447773,-0.009645247694367809,0.002924940919929009,-0.005270694600846615,0.0036053129672133366,0.0007810183875749388,-0.008002164850497095,0.0031172789808895374,0.0012426408353178875,-0.0004700708720297708
2020-01-23,-0.001162040990039026,-0.004063922776799678,-0.0038259484274747457,-0.0025923726912561174,0.010838067429331577,0.004721573212740804,-0.000936280106711096,0.009578906828618061,0.008877971569042797,-0.005060551715799888,0.0014896890084892256
2020-01-24,-0.007146494767571565,-0.012063143582472957,-0.01152227305786846,-0.012670672662073668,-0.004646257829309386,-0.004699384723713007,-0.006871856472505433,-0.0014978430871741555,0.0026404433824371853,-0.016698605350873863,-0.013935609576358088
2020-01-27,-0.02159365949769476,-0.015622059442889857,-0.02772885966393812,-0.015465603471848555,-0.018910936927904465,-0.02381168388771826,-0.003145261542215949,-0.004251058238780803,-0.0024870040498125023,-0.0076126407355247006,-0.014926483236204713
2020-01-28,0.011291657779861186,0.011492238996385185,0.004541537145327013,0.01169792631286204,0.006465795314619216,0.019135481437695834,0.0012623721840181457,0.00251137455641004,0.004106118955810034,0.004917297728592063,0.009752513486255943
2020-01-29,0.003214314750670688,-0.0016230745366161425,-0.010488505772833667,-0.0016519816376269203,0.0053334074254614006,0.002579161111730288,-0.005041988579344681,-0.0052608752330005615,0.0026289888693324936,-0.0027404303860297796,-0.0005590107398540933
2020-01-30,-0.006239238400632674,-0.010115776587840575,0.00804109646630602,0.012574643316907164,0.0010850628734953016,0.008643615040244468,0.011876537175949053,0.0022666526818524435,0.009322728402120894,-0.007261817425114336,-0.001676941818603228
2020-01-31,-0.022060172300664482,-0.01624067017105635,-0.031181965938954836,-0.020915126030455977,-0.023123966950536978,-0.027443248664121955,-0.011267643703529395,-0.014321958375485111,-0.004473956502595078,-0.019968399097617717,0.00256000630440667
2020-02-03,0.020996137949379934,0.011871535742120187,-0.013098872207423229,0.007009284918942926,-0.00037009038018531726,0.013217201877047113,0.0,0.0010197540499423674,0.003189018469261784,0.009078093074252225,0.007101768554668375
2020-02-04,0.01767494038869466,0.010449119333850954,0.003602430636981957,0.009612229730229016,0.018870579851771874,0.026193325366742348,0.0060146137636944985,0.012986943027783138,-0.009970832802928209,0.01759296878658656,0.01822368113130035
2020-02-05,0.018537206753500568,0.0016328654423696243,0.03759702790470598,0.02002630851564291,0.01670453050036369,0.005851321373304241,0.008023858854359966,-0.0007538275151888207,0.004086871951104243,0.019253457728299228,0.005057761296061392
2020-02-06,-0.0004919947133795732,0.012497835476853902,-0.010196614178207608,-0.0012873911658544124,0.003214996279004456,0.009127384217836765,0.0017169443459268408,0.004276843418972387,0.00029080341769804896,0.0008672418665975901,-0.0022450143763791397
2020-02-07,-0.014271676730428728,-0.0007158655608828779,-0.006990510317627985,-0.003544889365352688,-0.007239514161229366,-0.009144036075390383,0.0012465529171068468,0.0005005927390147047,-0.0031970321757845976,-0.0077994703841545165,-0.004345693290988217
2020-02-10,-0.000499291662347634,0.0059076902530803554,-0.005001820601844509,0.0029106820721209736,0.00561843314332533,0.013541859204455164,0.004201729492306683,0.01151775903158403,0.003790453443110131,0.0053374627013744735,0.011300624626880307
2020-02-11,0.005494303676034873,-0.001067895882171821,0.011171216611826296,0.0035473139202351067,0.0038043063377255493,-0.0033650674728903374,-0.0037194447668167374,0.012128171136255972,0.003630629607735969,0.005985233831886871,0.007860788080861436
2020-02-12,0.005464925906976337,0.013005635777911584,0.013441419254426101,0.0006426612986141222,0.009355756889844358,0.010824397797277951,-0.0004664389578884487,0.006358964902335229,0.0007240490577604675,0.00124761546032226,0.010246403272823335
2020-02-13,-0.0036233394007277875,0.00017605179359625467,-0.0030889420440913806,-0.0003211931416173819,-0.005631744223079438,-0.0026525278582587575,0.005913317079562441,0.006075340806159124,0.011135198089898823,-0.004696392199959654,-0.0017407278541310411
2020-02-14,0.0001653741670963882,0.0012307197867844621,-0.005284945820649645,0.001284978693451011,-0.001298251119711713,0.004334160811808818,0.002320540959019679,0.01159415649153317,0.006722143069313624,0.0007704936768144766,-0.00151670853744712
2020-02-18,-0.002479130056964096,0.006673804227196101,-0.008244995925677845,-0.008662285884399101,-0.005671002782880574,-0.003726910230812841,-0.003549776956155659,-0.0009550031648229984,0.008381692925411688,-0.003560271901004386,-7.62684068574826e-05
2020-02-19,0.002650834185054407,0.004535802431236968,0.013301318360191772,0.007443433390182275,-0.0003565780642106331,0.011911643807795746,-0.001084409486956206,-0.014101447322991234,-0.010848242185880652,0.004635092813935149,0.004480866201381772
2020-02-20,0.0016523375451573674,-0.010246540120394054,-0.0010937952666363326,-0.0019274335958860966,-0.0014264203500499173,-0.010409631035046107,0.0007753592950250354,0.01115152330152469,0.0035608970955320896,-0.0064397508448471585,0.0003784529803507741
2020-02-21,-0.004618813224238294,-0.015265915105823757,-0.011863522359500056,-0.009655502765523516,-0.004999101195009348,-0.022414225121286213,0.0017043016140652067,0.00527448891589799,-0.0018449279312079403,0.0005804514439056163,-0.015266199642600675
2020-02-24,-0.028173887809557208,-0.033499343002813764,-0.04617661751847124,-0.03249933581092812,-0.028472449270623867,-0.04133165626940416,-0.02304702123868596,-0.013355670890779048,-0.011659360527636387,-0.03151913093135261,-0.03438227642777569
2020-02-25,-0.043144577650251925,-0.02673329509165523,-0.044151825711480686,-0.0339267078917157,-0.04075840498768235,-0.03199408402839532,-0.018049553003750995,-0.02513891159939552,-0.021004089207931065,-0.030348240133423743,-0.026705009881422326
2020-02-26,-0.003386249537257635,-0.001894176492119981,-0.03018652720432702,-0.007301893469575327,-0.007573966033339263,0.004551292135884122,-0.005643308034153471,-0.008678366583911745,-0.01013953392722522,-0.00010281213346563511,-0.007920806394162039
2020-02-27,-0.046852820074919865,-0.03947622653553995,-0.05347811218535248,-0.04273199452329568,-0.03712328142948618,-0.05393736968212848,-0.040700370879913295,-0.056528240398010854,-0.04498232929196233,-0.03397860157818511,-0.04041473904026893
2020-02-28,-0.010881551597814454,0.0029637707148912895,-0.0008828745592042164,-0.027076509978641194,-0.01826948744950585,0.007639765223771189,-0.019776979439009024,-0.024655342347067344,-0.03342147483746016,-0.012896978120727098,-0.006433421956005159
2020-03-02,0.04286818193230424,0.03467315583075492,0.04042430725830659,0.05114705031013811,0.035166781598326535,0.05782501330626677,0.05345743311121365,0.04974177776116662,0.0588613258706705,0.046863230300188574,0.034360516394366325
2020-03-03,-0.008730682862606587,-0.03294003431568793,-0.03057326259085491,-0.03756691209637808,-0.024454871345850115,-0.037976037296157616,-0.013586407319652105,-0.0007773213986623784,-0.012302668649147197,-0.02485837523616463,-0.02420471089672116
2020-03-04,0.041467767927554355,0.03603080415309412,0.023652936838064242,0.033085349795662466,0.04132779521982566,0.042922074187862425,0.04912047664077579,0.038870479568415384,0.05674314469639419,0.05764758426236938,0.034556354051046734
2020-03-05,-0.03171238737482307,-0.03648794680126877,-0.036585560763485736,-0.04821879811913554,-0.04892626216502993,-0.03155999741364213,-0.018823216367383155,-0.02294838682594269,-0.01542484160794877,-0.02320233153728013,-0.037288116195379084
2020-03-06,-0.026018834510664224,-0.017357212098316976,-0.056184279726512076,-0.034026470852452806,-0.008756365296687774,-0.021138195256083625,-0.007899386155190924,-0.017104940384437106,-0.008128770574302502,-0.00532410518396309,-0.015372714616899819
2020-03-09,-0.09359246378886799,-0.06663972958753306,-0.2014119184147829,-0.1072406936602488,-0.09220162564857926,-0.0759194358249835,-0.0435489535342225,-0.07064941135156966,-0.05438841020500973,-0.05198155879595712,-0.0629740647583622
2020-03-10,0.04060208371073948,0.0509676796640135,0.04743661821551326,0.05874627603204985,0.05184756082403785,0.06669916726993463,0.02871245424940283,0.048630751253341487,0.009297143189280321,0.03431074222852959,0.05529163291524131
2020-03-11,-0.04753424805407491,-0.04297112319216623,-0.05288311370950738,-0.054244252403284676,-0.058687578092290194,-0.0472386647504619,-0.04905049092609781,-0.05357158742300072,-0.0502731299524134,-0.038211336798200324,-0.054688339099803196
2020-03-12,-0.09627770832774907,-0.09386347183382404,-0.12474041722932405,-0.10814342431971458,-0.10350112720944016,-0.09760482814062543,-0.09395636839202248,-0.0858913219922266,-0.10093735257335268,-0.07465602008386829,-0.10105442057332148
2020-03-13,0.07017899027563845,0.08990071897117469,0.09229741076995346,0.1315654940237172,0.0781086938085418,0.11731903803473953,0.08510647653205505,0.0878006502958033,0.05448906933648345,0.06935584418532659,0.061864287279998376
2020-03-16,-0.11008361423614588,-0.11279516161934289,-0.13606693579384843,-0.13709302495427944,-0.11344124177747494,-0.13814010674854493,-0.06783247614618648,-0.1600114281514885,-0.11357719039021075,-0.09861041394843051,-0.12668622499111437
2020-03-17,0.06185100815783651,0.04343606681939094,0.006832060080786295,0.0542982532180456,0.046057527034939705,0.06808185602636163,0.08432835859060694,0.06068775947453542,0.12793428985528532,0.06277543312396205,0.03850446242576688
2020-03-18,-0.06393664118936859,-0.03320887905146874,-0.1435716469043795,-0.0848828050618019,-0.07366810411010838,-0.037677399589842175,-0.02569049145328539,-0.07024794283749136,-0.04353102587647517,-0.033160452854131606,-0.057447462211791644
2020-03-19,0.025522892670907238,0.017900447974600997,0.06797354135774625,0.021886204431864842,0.0007399407798001079,0.0036202848539772514,-0.03336320623955402,-0.015726509517822285,-0.058204874348497526,-0.0204833687796534,0.03487701247070851
2020-03-20,-0.0357907048703765,-0.0442011142653872,0.009761684543030169,-0.035696491678546494,-0.050083233378262926,-0.045825090280036784,-0.0647616049271843,-0.056616689929128605,-0.07932239324059787,-0.03841977963354504,-0.029723891063206498
2020-03-23,-0.05097723929049769,0.005310531679169728,-0.06815837003398206,-0.05818326730095247,-0.04380030453039363,-0.0091343803020274,-0.02959300801175735,-0.055568185801055936,-0.05102845598216921,-0.051938511285066435,0.0016478914276010226
2020-03-24,0.1176007186075041,0.06150802484362439,0.16037328445006405,0.12400898174823793,0.12651166076454046,0.1024147077322155,0.05099734367855446,0.08719574058815405,0.10750023358294802,0.07705708849786674,0.09379678252866053
2020-03-25,0.02333189301257299,-0.015420662361307458,0.04716627364092485,0.02720446693777645,0.05260304372742075,-0.0012884712749153815,-0.002739098404973772,0.044436285739426706,0.02552274578629321,0.013313543444120057,0.01754711482059368
2020-03-26,0.04696769202840656,0.05695322049249052,0.06110351510113543,0.06277548809463851,0.0631159531151897,0.061927237416061987,0.05473764379994228,0.07679024145551172,0.08524400299172763,0.06642888353330134,0.04136751951249229
2020-03-27,-0.03615001460216283,-0.03996429012323266,-0.0677855357748347,-0.03045660921108051,-0.04212742403220471,-0.0451947409621648,-0.004650125824095852,0.0025698057492153925,0.005417034081882877,-0.021415970872499912,-0.03351396115712335
2020-03-30,0.0318571642431793,0.036482638384288,0.010236541640490815,0.019038635253751712,0.014603265528163822,0.04211751770197569,0.03905806774709797,0.025953318919806012,0.036997495097312205,0.04682876656002244,0.020907401328055464
2020-03-31,-0.013794493323619927,-0.0018051216632661848,0.015373710065609503,-0.027557496868150233,-0.012384780312047372,-0.01868143773917319,-0.02032363441444196,-0.03185522495707971,-0.04035364053151602,-0.004383382011874493,-0.020179754668769534
2020-04-01,-0.045070904113185595,-0.039782847456772075,-0.04955229591804877,-0.06099895280022527,-0.04507702707107242,-0.047654815880704304,-0.01688984342472266,-0.060644895800980536,-0.06009737235403467,-0.03804462712024348,-0.04465736752943006
2020-04-02,0.01511268099106644,0.012711957967975085,0.09159998482801468,0.025063739715716515,0.013309526915335601,0.023386665565560127,0.025583275617036882,0.014766221653076617,0.03129797534835155,0.02769604914523094,0.003735274832889157
2020-04-03,-0.024049357472611388,-0.020223105818928833,-0.01061336141778535,-0.019960066073384186,-0.013309865966980472,-0.01544793053625415,0.007829722947513496,-0.008460406676806032,-0.035747389148524045,-0.009021077191710747,-0.01743757734944973
2020-04-06,0.0743956683696616,0.06595459269487125,0.05296659865470654,0.07179241317796681,0.0692223009049735,0.08532205122267489,0.03721781298060667,0.07235535589375441,0.07723475360604848,0.05243133347840945,0.08321607071603165
2020-04-07,0.026648759474205308,0.007344988791974538,0.02133067945131173,0.009976225963058694,-0.00232380711234903,-0.00896070350384004,-0.011496314997021084,0.00031809376593394667,-0.01254702234572902,-0.008212039117930559,0.014885303425215213
2020-04-08,0.04893650303301866,0.021431677505778568,0.06670844910235618,0.04374417183639312,0.03627300626301322,0.026883931171472142,0.014801739951529225,0.07508737930810772,0.05445658508668094,0.04117917048108133,0.03149906065792574
2020-04-09,0.043001952518637365,0.0073546310991832176,-0.00905918398196548,0.05362777325140233,0.015093086092878849,0.0002346424717527551,0.009376691708712137,0.0514947641775807,0.04716804769105076,0.0055135223727973415,0.018036057440421027
2020-04-13,-0.021975949387821103,0.0015028656542630525,-0.003243759350343267,-0.03635581610017946,-0.029263008814815028,0.0022302709437833634,-0.007397432567506357,-0.04587673672099646,-0.031727740090610634,-0.008752375652413047,-0.0002812324980442371
2020-04-14,0.012925051669191001,0.029588317308675727,-0.0047338362419933055,0.004438404292430365,0.019064900907522553,0.041925067026753915,0.04246110426836314,0.033333259925749203,0.02937184200334575,0.0331913959625465,0.039099986077102855
2020-04-15,-0.045936269380445705,-0.009370899216000206,-0.046967789617513245,-0.04330528829551561,-0.027662345016516987,-0.021805063371963085,-0.015793975103570168,-0.03853827404001808,-0.03298698513619369,-0.005148049342803551,-0.021927595262421273
2020-04-16,-0.005761560209922134,0.0039942202962586215,-0.042732355608254724,-0.0175519723034393,-0.008880257749701248,0.012179513109991325,0.0065880560124140786,-0.006532149228172024,0.00017043328397714497,0.02183790530694041,0.011993913155021518
2020-04-17,0.04014899719989984,0.013609840076993063,0.10622339403187508,0.052656278055508654,0.04695561504782986,0.0132819494555656,0.015270770553507118,0.03227732649697668,0.032230655676088515,0.020763854801067128,0.02953766663816637
2020-04-20,-0.02467144860132675,-0.009089200811440157,-0.03122228445272579,-0.01741834553972188,-0.02662473995977188,-0.01602065775186945,-0.019669322847877035,-0.037058593719393906,-0.03783231579850532,-0.007938141313619362,-0.01744437071871041
2020-04-21,-0.02468386180740001,-0.031478124875157554,-0.017634612108270553,-0.032273046462883204,-0.02360770639928489,-0.0418988148508761,-0.02124435613020137,-0.014732177020965964,-0.01648376146882946,-0.030406004067879966,-0.02595541020837011
2020-04-22,0.019661040042334488,0.02690495509183699,0.03559278322723958,0.010803249534678594,0.01050504565977306,0.03850263942495258,0.009646766482303448,0.017393870380172594,0.029154961232499055,0.01526718351063061,0.02155802608156554
2020-04-23,0.00697437768749154,0.00712631504642669,0.03227743399671046,-0.004182091482497929,0.007921071344149544,-0.006865744477186353,-0.008871890054125031,-0.011397827371160019,-0.016793836690030428,0.005486507956627307,-0.00027165906142190277
2020-04-24,0.01568557151500216,0.012695036081612043,0.00231599784812464,0.0144658525880772,0.00802215288872099,0.021200205841025,0.010672846075862719,0.003640971436292828,0.006211194873933623,0.013439857522552723,0.0169416925091046
2020-04-27,0.02667473994528624,0.00822044532715882,0.021663943552102882,0.03403868101737206,0.024849906502249608,0.008575205451862189,0.0028955847360363496,0.029020551281159657,0.010459560477874552,0.012862575850616453,0.018708055977828986
2020-04-28,0.018558178725213148,-0.01814119184915064,0.022900584254488043,0.010676051890784688,0.018700300800156944,-0.013312468370031971,0.005604536372671554,0.0008811060595095288,0.003733169362770905,-0.020181124830383923,0.003935323335346075
2020-04-29,0.02550821528941971,0.04837019124078723,0.0740741037953343,0.029049341500900328,0.019135104665268132,0.041042945892788785,-0.004222179118465785,0.002641675947478106,-0.009129392959475235,0.0066312670482906455,0.02203826844448864
2020-04-30,-0.029736293049474782,-0.004356198921021792,-0.022130704212654395,-0.025235050883844812,-0.019844451727603074,-0.004465023676215152,-0.011872137182667997,-0.007026000079496275,-0.023033492730080374,-0.004591193296892837,-0.006221635057570674
2020-05-01,-0.02100992585857475,-0.013921832340084594,-0.05657898674327455,-0.032031499742378955,-0.030213286730135347,-0.027458936719399696,-0.010985374404782311,-0.03066018951380778,-0.024100316467588145,-0.019051663054175938,-0.037392895345763066
2020-05-04,0.0035441183599493886,0.00584881969228479,0.034588547852752116,-0.009066509813039358,-0.012686780227684324,0.013273254272937907,-0.0005206517833836743,-0.000608506086338001,0.007515888811611582,-0.0005110086689430471,0.005434933465485514
2020-05-05,0.0025502360934743784,0.005213588162936045,0.0008088782476460832,-0.0032022538637601627,0.003903914054179003,0.013765641330871992,0.0008680496908359814,0.006390932282642536,0.008170420522161548,0.02168141912244037,0.003633061304990637
2020-05-06,-0.01722098939733241,-0.002792681974760902,-0.026131462145893347,-0.021569473607371825,-0.013772101277361615,0.007774915248534686,-0.010929895368062437,-0.018445609628011783,-0.03400263231896983,-0.009910100968650415,-0.00017671377714068015
2020-05-07,0.02050995880810369,0.018803734704779362,0.026002726927863762,0.023452112780713685,0.011664390380345058,0.014995161757277664,-0.002806442981197921,0.008934196743796807,0.004012071357770042,-0.00010089894333831229,0.015718848267555874
2020-05-08,0.023999675363955753,0.01826036461667857,0.04556476401107612,0.02153981781354397,0.02484566685768752,0.014666558625719084,0.02233953692030277,0.01832030518716188,0.020163795260258244,0.005156643154330842,0.019474959791138113
2020-05-11,-0.015243765644635254,0.0005783851866034695,-0.017534966428909282,-0.019291063987867174,-0.01251778544361648,0.006646990514453499,-0.0013764604789709978,-0.011993993139833958,-0.004273649856116779,0.017201667985219826,-0.0022173429082148477
2020-05-12,-0.015286341301141038,-0.01946400606926124,-0.01758502734148304,-0.02607523171082493,-0.028081170554871915,-0.020647905317357496,-0.008442595230010008,-0.04248851296789358,-0.008762431378005586,-0.01522965776947005,-0.02188023219111801
2020-05-13,-0.02102576789474664,-0.017099096521967172,-0.04541795945806193,-0.029591201266093825,-0.025094853301912412,-0.017230283018108583,-0.009035764684050096,-0.015847808624531945,-0.008479097041801609,-0.010845700415913151,-0.01721440625785997
2020-05-14,0.012243924935160466,0.010797433981434734,0.011194922779789618,0.025653712044024557,0.01049948717621918,0.012740921867720578,-0.002454610179186356,0.0012879128838625409,0.010734878730914277,0.0109646193930244,0.014937400269688261
2020-05-15,0.008724933889235231,0.013847876745811005,-0.003875085464562278,-0.006607108791050309,-0.003519148217859258,0.005053882093463358,0.008788957017982213,-0.003537898936619266,-0.013321175946378605,0.008435441660872733,0.01165131839471667
2020-05-18,0.045606538453383916,0.02107332844596388,0.0816897333236617,0.05130631938429553,0.06592674345300864,0.02449973613443146,0.015856241646647673,0.04874124226869192,0.041050848552898866,0.008265331159093225,0.037842182421741644
2020-05-19,-0.009588172833825404,-0.00019114072770831658,-0.02799915924898211,-0.024400886448887826,-0.01278006045369362,-0.0036548236243881815,-0.018353244122748302,-0.01939055884288543,-0.016473840014839758,-0.01204932334719755,-0.0035877309065496243
2020-05-20,0.015945270468619155,0.027714058460834412,0.03990451576321763,0.02223219411760824,0.01869899564667521,0.021905311151757312,0.011881863419524352,0.009416222885732628,0.005523578687104402,0.0011995818091867783,0.013062949322447226
2020-05-21,-0.009529132860952583,-0.007067401640947324,-0.016010061510234874,-0.003171591206684643,0.0023533111465017242,-0.013948737879502127,-0.011051770935354699,-0.004975293284340765,-0.010100757979623953,-0.007388921457699982,0.003554485270256036
2020-05-22,-0.0015091436205731945,0.005993781388389019,-0.006198053397200698,-0.00363645677925839,-0.0007825081004345646,0.00364054419744142,0.0034922254253377805,0.021875090220913274,0.01109923382614264,0.0021125300181397133,-0.0014826724042051875
2020-05-26,0.027394631349761056,0.0027929935186203902,0.027806487545382064,0.05200742363115496,0.04197965523032021,-0.001036441718707093,0.005394267592652158,0.03180422217494416,0.006551035439211095,-0.001806862603644599,0.015837466681835055
2020-05-27,0.010113995097202455,0.00705544118557766,0.012895014977707842,0.04336513755105953,0.03337343970762374,0.005706136225597902,0.015057247013187558,0.02133989961940652,0.011960969137825073,0.010358149063337985,0.017133764523264317
2020-05-28,0.009284529567538558,-0.009402743011468928,-0.027957863234344127,-0.01579367833935985,-0.009455844744514552,-0.001960007009045195,0.008865912875853255,0.01131734487395697,0.029549985162803605,0.01303852837097974,-0.012135114862902197
2020-05-29,0.00018043265238865125,0.005397369872323754,-0.004622757317139237,-0.011402294341984032,-0.006168309430648056,0.012609797564113734,0.0010142528258154648,-0.0057388750594542515,0.007766167716410921,0.012085127512411198,0.003636886612762291
2020-06-01,0.0068528791445625625,0.011476983987396494,0.017544078672138586,0.011533806195104024,0.0022166405787893417,-0.00030609651481183775,0.006922006353440535,0.019913456697174814,0.01189517604297885,-0.009902609820634622,0.009501672167900432
2020-06-02,0.01809077953246363,0.00402643107526357,0.027890462300729002,0.008023201505698685,0.012975364907477527,0.009393374069379457,0.002682909600389083,0.006508129765446569,0.006456745773696371,0.0057852064700218975,0.008534803568237992
2020-06-03,0.022695408832293484,0.003098802176766835,0.02935381641628676,0.03728565811095641,0.0390104158425002,0.007788769881653446,0.0013377906411493612,0.023896075718578214,0.012008458267981137,-0.0019498763044659695,0.01890207816444156
2020-06-04,0.0036124123285934395,-0.007450282349148463,0.00023968471545532388,0.021808680942984493,0.010647088077292866,-0.00823050224807742,-0.004843012137853209,-0.018670486221321614,-0.01788023750427503,-0.007911155463579567,-0.0050453938105865515
2020-06-05,0.025540121376781855,0.016294225913053184,0.07426927011408435,0.037154576628015246,0.03673439911289744,0.02631315565471226,0.013928190385958272,0.036653382449166605,0.012744062955887925,0.01614598728984662,0.023950531119401264
2020-06-08,0.001336973094637539,0.018735406834405,0.04504887749304354,0.019054761307772727,0.020055939223816655,0.005029176037887995,0.010758310481003175,0.02186230652201271,0.026801844677948772,0.0068794428531153695,0.015238240294454641
2020-06-09,-0.012184809640321204,-0.0024758490328352645,-0.03755851673412858,-0.02131607684812864,-0.02490494363262641,0.004709462510511742,-0.008187460491449694,-0.01162185303486818,-0.020054269407592917,-0.010392670654365,-0.007804686766995861
2020-06-10,-0.011321439965589986,-0.003013798754645358,-0.049224131585943964,-0.03744748220940286,-0.02392769621619195,0.01669910098112437,-0.0028065924020949096,-0.018706092084720183,-0.005847017631291362,-0.0015557121387697048,-0.009379322443756055
2020-06-11,-0.07725175483709767,-0.04605238611773699,-0.09421644275383223,-0.08177876204507117,-0.07023827402318839,-0.05734300592104513,-0.03791400203428852,-0.061819319893132496,-0.03904572614084867,-0.05560987510612225,-0.052378378474237874
2020-06-12,0.019448032490586797,0.008760397268028797,0.025231958815867817,0.03026391309732035,0.019404144817788405,0.012940748593380125,0.00017224111940405962,0.03163994535736725,-0.002550113266867937,0.00649697341842459,0.009910540810318391
2020-06-15,0.010537946381172336,0.01607557880458077,0.0030132652206864563,0.013848112211229946,0.009880955852689999,0.00965706489583984,0.011527856511382106,0.01266179339324136,0.006817844319084498,0.002254132454231117,0.009494368108380113
2020-06-16,0.02085564864304268,0.008183279943711153,0.028793567460365432,0.015728484981629265,0.0195686158316577,0.021321199640032207,0.015648897265923667,0.01667121617098899,0.0045705279625423145,0.024637066072756175,0.021022903031441942
2020-06-17,-0.00827747475722096,0.0012625639258219135,-0.034071736330471,-0.01507748704274392,-0.007197587162025232,-0.00019544290218331817,-0.0015072830668462212,-0.011751894586052636,-0.0030331812915549428,-0.0009977965500794772,-0.002631905722550565
2020-06-18,0.0007101980610912939,0.0032424886849025114,0.012345703094877702,-0.0012409541437310434,-0.003695491676080076,0.00448825872080727,0.005199590039825175,-0.012444695636072312,-0.00016913907512794424,-0.0033952255086986405,-0.0036475491176284347
2020-06-19,-0.003016752500476172,-0.002693256078937667,-0.015181533493851873,-0.006628172339880334,-0.012269921449309051,-0.006896370023146137,-0.00517269415083943,-0.01008096589118046,-0.02806422911618689,0.009619817161767852,-0.007789508528120992
2020-06-22,0.003704833975038513,0.002200940839423682,0.004632434882810177,-0.004952156642270222,0.0016826810561130223,0.018840869266270266,-0.0028565639723378,-0.0028509270957791655,0.009752038072212033,-0.003837428060209813,0.010276449713666258
2020-06-23,0.0023178426178995792,0.006480604889383956,0.0010192529685810747,0.0046393121505454715,0.00014512793989607253,0.007219794006128488,-0.0015257688838538064,-0.003716245597179868,-0.010074675288237911,0.004302861448480799,0.007866710165234325
2020-06-24,-0.029176115430570082,-0.022536214082883976,-0.05548479128139827,-0.03526442285089182,-0.03475758921948102,-0.02255553204185945,-0.01680827576147348,-0.025537907370378865,-0.009124469878902475,-0.02610377084008242,-0.022024699457169006
2020-06-25,0.012460970876918775,0.00439160292916263,0.019132108777265566,0.02654479605589688,0.011102900203369792,0.012809237868369738,0.0070800653843945405,0.010600472563753405,-0.012395867845305553,0.009821088173112225,0.0013432516160185592
2020-06-26,-0.013755464274087359,-0.04408809577382833,-0.03463747977913911,-0.04281471924536384,-0.018548837472472823,-0.019694971256421057,-0.02040467390438383,-0.017191053151007107,-0.010579160753526051,-0.012156986771668876,-0.023437536454151253
2020-06-29,0.019453039908047254,0.01848665130649385,0.013421000821858042,0.011071774041333304,0.03280915387319783,0.010931686331254742,0.01890408534957455,0.01719544379733895,0.018847371123449808,0.009024872789613836,0.018989987064857772
2020-06-30,0.014401387311411717,0.011227520835286997,0.022972756861886046,0.0135784896584219,0.005709506050608937,0.017924830428503347,0.007387324077343216,0.014572993614636376,0.0037352886690877884,0.017074915102814447,0.012767649449952678
2020-07-01,0.002129353968809422,0.02479679768290155,-0.024306449875260205,-0.00864290163203485,-0.0045126866748741445,0.0016272152184368949,0.0008523471140675642,0.027291089704196025,0.023392078330891852,0.007694579496095644,0.010101132707091676
2020-07-02,0.01877111784812091,-0.0032505397105354605,0.011102188140282854,0.0013076780236405128,0.008627008297047434,0.005827995603768343,0.005111920179431184,-0.0033558895813595724,0.002596971213974175,0.007536611071730537,0.003953158469617746
2020-07-06,0.014253451661950578,0.0201086954138201,0.002945984190884765,0.019155364647366335,0.014352161882300818,0.017479018628783427,0.004915831450759134,0.0011223748459154859,-0.012262365780672524,0.010137821847849837,0.023705021561096995
2020-07-07,0.0003429722223260434,-0.0028413787114138778,-0.031775848658283534,-0.020503958812464584,-0.019151238917846647,-0.010456329777070228,0.009109606330618414,-0.01625560574488194,-0.004021832075304044,-0.008671797268129389,-0.01568874458402225
2020-07-08,-0.014219864776317093,0.008904699665075011,-0.000827392945373262,0.010466539776620154,0.0,0.01632213567458618,-0.0025076400194213866,-0.0005694912571153621,0.008953941753727435,9.833629945532607e-05,0.010651647180619506
2020-07-09,-0.009384741035824207,0.0012355266144628008,-0.04940657150746741,-0.02114787865976342,-0.021710423802014933,0.003620394831626461,-0.007876796734126001,-0.0034209404718741343,-0.01339845175381671,-0.00786251306260255,-0.0011377081206453976
2020-07-10,0.017368680969730432,0.017278019427901636,0.031939523019920424,0.034391350525452724,0.012957953333065264,-0.0002774362001911612,0.018412344740057485,0.0011440070816521875,0.01887125851669369,-0.002377628925650188,0.01191741817840386
2020-07-13,0.0,-0.020103913177253685,-0.0053460242708534,0.004262460186640338,0.00411716683394614,-0.02072519313338317,-0.0014929432430572653,-0.015714090484363008,0.0010386811867806323,0.005660004990359679,-0.012677046340508369
2020-07-14,0.02517647660499933,0.009904298223366137,0.03507790412014766,0.005093690908432036,0.02167178699436767,0.011526718575863626,0.014617969881535853,0.00986952748108294,0.009337722927779124,0.019845954780871367,0.009952710011906785
2020-07-15,0.016820960276811237,0.005954552154674886,0.021590835421243737,0.019847837882911668,0.025512731247385956,0.005417340228821121,0.0008185159853280055,0.004598720769707576,-0.003940604927638702,0.012973090557577116,0.014293700341545534
2020-07-16,0.0033085958028722384,0.0017408729905905584,-0.004548354448791314,0.0,0.00027937540456202115,-0.012355823583076186,0.002126575294732591,-0.011731035346191798,0.012728095720613952,-0.001624743170733911,-0.0026701541762761405
2020-07-17,0.008408808106885601,-0.002259279039017903,-0.013974539512097817,-0.008281263192524313,0.006008441504357753,0.004891441609639946,0.005386941383001886,0.013896894145237537,0.022588350206285135,0.013689528433271203,-0.004685101964028937
2020-07-20,-0.008665764236180817,0.012018673755712639,-0.016625748225405967,-0.004592997434591295,-0.012222278238861572,0.025554488482255833,-0.01006646224062524,-0.009423162039474797,-0.013120920186604157,-0.00018904369721761682,0.015988925632436146
2020-07-21,0.008741516154240347,-0.004818906279807855,0.06042140931071427,0.019714540620386245,0.01321705542964291,-0.010040211827640477,0.008692824962131862,0.00028811102545578393,0.004544121138992052,-0.0006611854435539799,0.001544731336739158
2020-07-22,0.01160894626159914,0.0010378123930794292,-0.012284533501845663,0.0,0.008048820220370345,0.008021525313975708,0.007967483534928155,0.012103716248944796,0.015412778020642781,0.008979506768352019,0.008590638867307598
2020-07-23,-0.003071032918182226,-0.01624104262003212,-0.001852335900947577,0.0008227714917761197,-0.0030286199716312856,-0.025976644804590943,0.0035490021223427703,-0.005124744751586197,0.0011549387274414347,-0.0044966569910271925,-0.01499707339274814
2020-07-24,-0.003404879639264724,-0.0015804238608499999,-0.005567573571982787,-0.0024660247446628425,-0.00800880962160766,-0.01211371380749815,-0.0012860082121054495,-0.0040070777527075885,-0.006591940066755453,-0.011009632887603038,0.0017739591676388944
2020-07-27,0.014478882784298985,0.006860314041414739,0.0010667885004389532,-0.008240751768574306,0.00417580010673313,0.015779528488335526,0.004989520050826757,0.011781531923805488,-0.012110102822766922,0.007516628847000328,0.006197213853575079
2020-07-28,-0.02196932717684863,-0.01030755243369108,-0.017044128705224537,-0.002492750254269982,-0.006930956332793947,-0.011697601117767964,0.0036835481803254577,0.020164890303485894,0.015113594931083663,-0.001133156202628105,-0.009898812426082038
2020-07-29,0.008198185264104652,0.009179164321905908,0.020861682172463647,0.01874217088775021,0.015215024879194905,0.014487586456221502,0.001436033827518779,0.01893047349386956,0.004631755248349245,0.01049421845199805,0.010146071762784814
2020-07-30,-0.0193526376468377,0.00279870681465888,-0.039278371698143966,-0.01798841500254922,-0.01003696697285894,0.005599702520923566,0.0,-0.00819619556148421,0.0,-0.006923567295241129,-0.0008064245901036049
2020-07-31,0.0009948634628209607,0.013954127679107087,-0.004696155784220002,0.0004162645063605641,-0.0037501341315858694,0.02496769347201888,-0.0009559123521919455,-0.0011021589968790435,0.0016466841666660237,-0.005747011388571699,0.005209347722875846
2020-08-03,-0.005632900579892408,0.0008604169273911388,0.0036085005627961575,0.0029129908417706574,0.004182320093149894,0.024630883927681202,-0.0027114462738352385,-0.01599565060405972,-0.0108501438507973,0.010328793014640736,-0.002116707007669638
2020-08-04,0.01416202472702821,0.006359433997266795,0.024336095082659437,-0.004149353582510784,0.0024990100355692935,0.002563200833357815,0.01247413095222294,0.014854177635263088,0.010969160823656399,-0.004408147804328966,0.008046544293575764
2020-08-05,0.0146212473304288,-0.001537102999476847,0.010529150772331297,0.013750025752079509,0.019110856387316355,0.0037021028616686102,-0.0020533489410470285,-0.007456484658331597,-0.012822931277136629,0.004616246258431378,0.01219038019518659
2020-08-06,-0.004209969704797145,0.026342628792431322,-0.008014980613683886,-0.00041087385338967053,0.0038048674971185026,0.0140525847516777,-0.00015852885225109414,0.0019476641043087994,0.005828773857925018,-0.00534518492115188,0.0048750298159079275
2020-08-07,0.0034147066834917528,-0.0011666776840562054,0.0013468269948804235,0.02138143376156143,0.01705700409654809,-0.014897015344762732,0.005382405593464368,0.013607468040773396,0.018046311607144983,0.00320537086528927,0.0014980993292299516
2020-08-10,0.009723123050005,-0.003337219844339545,0.03093047328752596,0.007246436602994288,0.024624287192853034,-0.0028133975360041807,0.005196024991620307,-0.0016436409148546938,-0.00032528112102725437,-0.003383170558146298,0.011967550118655579
2020-08-11,-0.0017655375949843233,-0.014900313533665055,-0.003391659201975039,0.011590540860659582,0.005325860005533034,-0.01798629249317618,-0.006892244339588571,-0.019209964411002534,-0.021636604641812163,-0.006317690384975649,-0.0019711160958356677
2020-08-12,0.0059486426908534895,0.011896643316774869,0.009947647187644959,-0.002765756249290874,0.0032302244095323562,0.022715074561856063,0.012933751315644226,0.012591161286431785,0.014466298212797879,0.016796529909982816,0.0132600183636844
2020-08-13,-0.00015981785681795646,0.0050388898395106185,-0.019439954645740443,-0.006338806963495647,-0.005281016926833915,0.00043884973875996103,-0.000778495125940637,-0.011605383441390504,-0.0016389777349009593,-0.0013068076645960103,-0.0004175983555924079
2020-08-14,0.0011189038185359657,-0.00016735463897687985,0.00951602568615928,0.003987048411415284,0.0038850129311780446,-0.0007020616259850732,-0.00015580649953073067,0.002515873641021349,-0.008701432607222781,-0.0019623465233642445,-6.977718597622751e-05
2020-08-17,0.004470613088088271,0.0011699925932164845,-0.005760642865100474,-0.01667970712834954,-0.004643672947286959,0.006673815765549707,0.005610807199976753,0.008923848082240893,-0.0013249684168009646,0.005898849672619111,0.012884304913969968
2020-08-18,-0.004132875328063612,0.009014965193840041,-0.012641590010742831,-0.006462201531525769,-0.005442425958107289,0.0037509104785158343,0.00402975092288993,-0.0011059426226757152,-0.004477503149871387,-0.0002792281001579022,0.006187969631524792
2020-08-19,-0.0028730483035678267,-0.002812647514289668,-0.011469743021173984,-0.000406536048314865,-0.002605880505685998,-0.0012165308401385078,-0.00787267803334224,-0.02047564046633865,-0.002998427568798201,-0.0032589085674457063,-0.00471519627012662
2020-08-20,-0.0035216212701547622,0.012443975165874477,-0.021586584155687483,-0.009353186685388981,-0.005355887092862388,0.01331232775369151,-0.0020228163408981814,0.010734324089042735,-0.008855846523595612,-0.003175948963516806,-0.0015103099915372287
2020-08-21,-0.0057832931860678505,-0.004424716441178034,-0.0063432361137287785,-0.0020527930206771794,0.004071074985982248,0.012708197161598767,0.002494554599369092,0.0033540141016767944,0.0016858252006590746,0.0010306920946903109,0.005156886760792956
2020-08-24,0.01761189315992362,0.012181136244975743,0.027477141223674506,0.02385846105225231,0.018051280621619092,0.008648386515601736,0.008553689465715886,0.0013925817068005664,0.008751399650415603,-0.0045872137983693495,0.01518663606636661
2020-08-25,-0.003969504413470548,0.009432196767971357,-0.01404619649717509,0.002812256436155458,-0.0012845927598131857,0.005043848102352699,-0.0021589661487794176,0.003059818541226722,-0.009509329122956212,0.006771432221796436,0.003302462109505244
2020-08-26,0.010521280347639772,0.03415493003524572,-0.021095819207900712,-0.004807479041934459,0.0005142195467906507,0.020324474292769734,0.0012365307573225515,-0.0069330421420538135,-0.011116887838519052,-0.0012141794403740525,0.009872950590489094
2020-08-27,-0.002681758581054572,-0.0121512631843812,0.001958730078076343,0.016908096881492307,0.003600470171111425,0.000819565118994614,0.006173648319649061,0.013404236941648051,0.0032362620061725522,0.007856069772896657,-0.005387430193990683
2020-08-28,0.011863507408861995,0.002365616056638764,0.017877297986172325,0.003958721886173411,0.009481261319438383,0.008764126247963633,0.008897017118749018,0.007715709628314915,0.0028863922499307026,0.0022272171352339942,0.006553278541373553
2020-08-31,-0.01531991259964749,-0.004720066248771193,-0.021679384128623136,-0.01182966988422951,-0.012438239654075534,0.003166846849741889,-0.0028886449372805822,-0.008750085307238531,0.003046926457130228,0.0024075405443211295,-0.0029233315533171433
2020-09-01,0.028099827760586615,0.008220295054511828,-0.006732267691366922,0.0027934322217895158,0.010152913208802072,0.019101520087563273,0.001067466740036993,-0.0016554228414246142,-0.01147667804113428,-0.008960212471726292,0.010460660908911068
2020-09-02,0.02269934456186129,0.021323223893408016,-0.004800994442555218,0.014325627011041453,0.016539603532516045,0.00889499906146285,0.018126367257855325,0.022381874895204934,0.031073830138315328,0.0200394392306511,0.013846747014967908
2020-09-03,-0.02763114536356559,-0.033926949231848136,-0.007378179506756011,-0.015300243677854541,-0.028035059662653183,-0.05699417847972155,-0.01720538763012114,-0.016756855924990655,-0.011260029138002836,-0.027229659026372754,-0.031737962851137835
2020-09-04,0.0006213048849175173,-0.018274424576731674,-0.0031443328186450126,0.007569728292886602,0.002317521202135131,-0.013941163450394756,-0.002283492461272796,-0.0035730429418719956,-0.005694016345036523,-0.007138912083984206,-0.011552854675096591
2020-09-08,-0.01877751420013396,-0.02638380985589539,-0.0364209340646281,-0.02570212888261092,-0.018755813028199397,-0.045208315122650666,-0.02105571129507955,-0.012690106185284322,-0.005558558874772412,-0.01646148799416891,-0.013115149669691406
2020-09-09,0.02577921166836572,0.011969994651724436,0.006845195395310144,0.010146391577531721,0.015448544618041238,0.03262997054619543,0.014494821583441286,0.010897193816857165,0.013211395349643773,0.017698804576731897,0.018867177097936283
2020-09-10,-0.009404949682227826,-0.014785510829108284,-0.036653900604352585,-0.014061706646686045,-0.012764627781903903,-0.022582720474884743,-0.012290526636439814,-0.014096657068776608,-0.01721819921253054,-0.015311573150760704,-0.014327587696561284
2020-09-11,0.012762594184849707,-0.003168337908677543,0.0009205667243019633,0.006927235015307787,0.013582807961735055,-0.00764338371699913,0.005599530898991789,-0.0033640336834339646,0.0023811530501660627,0.003935432316216847,0.0015084580812569914
2020-09-14,0.014446091626414415,0.0038473513636390066,0.007663943268086948,0.013759584673620484,0.013529085404262453,0.0209812280138022,0.006496592249241706,0.02447244655889791,0.013745174615640732,0.014341627526864409,0.010611352684620545
2020-09-15,0.004847654620145692,0.017830607314278435,-0.007301436529857153,-0.013572828194813424,0.000635571940128532,0.009884583575309192,-0.001382999937530105,0.013179794101474407,0.006695662697566052,0.0013197072657940012,0.00819677100311611
2020-09-16,0.0007537919115550018,-0.010805647894299941,0.04014728874444806,0.011331654056699891,0.010163961198994542,-0.015454696110303145,-0.004463020767992543,0.006504110643100303,-0.0013301804027854303,-0.001694530200774258,-0.0055768209039137595
2020-09-17,0.007381725301732089,-0.018371333982213134,0.0014732030965769471,-0.010404218811842947,0.002012192312686123,-0.008284483332085424,-0.006338020536141409,-0.022078479136733664,-0.008158680332547297,-0.0033003943340587094,-0.014054199971385573
2020-09-18,-0.017197465702557535,-0.009610513283412558,-0.011179831141854502,-0.002021738602920875,-0.011170806574264058,-0.01723536932613512,-0.0091786485771862,-0.019824114986215724,-0.01762615144359958,-0.0015136436463729641,-0.013911635171841463
2020-09-21,-0.03366365205881383,-0.011703132141616335,-0.03314590182728494,-0.025056065319843168,-0.03319564035162437,0.00831285177851293,-0.007628582260254091,-0.0267610465462238,-0.006221879706801103,-0.01847398140023171,-0.014444309194290628
2020-09-22,0.0018986510869971607,0.019333562138643012,-0.010322332318703498,-0.008357872004557954,0.00988535692428072,0.015830557648093047,0.005888956581004079,0.01190488918278243,0.006243543495520809,-0.002132025359489864,0.021128965970413915
2020-09-23,-0.02937029985238393,-0.023878243099916152,-0.045195898685446934,-0.022334436416058145,-0.017880450706506013,-0.03116792212853403,-0.01503176114973237,-0.028694640118466452,-0.01533967262105862,-0.0102953534186907,-0.016401341436336314
2020-09-24,0.007158114557234141,0.0019083878816530397,-0.0003310141597043792,0.00215514625520119,0.0014622446513399279,0.005602847094708263,0.007389495073847119,0.004726838088849883,0.011202606150441552,-0.005004780494242467,-0.0004219814525631138
2020-09-25,0.008883758160780797,0.013333618720904106,-0.0006622475327193733,0.010322600238126256,0.014994515785151652,0.0239035780888901,0.005262185264460095,0.019405875313309506,0.01644470418242383,0.016076739181402955,0.013021732183344126
2020-09-28,0.01617031714406214,0.013328665758058245,0.02352560064228415,0.023839946853160043,0.0180414830183393,0.019133143609712633,0.011262970522927462,0.017306388241485227,0.002554188247983813,0.009027175912131868,0.02091432397008175
2020-09-29,-0.007404804773128881,0.0010118117582005315,-0.027516974191134413,-0.012473948348614483,-0.008860931377064896,-0.003358686720376536,-0.006588407102248839,-0.005103735279129551,-0.0003396959074115635,-0.0012506465441058934,-0.007759086075387223
2020-09-30,0.0101587210711096,0.0006740176211823545,-0.002996142809386315,0.013473501994768489,-0.002591000386398923,0.008381432863576732,0.012158598421795341,0.005129917017591357,0.009006112004822597,0.015989365943668732,0.008162674640218803
2020-10-01,-0.014142262070855338,0.014309482050108846,-0.030717751151853823,0.0016619393879284683,-0.0029880425509497544,0.010539833096056883,0.00561626357947298,0.016444245509110944,0.010104411901788568,-0.003413068224949245,0.013063141210190254
2020-10-02,0.008925753136691084,-0.01975096065679316,0.009645133720784793,0.007880504037087066,0.011205244529879588,-0.025353847981823496,-0.005584897324036997,0.016178656449730155,0.011837123241957404,-0.009132342276926275,-0.004231010201076302
2020-10-05,0.019115541508681666,0.0164238458272421,0.030024095771128412,0.01646087901470983,0.016106138992198815,0.02192429689620745,0.006708312919346815,0.005490051949809338,0.012522900424897898,0.020545466529804823,0.013219013128346058
2020-10-06,-0.01255637508391716,-0.02098919200984084,-0.01490581295489124,-0.010121335211407567,-0.01217359810226526,-0.015494591069450614,-0.006508565722861848,-0.008462903958944556,0.00846185989134507,-0.013264546134760802,-0.018505090571766192
2020-10-07,0.025745647500290403,0.00731652759703505,0.014122384941454236,0.01676883182426958,0.022079763132338837,0.01833282937020031,0.010762934220213127,0.0027528956347337985,0.006132010161683299,0.018876990713544872,0.022855360526635504
2020-10-08,0.01010112517025119,0.013006760433103004,0.03746699955427979,0.013676558363411306,0.009922127253086499,0.00517998798471031,0.0066354363850027465,0.016749297884244063,0.01828391334263757,0.0048656665473554295,0.006564210619362187
2020-10-09,0.007727254418936624,0.006003045028678766,-0.015979669490265302,0.0011904784737795104,0.0037307437085405404,0.015291060422503167,0.007818481437725788,-0.0027002994504691236,-0.00015745303515579678,0.00903256250459683,0.010407541977814239
2020-10-12,-0.0016538413648868877,0.026354970246971865,0.002598382578975489,0.011097698476931761,0.0056992867414467074,0.027292337468622252,0.011560879438258898,0.005144772117628316,0.006301245140821088,0.0068289444455083,0.013299464964889651
2020-10-13,-0.008885618844271304,0.0009689342802328138,-0.015549205730008508,-0.019207892229334167,-0.01108784915874339,-0.0063987476185903835,-0.0007517319121805865,-0.016971939968944416,-0.006887966887026198,-0.00760765792505802,-0.0001929877426620763
2020-10-14,0.0028871495572038164,-0.011939336296589276,0.00427754147273407,-0.009592343863622843,0.005606238967136967,-0.005298915080480637,-0.005116844100297224,-0.011510225488362447,-0.001260972533866478,-0.00581880172024507,-0.011068305603820328
2020-10-15,-0.002878837921573285,-0.007674756833772944,0.012123432169759418,0.007667431538487923,0.003592922894298578,-0.0045073718735454404,0.0006049599912985038,0.004713195787019453,-0.0006314602930447277,-0.00724632969460981,0.003709144543323939
2020-10-16,0.0069897573439698935,0.000164776943895939,-0.022660912258256394,0.0008010187868277008,0.0072825572424681795,-0.0028812730035664424,0.0003024304941701139,-0.003587102914635376,0.010739185598994228,0.0099194539002192,-0.009076127152415348
2020-10-19,-0.011618945268900949,-0.017933747396098654,-0.021199402643390153,-0.015206250715824265,-0.012377368155204405,-0.018328903513629924,-0.012996912741547906,-0.015785315427486957,-0.00843738801440086,-0.015845068655504613,-0.012299702856990224
2020-10-20,0.002290143305553327,0.007204029815519153,0.011844259107294919,0.008126936471564594,0.005211973626474853,0.0034481594906343727,-0.0010716819164855451,0.006752938529986041,0.005987891143986124,0.0013182514199796547,0.008014847278271953
2020-10-21,-0.00380816262535022,0.016799699109866673,-0.019063351172294962,-0.005239775948799763,-0.01012246587728105,-0.0015087576005081704,0.0009197438619505949,-0.00363309181541982,-0.002663015919586176,-0.004983471864956401,-0.005454088952954961
2020-10-22,0.0055043710435807025,0.006543435671913844,0.04125483083203685,0.019854197348039504,0.0082304028805118,-0.004700589378095477,-0.00045958446754479354,-0.00701271235265688,0.014135672127792986,0.01511985779327607,0.0020481759128021526
2020-10-23,0.003649794377280413,0.009426320958991097,-0.004911713891646463,0.0031781142426288156,0.003957851573334503,-0.0010964289412118688,0.0018383720836709916,0.006497245769515825,0.002787588287602061,0.003723740755414928,0.008769523390530498
2020-10-26,-0.025000088612346816,-0.021896685466598953,-0.035867068862130314,-0.022574053466620003,-0.025009294961226836,-0.021698759088539576,-0.012845665345220247,-0.01206842942679276,-0.00030884780331386086,-0.011129623304344083,-0.019216833838455183
2020-10-27,-0.009479415097978783,0.0064197336124041104,-0.012969202135390434,-0.018233420478649842,-0.0218596654371509,0.005005578626337215,-0.0026337966151896985,-0.012784384646761127,-0.0007724625868924528,-0.006846770474003727,-0.00046666283360519145
2020-10-28,-0.028239753903775977,-0.039254128425323165,-0.04183953598778045,-0.025588219070776352,-0.03281252695068304,-0.04242171734643674,-0.02920148417666224,-0.02215824458538873,-0.02906618162816954,-0.03173112392184807,-0.03160392184049032
2020-10-29,0.020665214488372996,0.02519564119478912,0.03067482112990949,0.007623903111562802,0.01455886589806421,0.016680344015183035,-0.0003200923785898757,0.011477651551656809,0.0027070447454347057,-0.008192502226643028,0.0063345036934527865
2020-10-30,-0.0006326938846139551,-0.01693775227275307,0.005602123110767465,0.0029424479407282877,-0.0011852386258961456,-0.02213992054497005,-0.0035210844968492916,-0.0064012936099550055,-0.009369593452718261,-0.0002951320338946406,-0.02182570574149756
2020-11-02,0.03323840058424565,-0.0005070324827248784,0.03412259595320499,0.018859964680776997,0.027020004741770798,0.0025256228488430565,0.015901081101763248,0.02459764570502987,0.021962206777532467,0.018001320372212026,0.007134548205325997
2020-11-03,0.015624963349671894,0.014872536234127542,-0.0057239490722362785,0.022213038117281814,0.029517417219607323,0.017635465750082346,0.016442692246047663,0.015718583353722115,0.014431198000237178,0.014590755897736063,0.022015087902754527
2020-11-04,-0.017043788006278815,0.04313086467035543,0.0013545462815118814,-0.01166993072373923,-0.010346521956094534,0.038903650815696356,0.00046653011791919496,0.002813638050446432,-0.01499908061127786,0.04438092174326069,0.021269628153467668
2020-11-05,0.04081625726860638,0.019316699421342953,0.0,0.024429928547000213,0.023554760210748427,0.031063797955591443,0.007307369665842778,0.0036478800692436586,0.008948209037426436,0.002005963564571722,0.01949574795844078
2020-11-06,0.0025064482835837065,-0.0023492732040466535,-0.021643423485387725,-0.007949280292583683,0.0009844449331857241,0.0035493965184751897,0.004630114756061676,-0.003913905782023108,-0.0021782915565407013,0.0003640525379149384,-0.00300255512247416
2020-11-09,0.022499883969951506,-0.008477362233777597,0.14275845255886943,0.08213169538274823,0.034054437467303744,-0.007238115419563651,-0.0023044555722016025,0.02638230276295861,0.01855603907480874,0.009370429680352066,-0.003272785770068176
2020-11-10,0.011793699240145727,-0.003166499667680678,0.03236511809098097,0.005183093463190236,0.017596212370473818,-0.018641290607107286,0.01971048903079442,0.005468718781316939,0.014390627652419719,0.0028841827814602983,-0.003546939395367543
2020-11-11,-0.014925385767853627,0.009053242139662077,-0.010254844859019174,-0.004051315528143862,-0.008412067169799697,0.023723097622964984,0.008607659597940076,0.0076148022121655945,0.0037730610562010103,-0.0012582291654420485,0.008766582258470601
2020-11-12,-0.02106822379692541,-0.005666466564621553,-0.03226755331816322,-0.016642274297271387,-0.011429379402238538,-0.008906510235957232,-0.0026948680336313924,-0.01025647014043174,-0.016087842955533005,-0.0036892473053785624,-0.013394335393941526
2020-11-13,0.017246684810468205,0.014880548137327754,0.036402629477798376,0.01654758149850455,0.022169275920555176,0.008487248458375563,0.013811886492879566,0.022907146889755037,0.009932648582664294,0.01264471751985985,0.016225050792390894
2020-11-16,0.01970755195752849,0.006394969788674487,0.0658204744426536,0.022197603137767086,0.02437020296817627,0.009653666185997833,0.009180814488623623,0.006398340354355714,0.01013782024066523,-0.0016947939594709194,0.01309868089321653
2020-11-17,-0.003694956669136551,-0.003564480280690119,0.010246405102121825,-0.001447653932068249,-0.002617944626487456,-0.005557054850063081,-0.007043250013755165,0.0005297594343509626,-0.019622660072757925,-0.006522031872536527,-0.0042456287380310265
2020-11-18,-0.008272791293400306,-0.010110489656504074,-0.029056837836779037,-0.009423773201831298,-0.0044508864907052414,-0.010682849912321157,-0.013743060346125602,-0.016944483676389788,-0.019556719684031276,-0.018615201075491528,-0.006847476302704769
2020-11-19,0.004170931223924423,0.0061282028230023045,0.016374891465941843,0.0032931679970105154,0.0025215134861327204,0.008057008123668163,0.002696886567038037,0.0016158779610819796,-0.009973653015885375,-0.0007328036603841959,0.004943284530798175
2020-11-20,-0.0008592681959103121,-0.0023425433041639465,-0.005277744356886993,-0.008752751999714592,-0.009033545229083395,-0.010299850531327537,-0.006275985963624442,-0.006722076412529643,0.0001574959143728627,-0.002292626766841721,-0.005242654292297422
2020-11-23,0.00831399206366723,0.0004695078921950202,0.07065046899532801,0.01876383317776198,0.01673210647998169,-0.0002496300623001657,0.0003005733581089576,-0.0032486895627211743,0.00015725812263034378,-0.002573510660636491,0.010996283314760325
2020-11-24,0.024879388420804727,0.02049751537154587,0.05138241795842302,0.03503063698007458,0.01747826746636094,0.013907256315540018,0.006765145877188239,-0.0005432025738715263,0.010700460228895148,0.002948842379549177,0.014866582139369866
2020-11-25,-0.010403612663627992,-0.00015341064900786794,-0.02331930504712798,-0.003489214794323514,-0.007584765714254038,0.0021354516958353997,-0.0005975206220696361,0.002446021525414954,0.002646635125426622,-0.0036750813758723577,0.0012050420025297992
2020-11-27,0.005186407865973575,0.006440901689189982,-0.011684070219750597,-0.0031512667646501624,-0.001686412633441603,0.005327448906754739,-0.0001494200334234419,-0.0018978814632260033,-0.009938033430369475,0.009221631964082766,0.0021536573185967356
2020-11-30,-0.010040639440685117,-0.0035045001022994127,-0.055255679904944954,-0.020723585365315378,-0.008894206034991914,0.006685180793132295,-0.0001492446008261039,-0.008690866171536249,-0.014429008180268044,0.0027411806955401907,-0.0060678170755184
2020-12-01,0.010987403149775865,0.01834838889049295,0.004624691133708003,0.01542329859285374,-0.0024991641347336113,0.012795744058038627,0.00881755842637899,0.012602687455242512,0.007001962892762448,0.00838358569860631,0.007440054425869036
2020-12-02,-0.012818496317261618,0.009309661784785206,0.032494084504245846,0.010950240425174007,0.0013667074006105118,-0.0015192830537327229,-0.00829607918435682,-0.01055179789832017,0.006637182651662021,0.007500334117018115,-0.006248806600839818
2020-12-03,-0.006916130184906555,-0.004463349008004713,0.010490113051807137,0.00034921087593620115,0.0026157507923458834,-0.0006407084019959264,0.002539431236994405,0.0073827042793293,-0.01036111023964914,-0.0012557461615593235,0.002794756003782428
2020-12-04,0.020181974609251307,0.0008968404274438679,0.05450338086601114,0.012225086930933937,0.01190996484995055,0.010016873001048365,0.007748410252998772,0.013301209882933263,-0.009993569617796738,0.010687000966620674,0.0009501667008742221
2020-12-07,-0.0065479611802364834,0.006270394290467385,-0.023382221076159726,-0.0069013731030632686,-0.00482000893554857,0.002856139591548512,-0.0038440582484539076,-0.00991179922141261,0.0056078827678336385,-0.006131232995738145,-0.0022780537398680023
2020-12-08,0.005609576416051754,-0.0014835910705679467,0.014869276381072716,-0.00034741554016437526,0.0048433539448407,0.003243561581280252,0.005491777263640252,-0.004599389890320937,-0.00302733942601241,0.007599619013394898,-0.0020930091431345943
2020-12-09,0.0005575496853877926,-0.011887080986706877,0.002234958471534876,-0.0024329000427079084,0.00224197487894906,-0.019162510796326693,-0.0039857745801047395,-0.009241784470581771,-0.001757882189593607,-0.0034607136182222,-0.0009534276875724501
2020-12-10,-0.006132415161548277,0.0006018311287281364,0.03072340826946962,0.00174191931391654,-0.00950686990656191,0.0014472573896380236,-0.004446331554164296,-0.005486723439982355,-0.005123389420713997,-0.0016914080565894052,-0.0008905257013245294
2020-12-11,-0.00574950715570377,0.006011181880215544,-0.01153861450754623,-0.010086952555631523,0.0023712721900583933,-0.002087532820637117,0.0022329635064146647,0.0005514898669849444,0.0016092453019214137,-0.0039245708933443035,-0.0047758394552736005
2020-12-14,-0.012693889343624032,-0.00313704039621443,-0.0350195820141298,-0.011595170927151455,-0.012954716461487492,0.003620408461036284,-0.0038620214591987834,-0.007168589091646194,-0.00514142730272138,-0.0075214351389154555,0.0014717454962802634
2020-12-15,0.01814278750005549,0.00824194787450816,0.019657613133236218,0.01706381610839247,0.01392377375356002,0.016673296476568122,0.002385888308404027,0.017495546596272726,0.019702956671096894,0.010826455059307794,0.013479816848741999
2020-12-16,-0.002805855061278506,-0.0008915627392842573,-0.004943238320058718,0.0017474724230106542,-0.006190851366917993,0.006780879028457809,0.0019338175916565614,0.0002729040793978399,-0.011561571237972301,-0.0029454372383226346,0.006555672452001948
2020-12-17,0.011537721726076366,-0.002529067383716055,-0.004719353013279415,0.0027913278417446286,0.006116041919947968,0.007909639393692602,0.0063846669481415486,0.011732176125492932,0.006729705081443438,0.010742213211869078,0.0068260609301162845
2020-12-18,0.004450886361111017,0.0008946809389664967,-0.01672086837852116,-0.008698573109362728,0.00011268565007527265,-0.0034964479080852318,0.002213193143390413,-0.017259669848309955,-0.00859472063514144,0.0007969705084753809,-0.004851415842714535
2020-12-21,-0.00530222306257333,-0.008551777464078314,-0.01928999702531542,0.013480002383935208,-0.006035704350650928,0.0010005126409002862,-0.010776960601111107,-0.009006635916808059,-0.012109764237927867,-0.010005665044771406,-0.011296778738050461
2020-12-22,-0.006156446604473675,-0.009333186648483593,-0.016784509357774202,-0.009749006016664952,-0.004662387771027565,0.008666618418182725,-0.007052904232806023,0.007012570433985843,-0.001966524150786131,-0.0030517444748298095,-0.004306533918667643
2020-12-23,0.0014074914869466326,0.0057744824366465775,0.02213913142777546,0.01652604834980953,0.005255272185564319,-0.007585919536820085,0.003324628931253404,-0.0094707199360885,-0.0019704724418123654,0.0007201852459892688,0.002162782682510578
2020-12-24,0.006326535080829698,0.0010575429571786366,-0.005219344904764278,0.0013834066682021362,0.00011376206551361179,0.006629422488070302,0.004970748076037701,0.00984263815592512,0.007074689883866947,0.002879190389609265,0.0020943648250164593
2020-12-28,-0.003911547330455845,0.01795917693799498,-0.006295941430533802,0.004836028455312835,0.0012499264431709012,0.011312923153731447,0.007943732539279269,0.008075658607520353,0.004410853440030893,0.002511602950560299,0.011400968209705376
2020-12-29,-0.0023845415794198077,-0.0008895069646159826,-0.006599704535616979,-0.00343783528684094,-0.006014991078747478,-0.004750412410578053,-0.0029740764590965307,-0.007734698656218009,-0.0001624022966829619,0.00474271484783384,0.0003132039488020766
2020-12-30,0.01377786155403049,-0.00667739081639851,0.015678967827374768,0.004484422946350097,0.006393991045979597,-0.0005389511108848666,-0.0010440774637361372,0.005567760044531855,0.005043002846286226,-0.00017788434251231333,0.006010098312456913
2020-12-31,0.0038831493784097226,0.00806691387082692,-0.008372462571336281,0.012362453279569419,0.00465171498666872,0.0014635512598395461,0.007017234702553221,0.012181627211336865,0.014891482076886176,0.010511309270250901,0.0005599660434529863
2021-01-04,-0.00953193664739016,-0.014819058543975805,0.0015828922319509608,-0.01356843175302036,-0.02416714785945151,-0.01630499326291457,-0.010822950801809172,-0.03227579481927112,-0.02519909568636014,-0.004319634837466557,-0.00845874450098938
2021-01-05,0.022454755097525814,0.0036100622427652773,0.04478435347280563,0.004470328306379612,0.009837123214219146,0.006489238301504052,0.0,-0.001130612487337701,-0.00016387112337568066,0.0072599863840818735,0.007464654419010008
2021-01-06,0.04092214594697885,-0.0047962426811433145,0.03050931107516819,0.044163071928958963,0.023836415192148852,-0.017245348510112057,0.0007494582164584429,-0.004810429428606211,0.02487333043114126,0.013711786418213023,0.010211264779025342
2021-01-07,0.007469740076516462,0.013252884985266222,0.014680457523297497,0.014426229058807527,0.005484746479080371,0.0269543313924816,-0.0029953912370668245,0.003127668673056583,-0.013092888727945007,0.013006344705799755,0.01929117300318839
2021-01-08,-0.004812913060936341,0.0031217679502553164,-0.0012055970842871355,-0.000646455382249389,-0.0024490183194145754,0.006465439501565973,0.004957241141822166,0.010771102607142202,0.008413003295839605,0.004793103215608774,0.02061896054275003
2021-01-11,0.0,-0.017780836144413836,0.015692799757760945,0.0032342325837964037,-0.00033474759275742283,-0.008259073573017695,-0.008520115826649244,-0.016825450098756245,-0.009305447683330414,0.004685274498147596,-0.018662159241322196
2021-01-12,0.012678263534365408,-0.016141091084708292,0.034941736393508505,0.010315936765882938,0.009935246323780955,-0.004781427751979095,-0.0033168067900850584,0.0008554880902347239,-0.005344172891248222,-0.010852948135534057,0.015274398927719979
2021-01-13,-0.01019606309388954,0.003526393619811996,-0.007808815582007744,-0.0006382044851455104,-0.008621615934497506,0.00635379898563726,0.0015126807032725953,0.01367902319717662,0.019537828774392585,0.002743131218207351,-5.972446294122413e-05
2021-01-14,-0.0033906525052473935,-0.005653002250354033,0.029629534986918893,0.0044700841387559365,0.003456371948532766,-0.00877737597904038,-0.005286418884819288,0.006184865748353641,-0.0038327691655424267,-0.003163144125396089,-0.006363070319863939
2021-01-15,-0.014261503122603991,0.003226741352581275,-0.03889384325587841,-0.016529026104379008,-0.013000142789130531,-0.010253118423943497,-0.0034923263476842603,0.0153676920956749,0.009778812839901452,0.0030872927653131654,-0.007720248127833673
2021-01-19,0.003450961041418177,0.018073362925178138,0.020117043273982782,0.002585686414485755,0.0032650202133359674,0.01302786819280799,-0.004418518770339275,-0.006604468885156867,-0.0038101850083008815,0.007523299264532657,0.005669197542426119
2021-01-20,0.003307087054977176,0.03144241930749092,0.003668618838873039,-0.004190887214091332,0.006171089017889653,0.019832493936435602,0.0018364208834560358,0.020775850507722238,0.005896466340461037,0.0055154973477606895,0.01889198642793577
2021-01-21,-0.014634254670424895,0.0036464200352224196,-0.0338127786404292,-0.010683001024878291,-0.007806226818442674,0.012914462083257083,-0.003360756083572003,-0.0032565933808822445,-0.005861901833608019,-0.004725765484308031,0.00464985284226227
2021-01-22,-0.004816743253688527,0.0004358170582534626,-0.005202362159557716,-0.007198952208141929,-0.0051703990800258115,-0.003825024959671408,-0.002605762934515976,0.0024505178542102435,0.0014342486223897222,-0.0029676980967148214,-0.003398064137679513
2021-01-25,-0.00524336616027643,0.005810542809015384,-0.0102212133947861,-0.007251015124894011,-0.006778903136745007,0.008356401045777506,0.00998913798815848,0.008962403650859763,0.020050936550131793,0.006548284717333486,0.003703761582559917
2021-01-26,-0.013785262673318255,0.013576565767379645,-0.021373557385127695,-0.007968516773711798,-0.009213998701631754,0.000672137863339417,0.008977507172107213,0.010228738694470607,-0.009984338429496531,-0.0037176136352879974,-0.0006443214267967123
2021-01-27,-0.02946424770370082,-0.03234535931892646,-0.01349702147886167,-0.029450932705557875,-0.019862213879976887,-0.018876616056493267,-0.016890280635129096,-0.012789807526045527,-0.026946189460755443,-0.030359523187770465,-0.030828701881929987
2021-01-28,0.017226591651969603,0.0035336885490637737,0.011691603623819047,0.01862077386052663,0.014876283632111909,0.004106569792870829,0.003834971021964062,0.0026991582744395615,0.011983694299778191,0.014605585403790755,0.0031444906294815222
2021-01-29,-0.01943367322120504,-0.01863512567500958,-0.03319370187219439,-0.019972934677047194,-0.021583440868599646,-0.023553652563081395,-0.02062963551259922,-0.010497879014057077,-0.005440737381553706,-0.008447382159837757,-0.023330073667300888
2021-02-01,0.011749877088698346,0.01869025914204503,0.007120691137839641,0.013126084460247878,0.010381004797475946,0.025052570970425014,0.0009361191193490992,0.022578918460807174,0.004827247073544205,0.0038250179618946056,0.025986072366747548
2021-02-02,0.01315199951868351,0.015264700124296926,0.010858632798723677,0.02420729978256131,0.021249239066740255,0.013544055639093333,0.006703147578292601,0.004256261989869392,0.0081663305156916,0.0028578501771918674,0.02123680199152056
2021-02-03,0.001933823333437834,0.013445358616316794,0.04271825738458901,0.00565911413025777,0.0006859692334537648,-0.0034340871935090167,0.0015483830584659408,-0.003973540941644593,-0.0031766672476227775,-0.007081092336956862,-0.005596354164957296
2021-02-04,-0.003583787796640814,0.005991220873827308,0.011020433245386707,0.022178140685524594,0.010739264203392995,0.01595660300948043,0.00726669745523556,0.005585270985974278,0.0078075301061191205,0.004174673048775057,0.010663418062887065
2021-02-05,0.01715321398972547,0.012620778447598902,0.008530933206011282,0.00032368645707236965,0.005877556202497525,-0.002212002208722419,0.009362990312207664,0.0034379898205649795,0.005375574099106606,0.0018186063589344936,0.009554626844727299
2021-02-08,0.008295961828399312,0.003920837916557396,0.04182316528259089,0.012949223383576847,0.008540315242051122,0.010493558599033781,0.003801729678565291,0.0021088287871389166,-0.007705693021352822,0.0012103468297910425,0.005690257220513084
2021-02-09,-0.007418589206482973,0.003347817139563114,-0.010599859135790646,0.00031951195300683466,0.00256291665455044,-0.0011704821480270633,-0.0009091556775010501,0.004471225827917147,0.0014262932362196779,0.0014680427534401463,-0.005542455723624884
2021-02-10,-0.0010868460002825264,0.009453645905694641,0.019147449454343102,0.0,-0.0015560681563910883,-0.001464148427523404,-0.0010612267045712054,0.006808038675456318,0.003956416554709019,0.0018105958095802066,-0.009869512628878807
2021-02-11,0.0009519242007181017,0.0011019471645565826,-0.0154325009243379,-0.0031946999994457714,-0.002115038922342327,0.010998496080502296,-0.004402215311777868,-0.0018204619210889783,-0.0056746667313504195,0.0018934511144244048,-0.0027558390787090215
2021-02-12,0.01032891426473137,0.004264570847487992,0.014765704873667795,0.010256219580415005,0.007250796812877436,0.005149595786398953,0.0015247404139449028,-0.00026033733989228036,-0.00729222253937134,0.007473454783299527,0.0014113010398706383
2021-02-16,-0.0018833897006672595,0.004794491505590193,0.025072715318541272,0.017131991855828366,-0.0009969348369549547,-0.0032467841362527894,-0.0018266365539357787,-0.010685787990195816,-0.011178773146684695,-0.00989073593063794,-0.00434466240807696
2021-02-17,-0.0005388985752726727,0.002862880738256912,0.014850626650092291,0.004990844034200581,-0.0027710402263634304,-0.008832074549098512,0.003660158680044878,0.0007901921136996837,0.0008075417376192107,0.0036169688834633007,0.005778801056940619
2021-02-18,-0.006202957915853569,-0.004893956979039271,-0.02259535688163372,-0.0058969277057902,-0.005002136362542986,-0.004893088913643262,-0.000607990144523507,-0.0005260797911804671,0.005970683857801085,-0.006264020459314845,0.0002928513747542105
2021-02-19,0.018317648942374865,-0.009835941335600284,0.016732455741724994,0.011863489182600162,0.016422428743088746,-0.0014680440700044484,-0.0126195127120039,0.003160473693503585,-0.01491816100861798,-0.012088693312262366,-0.005802226828807933
2021-02-22,0.003864004631391582,-0.004001168259934906,0.034647257498475525,0.009256761345354692,0.0031875902393325717,-0.022050758939002213,0.0009237988240613504,0.0057754400589487,-0.019541008225377632,-0.0023600300552076847,-0.021106239700908747
2021-02-23,0.003450961041418177,0.007757282900655582,0.016534070644488974,0.006113976671572985,0.003067788053507492,-0.002780981152693207,0.0013846548768079447,0.003654466687683433,0.008304541921788644,-0.0016645802163801626,-0.006564624422151444
2021-02-24,0.008730409761040336,0.001786776198434703,0.035412955216212794,0.019447256671116797,0.018896583367170816,0.015300185943709188,-0.0006143122522292987,0.004681441025896849,-0.011695079106835538,0.006932884802013595,0.010487906460052487
2021-02-25,-0.02307900637112348,-0.021816646620408275,-0.019288138572744917,-0.018181997157548202,-0.01843899153973494,-0.03496406804094021,-0.010914914750115412,-0.01630863658353754,-0.0089998359775737,-0.010022614704121136,-0.037196799372930855
2021-02-26,-0.012751503384888396,0.003927664303399192,-0.023722698099186035,-0.01912552840918391,-0.010375722832733025,0.005307584437774127,-0.016164014526425907,-0.017368318282895312,-0.018499954145650754,-0.008627569637506105,0.00417513715445561
2021-03-01,0.02528886300758182,0.025569626538248125,0.025960349620002265,0.03125958058553757,0.025604215459876345,0.032213677305046096,0.010110671819842043,0.0010712050162036135,0.022104241362838284,0.01305390487903102,0.023455876528201136
2021-03-02,0.0055693238093110775,-0.007357100263890359,-0.0054653879886527035,-0.003601366397643746,-0.002905274196916996,-0.015863717383583276,-0.0017203583030688252,-0.006152989837541312,-0.0030177223695420086,-0.002892889900416029,-0.011519810253773799
2021-03-03,-0.009890275241728697,-0.014273952949009794,0.014654932323288516,0.007831089965457894,0.0010793046956751873,-0.025158054142589537,-0.004700071608650491,-0.012382228177297394,-0.011770665968624083,-0.01265908290803508,-0.023492459919754127
2021-03-04,-0.019446234186152322,-0.0018101371036126634,0.023871693312090603,-0.011356601471650962,-0.01595540134065576,-0.022098426875210242,-0.00362034012218837,-0.0073593199579681245,-0.0008504444072492401,-0.013444890025638978,-0.021168609296327023
2021-03-05,0.02295600336970116,0.023434271388286465,0.03742164255738323,0.019044709443118313,0.023663592518680554,0.018884242353341518,0.02211680951887951,0.011532281104927211,0.016348555885943306,0.020036086524080732,0.006353264293669891
2021-03-08,0.01341112288889268,-0.013357053589186263,0.0018885146528730967,0.012756055224505847,0.010487902191519627,-0.024195430095671155,0.004327729274177017,0.004886340699712166,0.014075200959189127,-0.002477525150239357,0.001211312157396227
2021-03-09,0.006158162690395708,0.011189458459264667,-0.017530543849572977,-0.009080400100384578,-0.0041303811400603685,0.03401426245724082,-0.0009232301758991257,0.01134493692054539,0.013218521600228073,0.005854253666563114,0.03776832257711327
2021-03-10,0.016538666776601874,0.0042350793603722625,0.025325834827294447,0.0203960620304533,0.014782428216291388,-0.003996842573729786,0.013092696547629235,0.009882698178548033,0.006849490450055784,0.0022925834329583505,0.005093972037029104
2021-03-11,0.005380798113044705,0.01890896531192654,0.0003745175645266663,-0.002897124353095526,0.0007336343750117269,0.021375412504842206,-0.002432575371024037,0.014811050261816394,-0.0025914061910742303,0.006070856494066579,0.015326540026129543
2021-03-12,0.0026756764743884887,-0.0028035282507156145,0.0020575571127186,0.010168668520741608,0.013404699826975008,-0.007177638050231194,0.008230353617220132,0.017200593898964778,0.013478345608860964,0.0021863865111926284,0.00294674408375295
2021-03-15,0.0011436584290704932,0.007095801937567314,-0.011387140884395297,-0.005751866591321542,0.00837013274587406,0.010653470093525241,0.0043843141627553095,0.011273623262980426,0.012818360683938268,0.006893416260349783,0.013431701591298806
2021-03-16,-0.008251000256363272,0.010502441235068272,-0.028511903526387217,-0.010413799691878167,-0.01424447000335427,0.0075299283597318745,0.0012037913699576297,0.0,0.0012657828314102115,-0.0006067137765736197,-0.0103545362548626
2021-03-17,0.008959385052805802,0.00013158200922758212,0.0077745645823728005,0.0067230466373553455,0.011539604486191068,-0.0008223789653339919,-0.0015032917142898672,-0.0015203836980147711,-0.01627456695771734,-0.0036418450172711614,0.014050327887932257
2021-03-18,-0.005581541281081903,-0.01657482520085829,-0.044937364323360485,0.005226525350523259,-0.0009249583505608339,-0.02774857812857756,-0.00406509071894301,-0.006343636694008503,-0.003693989408690701,-0.0020889703793879333,-0.02446823526143682
2021-03-19,-0.004975036275631339,0.008694976997864812,0.00020184797204136906,-0.011553757366567052,-0.007612461803878201,-0.003000063732335412,0.0034771485464022422,-0.01327857449095804,0.00274054162656423,0.0035761100650184563,0.005983495603191891
2021-03-22,0.0006181250409660333,0.008408821997293314,-0.009589917392009761,-0.012885889199714007,-0.0005614450111783853,0.0196631916383585,0.010556899290200539,0.011030279440566115,-0.001441464999650366,0.008702720937051156,0.006582880093715993
2021-03-23,-0.02084449486262374,-0.007377443919045712,-0.014626940495367946,-0.013975608323820055,-0.017478132632334886,-0.006218229420586585,0.004196567733501855,0.0031024374266959143,0.014922762052037353,-0.010114891944181026,-0.009385459553676978
2021-03-24,0.007227478440398727,-0.025215776588019212,0.025088747630477748,0.003618903697976794,0.007306118164501774,-0.012132628360747577,-0.003880611496515307,-0.004381506951763758,0.0003196904403051093,-0.0011352164971029088,-0.01478483331818059
2021-03-25,0.014481653423634278,-0.004900947387559973,0.0036712997870886888,0.01682694562379461,0.015978151560307907,-0.0006180125368256961,0.009739225475317026,0.008542338203921807,0.010704539969532245,0.004196666049453235,0.008759070371598954
2021-03-26,0.02481994015438893,-0.01094547510494892,0.02479154007825901,0.01566190865894468,0.017278952769056444,0.025428679742604654,0.017658416400004873,0.02438385624374706,0.0033198204610098703,0.018894273556894214,0.008318834622053961
2021-03-29,-0.0033882711915822483,0.010236284287200359,-0.011897175639171031,-0.008728506519663615,0.0002033294442809197,-0.005200568431862007,0.01006132691425865,-0.002254723059768038,0.01071359563646146,0.0047001557296688645,-0.005479942096991541
2021-03-30,-0.002895988206757405,0.0,-0.008629775493205871,0.007044364654868351,0.00437253634570367,-0.009471422348696246,-0.01068273482383486,-0.004269386794083618,-0.00904129468155912,-0.009015920708737246,0.00980895092031453
2021-03-31,-0.004924716803238471,0.003971505473004733,-0.006882438229561805,-0.00757802286635223,-0.0032397833119818253,0.015910898676383622,-0.003210587286988642,-0.004034894730900129,0.007393322080489817,0.0019739851006816966,0.0077954074335391255
2021-04-01,0.00875610640521396,0.01718486935499608,0.02547915912609877,0.012334604198751098,0.003351844108053781,0.020104090293151966,-0.004830723700847694,0.015953078924979325,-0.0009368484285739997,-0.0029979631785466143,0.008032300538736381
2021-04-05,0.01232873792673228,0.021051239428941493,-0.023852282845090778,0.007833356395167357,0.012350840763059256,0.020667190795121693,0.01279813875047342,0.0052344531527095395,0.010940980388237653,0.006959160473116732,0.022724471423900106
2021-04-06,0.002236743023951826,0.002494854205113084,-0.002647216240820094,-0.002015284968770348,-0.002400032539464858,-0.00426671105568599,0.004211780585968716,0.002479442004516219,0.005256620391181022,-0.003839425823911613,0.004328581469169812
2021-04-07,-0.017234775227415455,0.0077285517812129,0.003470961455948496,0.0049035207944359005,-0.004610971035818978,0.005301496950145479,-0.002458645701394757,0.00123682170094086,-0.0012302355639896012,-0.0022270312567729267,-0.002988107933161732
2021-04-08,0.0012617824855019055,0.0001300921098039698,-0.013021368075657236,0.00028688383587871513,0.0024169510447391573,0.014448950245352865,0.00101497895186764,-0.00494084203808931,-0.0007702289190087974,0.0015452157690658552,0.004726237211529094
2021-04-09,0.008694424745271823,-0.0002598374446097784,-0.006596675152350295,0.008608405763714133,0.009744829865208082,0.009614048341864523,-0.0017382987210352585,0.0014894896934147805,-0.0010787411224532084,0.010971059075898681,0.009522788459899179
2021-04-12,0.003497703348889214,-0.004030666074585576,-0.007885451239604269,0.004267496397771797,0.0036811080417007425,-0.0047965840664088155,0.005368556081722264,0.005949655270400367,0.0009258490534502783,0.0010173225257334995,0.0064208789960378265
2021-04-13,-0.0023651913836565397,0.0013055173560372335,0.0010458818127632163,-0.009348573390486448,-0.004857196258936214,0.009426710943148509,-0.005339888590354835,0.0059139119168141185,0.011867978719967809,0.00415017791879535,0.010558564860697839
2021-04-14,0.0072374519945066496,-0.010298382430070085,0.027789375890276302,0.0060050810393157406,0.001294881764122957,-0.010602364149556842,-0.0008704418602040187,-0.006124144218432881,0.004417391372570023,-8.425350764518225e-05,-0.009833356375059665
2021-04-15,0.011768817629846495,0.012776555630376052,-0.008131667457878966,-0.0008526295939013107,0.003979388957134233,0.017174006517428397,0.007986960116699304,0.018979328142451513,0.011070697102150362,0.017123317769767166,0.00716598549854397
2021-04-16,0.012122155994411576,-0.0006501726626454429,-0.007993452847094518,0.007112454527381296,0.002179654399624642,-0.0002093693503179006,0.0057629626852726545,0.0014515154341319114,0.008099489422146222,0.00746422189277407,0.007731488567306766
2021-04-19,-0.004597145350472287,-0.005596125378526273,-0.001033132301623385,-0.0028248663958234665,-0.004152411670583223,-0.008304289651746899,-0.0038675810072789085,0.0031399571088053246,-0.005058612613175639,0.00024668491617707566,-0.011230164431059508
2021-04-20,-0.009601343214854285,-0.00536576840164682,-0.026473641169828643,-0.0186968520220695,-0.011020790344043352,-0.008866439295182604,0.005464544472163935,0.01107661475964794,0.012711063102266662,0.003868268715987444,-0.01259521763462712
2021-04-21,0.0181615919850473,0.0017103082504315026,0.012747014790538858,0.013856597745229182,0.013653379384361841,0.010082054069810997,0.005005631374191077,0.00452488299942333,-0.008416876923033723,0.011804881084484187,0.013325195864406503
2021-04-22,-0.016873444089839817,-0.007355494519511896,-0.011747507159262982,-0.011104365379679071,-0.005050941196492631,-0.01173838446259401,-0.0073999941917120005,-0.004267399224423429,-0.007148199910495423,-0.004456159590411235,-0.011070284041851286
2021-04-23,0.016427620540637733,0.01164457197123081,0.009127745571934742,0.018715494346523975,0.010949403747409825,0.01493568717995375,-0.002580875457709131,0.005714286326373941,-0.0013499704032141624,0.00659221161623158,0.010455590628574374
2021-04-26,0.00590988693218808,0.0020926530702656265,0.006731079278099905,0.003956954750586661,-0.0029538580377529433,0.005115703209228828,-0.01121146056521638,0.002130562224952781,-0.005707283702417243,-0.003395701408003604,0.004386467825851392
2021-04-27,-0.002637618967247568,-0.004046244772875962,0.01211888213417378,0.007883069462921943,0.008295468285364427,-0.0024400555055430484,-0.0007267916727259349,0.0,-0.007703986520086081,-0.005760072646953884,-0.0011759821310511898
2021-04-28,0.002764876932829896,0.009174486592377074,0.034475466294976664,0.0039101832056969155,-0.0020568855546329035,-0.009295710854864137,0.0007273202830511138,-0.0035434939141201216,-0.0013700423666118677,-0.003019392043374425,-0.0011771885203183396
2021-04-29,0.006234212235455061,0.027662225216611658,0.011175212136965706,0.01780765110372262,0.007066622113740095,-0.0008467005630206081,0.010611917473153376,0.007349397924471868,0.009146372004534387,-0.004010435144666147,0.0002807747098692026
2021-04-30,-0.010604063767994276,-0.013648372653070284,-0.02526132917036339,-0.008747815890475574,-0.006627057424574367,-0.013626742280251958,0.0008631797775460193,0.006589557675040991,0.007854697881737316,-0.002958236903308875,0.0038714277256213236
2021-05-03,0.014932773842802671,-0.005252919028132297,0.027535972635289063,0.004964207523134867,0.010301256375884416,-0.0027917312012898376,0.008191978819773738,-0.0053773710733158175,-0.00014966989436326905,0.01137380369372587,-0.004750674207582906
2021-05-04,0.010915962550011482,-0.009016037239672925,0.0005907234354420865,0.007958160749661713,0.004369729677695,-0.01794557053823509,-0.0051318218358293866,-0.006112045639089181,-0.0037475656697585347,0.0010594662317209291,-0.010445414276607279
2021-05-05,0.01267619191492586,-0.0019496674737865538,0.03229653222657647,0.00816773354884015,0.0009668970311180747,-0.0024123572388329295,-0.0007165647091038618,-0.014664246283235927,-0.016852388075267233,0.0017909469164814062,-0.0031209761796600066
2021-05-06,0.008460646830884322,0.011720229530045367,0.005150727216597151,0.014852807740166396,0.006954361308034507,0.010038529135081298,0.012905042840966274,0.004800896227770135,0.007652352723520162,0.0013001049934904252,0.002162798490799922
2021-05-07,0.009883927066441256,0.0075942551671388525,0.017840351704390134,0.005322216365992505,0.010551419808703999,0.008559924763281046,0.0,0.012183432221664958,0.003037789986036099,0.006898225736236441,0.008975390663578775
2021-05-10,-0.004438529091545629,-0.019161702922554924,0.0003726101262322423,-0.0007941721490690723,0.0009493537329368085,-0.0252467763237485,0.007644645751245349,0.004484408255923666,0.010145321882715885,0.0012897881000519806,-0.01779083084301125
2021-05-11,0.003315097375083731,-0.002865422060478129,-0.02572216580877351,-0.01774840333718186,-0.01479359174437267,-0.003025230530240064,-0.008710286258346245,-0.011748167242570662,-0.012291940850176375,-0.010786596639754564,-0.0112919221491381
2021-05-12,-0.02517952345076846,-0.01959239638908672,0.004782764416759511,-0.010248073140680547,-0.02396759536977533,-0.028125024932804665,-0.013322160820543272,-0.024251210736823903,-0.02337245443353564,-0.009439473597089298,-0.03385708543156185
2021-05-13,0.015311023544864577,0.007194000758084851,-0.01218566598163573,0.016076304011676257,0.01873760635866617,0.01325091592006511,0.014076351209965754,0.012670771829969452,0.019269640414770528,0.009036662033160336,0.007080748338716747
2021-05-14,0.011972005227915972,0.019708811134677262,0.031033090799168495,0.015822057215666208,0.013843006792737755,0.022021906214028553,0.004391200169957976,0.009383930581776001,0.0048787191365233795,0.0050476428602492796,0.017338833540455845
2021-05-17,0.008758728526013781,-0.007912278966628272,0.023181945715994523,0.0018474072791405671,-0.0030553343111850984,-0.0073542252724769774,-0.0014103706794588167,0.0004770173716686088,-0.00819268258144823,-0.0018632812290676481,-0.0018155790194793742
2021-05-18,-0.01105090739939163,-0.01019901570384607,-0.02320473614373786,-0.013965557743848667,-0.014558084318900044,-0.008000979951512166,-0.0031069642861641933,0.0019058734345682726,-0.00015316831547329546,0.00032473844596503376,-0.007803398191786104
2021-05-19,-0.01527918206038048,0.0015847742926455854,-0.024878574565197265,-0.006146563900273572,-0.005637131590447653,0.0035100592772390193,-0.0032582377481680247,-0.0038051379097696625,-0.0016830715474902558,-0.0017038705460904469,-0.008397922313532757
2021-05-20,0.0005788767098018344,0.017146127648746123,-0.0015346477252288215,0.0005378477628956713,0.0022481439030996864,0.019126311948391095,0.009238206354944989,0.012413559052631973,0.008735628773646198,0.010483604763873222,0.010257857664737635
2021-05-21,0.0021986734605090597,-0.0033713563132122815,0.0021133288116368387,0.00994371629073365,0.004876205471111117,-0.005476857380600997,0.00014081396600018614,-0.0016503911802620008,0.005165643767022221,0.00016087341696136015,-0.005017748246307074
2021-05-24,0.008891515971694464,0.018215283550558015,0.009969517396764882,0.004789839678974728,0.006211130988548641,0.017769449718351815,0.0029569832851989997,0.010864282482607512,-0.0018136568278602772,0.0009649522584018744,0.009907997235872212
2021-05-25,-0.008469804097793743,-0.0002559675249407256,-0.020311470189651848,-0.010063631363549708,-0.0029901056979968477,0.00028843641046494284,0.0002805748210212844,0.002803896970057007,-0.012114090126447818,-0.0029723790950176854,0.0031722646709537727
2021-05-26,0.00034657441547203405,0.006518687900314513,0.008913200320818104,0.0029427919245694767,0.0031924693407843208,-7.225981244229907e-05,-0.002105278200486338,0.002329925305705638,0.00015333745817680544,-0.0058013760278683435,0.009545797286126811
2021-05-27,0.007961835943461004,0.0038095082799223245,0.0007680756927399557,0.011469968405908748,0.013693460503985122,-0.005265285283946097,-0.006188523499112808,-0.0011623592619798284,-0.006743295968190011,-0.0021882106432201676,0.004002670844093448
2021-05-28,-0.0010302846961181,-0.003289247253968952,0.0019191558884792403,0.001845897520748263,0.0,0.0035529477028490852,0.0021231034196516063,0.0067490056100023565,0.0054006370544303905,0.003898817721305292,-0.0013866589489268666
2021-06-01,0.01398138687181949,0.0006344939816274042,0.038498242751680234,0.006054229957975776,0.0039001059677736816,-0.004913380141174928,-0.003389264753533072,0.017105709928300517,-0.006138982641990642,-0.01642396869670193,-0.0019093725680003892
2021-06-02,-0.008363452418830852,-0.0030439249713518635,0.018627801686958767,0.001569514417524731,-0.002842735073943725,0.006898147348792127,0.003684298081807258,0.013863611266752951,0.0052501271856388865,-0.0019741271869002652,-0.004637469463544042
2021-06-03,-0.0002278703717314423,-0.006742771477574294,0.00271569566558183,0.002351289066560236,-0.0021855260618037775,-0.009302795617205373,0.006212050481019249,-0.0020172713034761758,0.005990770554797242,0.0030494121585555867,-0.011880550700166359
2021-06-04,0.002165934551129123,0.014345833586479895,0.006681264191750413,0.0026063185544324963,0.0032378711179716912,0.019216828973395383,0.0035076281999582015,0.0008982537861512707,-0.00152704651386526,0.0032047085468247527,0.008015752946324728
2021-06-07,-0.01217170828093439,0.005177502274474888,-0.0043048319229495036,-0.006498533726878364,-0.006929681441159907,-0.00021375269922219164,-0.0016777789533377607,0.009425673888382446,0.0018353534058577203,0.0036038294912985602,0.0
2021-06-08,0.001842729783114061,-0.002889435583069533,0.008646969922587289,-0.002616655931360845,0.0025806859880197486,7.13416268540712e-05,-0.008403541610066734,0.005335505742832591,-0.008548184536786407,-0.003101274070658744,0.008068626345959728
2021-06-09,-0.007816300421396472,-0.0010078323141758938,-0.0062512398211707065,-0.009443757693197052,-0.010201965985543793,0.0007139315388910994,-0.004802183497898738,0.0011059089923255438,0.008929998508317105,0.009660348716512779,-0.005510120276363217
2021-06-10,-0.006024045797277999,0.0054231077753850165,-0.001258013743868358,-0.011652707005842866,-0.004912680337104014,0.0073519261381149725,0.006244672467484946,0.010161115801758935,0.006561619145706743,0.01710862053428719,0.004724169192158678
2021-06-11,0.0037295419925169604,0.0011288459968350484,-0.0034191929386507836,0.00643113244896476,0.0020326722857544333,0.005951930311149711,0.000564375265855066,-0.0063415762379728235,0.0022741471880729502,-0.007095198683955362,0.005456295210054307
2021-06-14,-0.012308424103206095,0.006640644561956011,-0.0043336765168883185,-0.010383491991870608,-0.0045404114115461525,0.010143098554811214,-0.0005640569260774164,0.005721973133240077,0.0021177347981620187,0.000883212346144413,0.0002889228855735837
2021-06-15,-0.0021160441212145775,-0.0057256436129494714,0.019042649505328635,0.0018832556192265315,0.004270177525724561,-0.0061365277382903205,-0.0023976129307481386,-0.009190546000671818,0.0030187889148611813,0.0003208545649902028,-0.0053100043284639575
2021-06-16,-0.011074448184221652,-0.00876300990838319,-0.005339168325721233,-0.001074250946898836,-0.009470630233021193,-0.005402309205791989,-0.013290018810147464,-0.009054728078469965,-0.01504898401967969,-0.0038491524285183543,0.0004642044343787788
2021-06-17,-0.02227783692823393,0.004167702223463854,-0.03399509474441931,-0.029569754726383457,-0.015414397486810394,0.011568932628585715,0.00358207537041233,0.003788878770016657,0.005500605208360376,0.007647703322498867,0.0037699801482000694
2021-06-18,-0.01620562773519396,-0.011696594705998375,-0.02963529621184835,-0.024099685913419155,-0.01298075734587023,-0.00913501569559172,-0.017704182386719558,-0.015763847242138307,-0.025984014124385446,-0.011424424930577604,-0.005258075629900216
2021-06-21,0.020760937184040262,0.009701455647307844,0.0426149656104704,0.02333930992621225,0.02199500342373928,0.01071690993123231,0.011469560390966027,0.019865972276418287,0.012954739629953194,0.012015215071260466,0.007707720662558648
2021-06-22,0.004021346682731686,0.008585997951061852,0.006657785362316426,0.0016709286468215012,0.0010837127891778486,0.009068715866477728,0.0014462708503266697,-0.004452212747347195,-0.006053192847579436,0.0021646329444575674,0.009409123703388644
2021-06-23,-0.006432729535560178,-0.0010013059902448385,0.002755945799899573,0.0019458959332918635,-0.0022638077731499395,-0.001106172424626739,-0.006210108213762666,-0.0031306464408574763,-0.010618418270749164,-0.004159734983021357,0.007720854247118769
2021-06-24,0.0031762392982235266,0.009398359240051724,0.008611114348167082,0.012486301715731951,0.007794090639220208,0.006297884643184037,0.004940777270213026,-0.004710667117736711,-0.0009466289841622011,0.005140947296523146,0.0034048895362843723
2021-06-25,0.00012171729925758434,0.001241519935480273,0.0052680048899445,0.01205795215218819,0.001957718739012293,-0.0011694636138580572,0.007664566615259494,0.0072120230405143815,0.0107423395559052,0.00455518652013942,0.006334423908382458
2021-06-28,0.0,0.011283196521260308,-0.03379114131055849,-0.007311051925318113,-0.005275953684903856,0.01046645693512005,0.0008610998054319197,0.00044779269308725667,0.006408275666588192,0.0015116195101403385,0.0002248340789601233
2021-06-29,-0.0004869121289657885,-0.0053947264638335435,-0.004862466327752002,-0.0035459024003283712,-0.0019644181293049234,0.007291238954236556,-0.004444991609346083,-0.0006712384329091714,-0.01615160077346256,0.0011121127708653145,0.002472351446256127
2021-06-30,0.0026795768906173745,-0.001848848693940086,0.01240357414736959,0.004379691432223609,0.007774671915533382,-0.0010825578552401405,0.00777736695555542,-0.007833373834110202,-0.0018941128726858159,-0.0006346843528639567,0.0007845797219629969
2021-07-01,0.005467287885268846,0.007409884595291905,0.017449638959027958,0.00790404864141192,0.007128931047484244,0.0016932694975411167,-0.0030008332489952494,0.004060240428104267,0.010912479206154568,0.008892205042401846,0.005656970099761072
2021-07-02,0.0014502253573742685,0.006987671887810576,-0.002189685971495825,-0.0010814592020160774,0.001551611002144515,0.013183806667314224,0.002436560617788297,0.004718277185603803,0.0015644896890636417,0.009601098142534958,0.00879913222948403
2021-07-06,-0.014840828241368786,-0.002434780573252082,-0.03254712004698501,-0.01570133372118132,-0.009584647019377224,0.003803525552053433,-0.004146928330947097,0.00894454704680614,0.004217393126626501,-0.000935351650294014,0.0011593517301795586
2021-07-07,0.010410047686465251,-0.0014643948113221006,-0.01625397816534213,0.0013750174157471928,0.009970488330161453,0.005451202934685373,0.005313092932008434,0.005097318936847728,0.006533012902027124,0.00631966315866328,-0.0005514412813037994
2021-07-08,-0.013575551779228312,-0.010999655541715003,-0.0057635755675438105,-0.02004916850528604,-0.013937230192766603,-0.009454589888907572,-0.003713823076487044,-0.0008818615943511077,-0.0029364243397692613,-0.005504813662523755,-0.002482592261974559
2021-07-09,0.019660931231497702,0.008897614712977564,0.02125585288758547,0.02886797589199852,0.01580283435285268,0.009210976578342578,0.005734800748136593,0.013242065710951767,0.001239980133548757,0.003430350539969318,0.00934728482085001
2021-07-12,0.0032535209814632537,0.007104341520233648,-0.0015133847078944163,0.00980618344257378,0.0013529368937699182,0.0007935850947073941,-0.0015679928551342037,0.00871270251213474,0.0032506610141180836,0.0019423546065884256,0.006849781414469014
2021-07-13,-0.009129087824109261,-0.002554012114116322,-0.0075802866229424115,-0.01079046059271549,-0.009649827636390995,0.004097478666110987,-0.0002857842283400247,-0.012956218769765826,-0.007560639642051448,-0.0009303644025181468,-0.011973643664723865
2021-07-14,-0.0020607273090573752,-0.0007316699580418584,-0.029788119643490596,-0.0046357636857113915,-9.740815143077786e-05,0.0073710667353457104,0.008854681570057199,0.008751020181452906,0.008706646240667082,-0.0009314865137437511,-0.0018173622208059736
2021-07-15,0.00012152354228067708,-0.007077466971071367,-0.013973466535060042,0.003287497288340102,0.0019489126855603,-0.008231747282825608,0.004105553684869534,0.0015179905484998812,0.011251577281871317,-0.003496107241941049,-0.005408332615258082
2021-07-16,-0.015061481707781432,-0.006267519992186665,-0.028343164155413825,-0.01365356825680375,-0.00885023639691962,-0.009881697532160727,0.001550627900380075,0.0010826355327078208,0.010059447286097534,0.002728727334748271,-0.012317858544051652
2021-07-19,-0.021457554657626887,-0.015211859658710525,-0.03533297134877933,-0.027962656776051475,-0.020900960804396185,-0.013772500542980848,-0.0029558779292764292,-0.015574348643528024,-0.015844254224776533,-0.01049596431728217,-0.01145995891869267
2021-07-20,0.011342149211362118,0.011302473668658886,0.013415969350295986,0.024779585489658418,0.027961677253151018,0.01484188979656098,0.0002824136152781431,0.018018189679235963,0.004293147312712797,0.012178776083970888,0.018469232989686724
2021-07-21,0.010965840419345119,0.008319642184754228,0.03488095467664887,0.01723155590966141,0.009554542014386325,0.009638877134032331,-0.0025407608480096933,-0.0030218542941571336,-0.010992378016993043,0.0016303227107976603,0.009206563338719054
2021-07-22,0.0003695042705051943,0.0034484884929524284,-0.011167415573517081,-0.010928688174576262,-0.0036699698323898744,0.007374293667146592,-0.0016978289090822107,-0.00714433154204086,0.0015436520743163928,0.007362398539598303,0.004312340415899785
2021-07-23,0.007023468504157693,0.02479141549577024,-0.0036959134026725016,0.0016571990301645911,0.0042648779674012705,0.009934819327997113,0.01204816102452333,0.009158179479459516,0.0127928501671013,0.0115401954694474,0.008918385633301051
2021-07-26,0.00844216341758619,0.005149650133879025,0.02473194929225664,0.0057915722260173386,-0.0004826716672919895,-0.0005177577280921497,0.0016805304118483466,0.0,0.00030428047122832425,-0.006464661095201052,0.0074208416856225146
2021-07-27,0.0013348317988723934,-0.011914932041351856,-0.009252077020658334,-0.00027406036284638446,-0.005503988739355425,-0.009453666032487873,0.0020974560570292677,0.00799486866504262,0.01719191254295871,0.004669595018644612,-0.0101284631266495
2021-07-28,0.0029079232876088046,0.00783842948944291,0.009135298538634373,-0.0013715870784968276,-0.0023302613040585562,-0.0012420535671803234,-0.008790527101672163,-0.006002059902359025,-0.007628063894516202,0.0035813020396873174,-0.003228419678929284
2021-07-29,0.010994261245061754,-0.010768408807886543,0.009655887676871311,0.010986059435322826,0.007883081234654421,0.004647233615428181,0.004927051486206091,-0.00301934387060776,0.002712772735691038,0.002429691934874967,0.011253226071149758
2021-07-30,0.004063044587581777,-0.003386371205157279,-0.015939178284062216,-0.007878169419440417,-0.0019311434729593069,-0.000651806952573164,0.0016808263590586403,0.003244684168314027,-0.008417029343675275,0.0009086063311469772,-0.020573095540444397
2021-08-02,-0.012139809176775151,-0.0023060534120821208,-0.007491571372802097,0.000274025659426691,-0.006869038418000795,-0.003585161828444927,-0.004195377539846112,0.00043137956746974737,0.007730774147348463,0.0013622955777501389,0.002882080346630733
2021-08-03,0.010361458404113177,-0.004500664063554427,0.017135933699115702,0.011223576364804977,0.013053903773605269,0.00641151860016409,0.004493595244099868,0.004094508457164192,0.005716089152645987,0.013904384612760667,0.007405313097072819
2021-08-04,-0.009540048699513193,0.00281059403655215,-0.02707573349151471,-0.008392262433018827,-0.013559029331671302,0.002015104747901564,-0.013001639158685685,-0.003219421064508121,-0.0014958926215327129,-0.004248148552653985,-0.009709969260425666
2021-08-05,-0.001444482503230815,0.00913821145830096,0.011337955976191694,0.013104001425090939,0.004679390199836986,0.005514738528815233,0.004816368230315726,0.007967323731528753,0.01093465985700015,-0.004116761344614472,0.009583481050206899
2021-08-06,0.01446855375377143,0.0,0.009172351946280521,0.020210321756294114,0.004657515852971139,-0.0008391110915090261,0.0,-0.0017090945064899277,-0.0005927064271991078,-0.000826978697281322,-0.006803860704661324
2021-08-09,-0.001188549943135886,-0.0018109954177617515,-0.014138675354985364,0.0026412982897587867,-0.003960059805179106,-0.003228473014825317,0.0036646479636808227,-0.004493742965822722,-0.00029649630725248066,0.003836446126674886,-0.0013811050383244483
2021-08-10,0.015111627556760432,0.0019353171294897997,0.017619483492432364,0.010537360845854549,0.010181611547309455,-0.007190821925082247,0.007163124227732132,-0.01074799648517133,0.001038142863826419,-0.002322895139375447,0.003927819146498646
2021-08-11,0.01406650421492417,0.0019315789117351212,0.007851702862411214,0.011470360652052758,0.012958072666712228,0.00013051208336412046,0.003347194923930541,0.005432191242814577,0.009333008706186696,-0.009914314173116168,0.0029205662640361396
2021-08-12,-0.0016182487155436132,0.001807478795862405,-0.0009990237555833614,0.0018041797221994837,-0.0018950935153129178,0.005741266097271769,-0.0005562150649380815,0.0034578884178417812,0.0010277354710299669,0.007889487315483334,0.0004396123703538368
2021-08-13,0.0009260180562833398,0.0006014701425769431,-0.011797325683934101,-0.0074607540913950166,-0.0031330049675654115,0.005449402482210264,0.008343420354456121,0.0066768728197921234,0.007038173940654424,0.006246982663727252,-0.0028558761684981393
2021-08-16,-0.004973834340396999,0.001683335183910728,-0.018413594478412953,-0.0025922196875023396,0.003428792713049189,0.004516130810670704,0.005792801934276781,0.0010697598979090284,0.006115040461679433,0.011369788513196921,-0.004626416819939583
2021-08-17,-0.011508954775231284,-0.008280627636426452,-0.010307385957837423,-0.007016558383984073,-0.010820300069215416,-0.00828569697871473,0.0005485631309380956,0.0019234336969458088,0.0005791518100806137,0.011833318854711283,-0.023738698612244646
2021-08-18,-0.011642854294655947,-0.007623385983900888,-0.02082890151793293,-0.01230034706305927,-0.010938265880221176,-0.01379519553988684,-0.01247122126125233,-0.01045226333807281,-0.005062143923130091,-0.015203516113009297,0.0035709962038772414
2021-08-19,-0.008924532337848401,0.00012191243092596338,-0.02595178816589805,-0.007419194251470085,-0.006984997749805655,0.00978510633698959,0.008049000373823834,0.008406908679208902,0.004070345302347622,0.004527677321342516,-0.006382031583214376
2021-08-20,0.0058829883343822775,0.008656290266244593,0.002183872738291237,0.006139567085156505,0.002637678900300644,0.012877227221056664,0.0016519025446535274,0.004703072447859391,0.012451203956807655,0.005689501581451761,0.009605942410707557
2021-08-23,0.008594013501071807,0.012087468557320458,0.037481035096395,0.008225486766934909,0.008184923857295523,0.012906150645520809,-0.0031611626718637265,-0.003829964452687684,-0.012870103688541468,0.00036691480266126675,0.012892854280782018
2021-08-24,0.0062723002456659405,0.003224592864294218,0.016593083230123762,0.006052428635310969,0.005025529824774999,-0.0011411020421674412,-0.007582823076144107,-0.007475334261051292,-0.00651888759823982,-0.003525034429126994,0.007059146871057687
2021-08-25,0.004586393528119848,0.0015476973662249538,0.007644526513384431,0.011770916175244839,0.006442808110571185,-0.0005711023993530961,-0.00166728929751625,-0.0010760716373026114,0.0018956313169911088,-0.0027269197881382157,0.0038636229472559513
2021-08-26,-0.00690673849617085,-0.00867706100910326,-0.015173248460569555,-0.004911884037094971,-0.004394963225649806,-0.006286520019046948,-0.004592522449136771,0.0006464155233707469,-0.0024742912190621746,-0.003917113543818629,-0.009236989312606747
2021-08-27,0.013202573279970542,0.015827310486861146,0.026650190334179147,0.013249787120654277,0.006909761532804204,0.009649147465004448,0.00349511108124112,0.008181068805661385,-0.0002915882385799984,-0.0011127068716844102,0.00910092883226521
2021-08-30,-0.0010469345381770578,0.006846252830225774,-0.011762466467582056,-0.014102290047611432,-0.0011437762138200025,0.01075962215334858,0.004458153190722403,0.01217149807539375,0.0014592666615953487,0.005644986081941417,0.007534266180485805
2021-08-31,-0.0029117532236115906,0.0037515750134680115,-0.006771949681195544,-0.0013005997227801824,-0.0027672061673147397,-0.005259922051375598,0.0022192730783383574,0.005906901469096226,-0.001165892027149118,-0.0013294511639632134,0.0024015525426124285
2021-09-01,-0.0025697941645261846,0.005022328477461313,-0.014669437119169904,-0.005729206082465188,-0.0038274138329263963,0.000251706790176609,0.005258832950582937,0.01719824532917147,0.013131241770555357,0.0002957050396448224,-5.434982189411741e-05
2021-09-02,0.006440939268097301,-0.0067404334489726825,0.025372162488764616,0.003404843960034043,0.010757854959861923,-0.0010698083028596317,0.0038544392708583786,0.004742083049354973,0.009072200009454079,0.010721102372371005,-5.4439187366361885e-05
2021-09-03,-0.006632430796580158,0.0,-0.005725963352385066,-0.006264461089268036,-0.006081883879423988,0.003968999654379912,-0.0012339920157503625,0.0,-0.008277267360508267,0.001097259027666997,-0.0005991229110200447
2021-09-07,-0.006559630051257481,0.0023398244723913386,-0.005964324873259486,-0.006041409791504915,-0.017305810111491238,0.0002511156475433207,-0.011533684894227236,-0.011081525641576051,-0.01323926248113727,-0.0058458747321328275,0.0029425032444925225
2021-09-08,-0.009550646410754204,-0.00513591538653746,-0.012828858591334646,-0.0023785559883112706,0.0013624426446068316,-0.0038268398165260953,0.008612190671767106,0.0060179353562861415,0.017938259048243532,-0.0004408794946535455,0.0011410453630840145
2021-09-09,0.00035677961190860863,-0.0049279100348817995,0.0020961775350865075,0.0029138722016548435,-0.004858357517726342,-0.0037788603847559443,-0.005784643318830995,-0.021245606256198868,-0.005444457531880387,-0.011545210716389032,-0.0013025040457282921
2021-09-10,-0.00023790140994039977,-0.0064850411798650365,-0.0004183965633514086,-0.0073956790103179015,-0.004491404497110274,-0.009861344998031929,-0.004294077474011226,-0.01264512769334114,-0.013973038949057326,-0.009150507427035603,-0.006140402235968345
2021-09-13,-0.00023795802048898196,0.002492367635160031,0.02866688480941204,0.011442139337202173,0.0026481880877660124,0.00031903727119075853,0.0025042335663167936,0.005549576573585346,-0.0017529883965738957,-0.0061564276096247594,0.0024601957745296055
2021-09-14,-0.010953670376877556,-0.008642228453088263,-0.014442562447230411,-0.01341733258354516,-0.012031533750990309,-0.0012763480327798726,-0.00457941643772386,-0.0021226215035002882,-0.0033660847887373446,-0.00015083801907123107,-0.0033269091559933184
2021-09-15,0.010593377661415104,0.004896103924679984,0.037358203169467474,0.009599934378320185,0.010990048674185848,0.008755340502879516,0.003624830113398314,0.0038289599984027145,-0.0013215953940909353,0.006497717950720627,0.006457286440888055
2021-09-16,-0.010839726402626426,-0.0009504969497748927,-0.011341091479718513,-0.0029054062192380714,-0.006855302910583894,0.0005699889490711207,-0.0033339953121808152,0.0019071301319359968,-0.008381245476451915,-0.0025525904052997594,0.004567224917557455
2021-09-17,-0.020592667306073342,-0.011062517182445775,-0.0074460681212831226,-0.004503356872143649,-0.010650118826114885,-0.015575498145635636,-0.005435398568680694,-0.00909470966190229,-0.015420748805084372,0.0009786795766986156,-0.003518127952601091
2021-09-20,-0.01921547722311623,-0.020096638001600553,-0.030536826323366073,-0.023197237577837093,-0.011469206704067703,-0.018214192883386993,-0.009983299776583188,-0.006846952054925248,-0.0018364376136078553,-0.010435503714225414,-0.022819281440821126
2021-09-21,-0.002392310265954878,-0.004180505645201893,0.0023284049632603665,-0.0013682969570300019,-0.005259745719510267,0.00039339127535886753,-0.0011396696206449342,0.0002157666016355808,-0.002736125161754921,0.0015252651017267915,0.0015030771140036592
2021-09-22,0.010349738585652135,-0.000494132863479213,0.03083427743066869,0.016712340943425996,0.007931626565387262,0.013710227021331844,0.002851996029640258,0.00842710496576804,-0.0006099996887010128,0.0016750427134328838,0.013617744584722313
2021-09-23,0.01424089330947953,0.010253287277089296,0.035033746104521146,0.02452174630711701,0.015334887382602469,0.013395901785466124,0.0036965682595082594,-0.004928099577670153,-0.005338337258852688,0.007220240930061905,0.010144953476700858
2021-09-24,-0.0014781126224663321,0.008192959460898708,0.007521741687728012,0.005260380302490653,0.002086863636049374,0.0007021352739609021,0.00042501475044032233,-0.011412625243595653,-0.0010735317262522415,-0.004074854082825596,0.0037455387060072454
2021-09-27,0.007771217789004581,-0.00012115172318194478,0.035559734752857564,0.013605656704592795,0.0009914896730780498,-0.00969942057281492,-0.004531118541636681,-0.01655415332764354,-0.01182086848599917,-0.014244499879317085,0.005354270871038791
2021-09-28,-0.012362285578697119,-0.024381609947402683,0.003415310376740699,-0.016520510019643386,-0.011589960003656974,-0.02964097811074995,-0.01180643107422985,-0.005980057744938705,-0.012583385341788267,-0.01714069909270388,-0.01925858796267288
2021-09-29,-0.004089634786873408,-0.0008705544671276932,0.0,0.0007872972454996408,0.0011024819536840091,-0.0012616481921078337,0.009068644731324849,0.006461625771231105,0.013058499438360904,0.007898719024980405,0.0009872310927299122
2021-09-30,-0.015555183071515377,-0.0031105525507725273,-0.015125719366594903,-0.015735614738925152,-0.020522600151815396,-0.007180986507109743,-0.017974409618451204,-0.015939596489878194,-0.007920372907512463,-0.012259537260185138,-0.01665845147251388
2021-10-01,0.015927402318664186,0.016851591012258416,0.03359560515958737,0.016520165974848178,0.013695803124544215,0.01506850778665636,0.002614914436414928,0.010798655073140928,0.0,0.00023573168833523894,0.007522990102704297
2021-10-04,-0.004355233604895203,-0.021605702483055045,0.016344645334118724,-0.008650001633770166,-0.005444708226990835,-0.023157791838846253,-0.00318744280125971,0.0011127891107332033,0.01377571986248105,-0.015235984908992029,-0.0079090370039554
2021-10-05,0.008873459328185396,0.014930865199255239,0.005848014618231812,0.019566429565623045,0.011151572456150172,0.014250765811433697,0.00508692815147227,-0.007781359423977063,-0.0024707703832479444,0.005981228243897574,0.004013914384961348
2021-10-06,-0.0018585300120613768,0.0017309113559234035,-0.010537839534122018,0.001037064123704301,0.004411615008070857,0.0065261599149002425,0.009688872022216355,0.009634834801097503,0.015480106898008383,-0.0018232238728776995,0.0031651065784137344
2021-10-07,0.013030719422513215,0.004319357052110506,0.007712183751920509,0.005958651947228777,0.007785947091917489,0.009129990731541415,0.0044402129938612145,0.0011096774448120517,-0.005335547490219028,0.013263263817931525,0.01555414486013773
2021-10-08,-0.005512890434987705,-0.004914995142790146,0.030794218207720325,0.0048933972250513325,-9.894371706975491e-05,-0.0037368048351048566,-0.00114066363233023,-0.010862666527006293,-0.0073563132116150065,-0.0050163832964365,-0.004578582724141023
2021-10-11,0.00012320838335777573,-0.015065603142614403,-0.0037120659400908806,-0.009995134980232412,-0.008023905741151194,-0.005527897588161079,-0.00028550689126538575,0.0013448639645197158,-0.013586565933719097,-0.007798943945409698,-0.0040521032545837166
2021-10-12,0.0013551252541439407,-0.009277818565543883,0.0008869741510388884,-0.0031064100373630055,-0.003295229131740518,-0.005161535652235316,0.0004284133185437078,0.01342908505932816,0.00673032138663765,-0.0048433053631724565,0.007917045896443486
2021-10-13,0.007503074120530195,0.004682351288486597,-0.0008861881250790127,-0.00571276000866483,0.0021038073946542113,0.006119314336722859,0.0018553765414786039,0.005742109176939403,0.011660468277465919,0.0015957049362336218,0.004909211012929626
2021-10-14,0.02429515229305168,0.014107509290534503,0.0122426644044058,0.016714776501903783,0.01889647924673854,0.022544127360399235,0.011255244104181994,0.014053161451329954,0.012294661677388241,0.014338072175691163,0.01047605024540954
2021-10-15,0.002979552365007798,-0.0023599328168639744,0.0049080664959177955,0.014898220252677286,0.009616046921800736,0.008017171819400648,-0.002394981742403046,0.00043333691078539793,-0.002884476484446563,0.004947521375972652,0.01530926560090995
2021-10-18,-0.0007129602975447513,0.007719165134513428,0.0006976048274567326,0.0002530321547247194,0.000680488908778365,0.008466357863340379,-0.005931354504127739,0.0017313460809278425,-0.009592114270481233,-0.00679856635845244,0.012221885501139562
2021-10-19,0.005232271413931455,0.009636602807013395,0.011330092736322461,0.009868577721590333,0.005924523294352335,0.00992191422761235,0.0004259781092785797,0.004537804891870056,0.012605851799313283,0.01313927884856314,-0.002822629434769297
2021-10-20,0.00804465171672808,0.0019577990326389294,0.008100652359787297,0.00801825415384494,0.006275984213747199,-0.0027711991061495356,0.005822414881836657,0.015272273687221727,0.015788608568375606,0.014289037063468735,-0.0007339411443486599
2021-10-21,-0.0025822886944433243,0.0029314975261063303,-0.018464695501893558,-0.004225791425294001,0.0020149434574743275,0.0038525341576864935,-0.0012707236409916778,0.003177720191297917,0.0,0.004057710640008816,0.014687443222610508
2021-10-22,-0.0018821752770811218,-0.02118877594497537,0.009406105364173856,0.013978861128839393,0.0035431114466255575,-0.0034601450337463646,0.007774948127635906,0.007180660965145469,0.005081489569918052,0.004041750294752067,-0.003567230040549263
2021-10-25,0.010019930918494735,0.004354584960274854,0.014667630024223666,-0.0012307916178945222,0.0022900591137362536,0.003282601910729488,-0.0007013220737702719,0.002935728544328109,-0.004312250979015109,0.0012152181670066486,0.024799417203831275
2021-10-26,0.0028011108869119283,-0.008918677252419682,0.0057822402490059766,0.0007395681365680584,-0.00618830928897518,0.002831174123271163,0.0035093729023822906,0.00459938570771401,0.00537627140737218,0.00493031031953195,0.00015160652379719863
2021-10-27,-0.014315569416847751,-0.0027497192705452367,-0.028745370294120498,-0.016502476927052867,-0.01168681202759081,-0.0008780939929252662,-0.005875176537756488,-0.007284010930410534,-0.0066845157727369875,-0.007925654655530634,0.002227395846065461
2021-10-28,0.009918393229374267,0.003258464525395688,0.007138046780212903,0.012271156935430572,0.012503650734226657,0.010047538104681397,0.0035178282333054867,0.014675286843792934,0.00657987922370773,0.008369491945015683,0.013282657434165346
2021-10-29,-0.004793452650721175,0.003123097393282759,-0.006568528758495562,-0.003958287102596936,0.0002872772367878973,0.004289923060885048,-0.0009817510687243347,-0.011983560029476759,-0.005942559502579492,0.009733600878019777,0.0025919028131609068
2021-11-01,0.0023493212570184774,0.0016189345727337656,0.01722611674057628,0.0004967393597812286,0.0027753283752309788,-0.0014857988085250629,0.0015439921069169138,0.0023001273459068994,0.003586903059115132,-0.001195694249436885,0.018344545801498358
2021-11-02,0.011369343387096498,0.0001244927690284836,-0.00940807830454804,0.002482771087337632,0.0033402908411068744,0.008804269532085796,0.00672649722241947,0.009388802305885013,0.0008935207923155275,0.0062847561149730335,-0.00673686252632677
2021-11-03,0.01042976265719675,0.0036051680338784475,-0.00828881069464149,0.003714626637549845,-0.002187618287495696,0.005838350311697438,0.009325959195766398,0.005787442084004724,-0.0037196254713861565,0.005873731703211815,0.017988612022598494
2021-11-04,-0.000573290581560304,0.003963911593071856,0.0013930930440622102,-0.01307666408188679,0.004003607255284258,0.015642127035096598,0.0009658171820654537,-0.01130292898358043,-0.005526016810799228,-0.006874402968707338,0.013470528213497701
2021-11-05,0.0078031229176689365,0.008019371769336647,0.013041297963882537,0.0004998649208953765,0.01015965561511134,0.0051740638633446245,0.005786470295740198,0.002286447621528964,0.009461100014256374,-0.011163956011034593,0.006431178599020759
2021-11-08,0.012525818533625444,-0.004406101801498585,0.009097216256602314,0.00549731410426868,0.004135862502623322,0.005386617455336751,-0.007945052166588473,-0.00020740984101619286,-0.014876484449470095,0.005946051105050865,-0.014153074580942171
2021-11-09,0.004611082026966473,-0.0024590498392670357,0.004082063642170342,-0.005467258864998548,0.00252714039578672,-0.00410767345900187,0.0034520731482601263,0.003733690631714248,0.005134371803481752,-0.0036661414289826944,-0.01848573005137355
2021-11-10,-0.006828705500885546,-0.01133823234441389,-0.026426949662485932,-0.0017490656969204599,-0.0056022374727489055,-0.016498180874653157,0.003027406763545626,-0.004959613577833144,0.008112773370688275,0.002853463445809057,-0.003717914424098856
2021-11-11,0.008002465339870257,-0.0019945063840952626,0.0038277916307976056,0.0027535247182826073,-0.004131437496115775,0.004680169833646497,-0.0006861042435193365,0.0004153303902942884,-0.006110200624738216,-0.002920270367949729,-0.0027005404737581173
2021-11-12,0.007492125723073784,0.014614087982813384,-0.002426692135172548,0.0022464352446134317,0.007920179096712943,0.012159592937253327,0.0,0.00041497340691343254,-0.0005996363888867151,0.00495688753080481,0.0033480925670599238
2021-11-15,-0.004550599545292466,0.0028312937063796895,0.00834073898671317,0.0,0.0018707528938544105,-0.0010162317627749884,0.00480520136239182,0.005602907243166033,0.01320332738389074,-0.006202996230650792,-0.0008343466888932616
2021-11-16,-0.002787392626596996,-0.007488220131994239,0.001550560885195118,-0.000995995047165854,0.00018692458337832285,0.010530267146557026,-0.006285229306086548,-0.0061903789176356305,-0.004738649975270404,0.004211056492251064,0.015764663898337083
2021-11-17,-0.006596648955769613,-0.0038342813358674954,-0.015313009744699069,-0.011468449774154621,-0.005974740645741439,-0.0030197146996669977,-0.0021998914468173147,0.006644367101628523,0.0008926580630999048,0.0014230409706970093,0.0063822364379966245
2021-11-18,-0.00427680993014401,-0.007201582751472535,-0.0059407871093898335,-0.005044230449312792,-0.002065991402728007,0.009976789895129068,-0.0035827643671124676,-0.0002063891705741394,-0.005202961319648924,0.00037366804038363455,0.011337830851030795
2021-11-19,-0.0018086110058260774,-0.0033761617276986122,-0.039022746041994405,-0.010899753614278307,-0.004987923625884405,0.0072911171378682305,-0.003595171390354812,-0.005364108144572666,0.005678502319762302,-0.0060545601886392575,0.004322853119187675
2021-11-22,0.0015853665229252911,-0.012172574349288534,0.017742852533300546,0.014095016935536941,0.00274293439815243,-0.011149435949317055,0.007910985934037384,-0.004977946838035652,0.006091976249102959,-0.004512299827227784,-0.0025069133099634433
2021-11-23,0.0010175442541058288,-0.0026675826481251663,0.030733314041801574,0.015668586948108576,0.0016977607707606701,-0.002302230347424161,0.006609432563565942,0.010631451687556304,0.0010339594654305007,0.0010574294635701253,-0.0072547351350732425
2021-11-24,-0.007115286247907027,0.0014008728154784045,0.009764548519065608,-0.002239477076710572,-0.0011298964974131298,0.007278059286373928,-0.0030094815949899267,0.013407686002394836,0.0005901223315141202,-0.0003770465086589958,0.0020537203474069177
2021-11-26,-0.017176859335711447,-0.01831556904239451,-0.040234658185578254,-0.03316697964135906,-0.027055179294298792,-0.024965098798745422,-0.012623340345841672,-0.027071120000955462,-0.015629760241630097,-0.0036991388546525616,-0.02726538738375406
2021-11-29,0.004629711118637525,0.00855142533426978,0.005757283602971119,0.0030952988571573137,0.0017441428175763996,0.02500156301996581,0.002501180376588419,0.012552447552447443,0.014829321128117856,0.002727931895494695,0.015533925553002925
2021-11-30,-0.02476947772993865,-0.03173196076056184,-0.023434739146811934,-0.023913614777114622,-0.025341034197861934,-0.008346027641034981,-0.025644424941682287,-0.020867818992809317,-0.029225251614986902,-0.01964815226720984,-0.013510743507199718
2021-12-01,-0.01015949421767326,-0.023086088595886456,-0.01062462413177212,-0.011064333129594095,-0.013892852431066527,-0.013691359741081044,-0.0048369842069110325,-0.013083130177632962,0.0018248706593748665,-0.0017727069313296928,-0.018049330273687936
2021-12-02,0.020408267060433083,0.01684105155122695,0.029068880802172403,0.02983458947545503,0.029686880583368547,0.009194033692915715,0.010579163764521393,0.027367925443734897,0.012748768662523391,0.004864681534841209,0.014246429335625255
2021-12-03,-0.002222287592884231,-0.002270659104283368,-0.007916799987595424,-0.016295785384978223,-0.0011728224386163832,-0.016731827162892787,0.012448323436635711,-0.0049945230461762025,0.01004025999106295,0.0018444626383093965,-0.019449115145998896
2021-12-06,0.014652417207094315,0.016465671171355334,0.014871332871445597,0.015251232070318643,0.016927670171280162,0.00950740578230791,0.01760547231151466,0.01443186596764856,0.015281629254983997,0.00567606667228282,0.011420227845838848
2021-12-07,0.015249484897535526,0.010272550311839712,0.023409612757075537,0.01787078694388411,0.010199023519186667,0.03491312605581576,0.0021965160379178172,0.017731978453458197,0.007452895164350437,0.012890043757922243,0.023324857825208323
2021-12-08,0.0042103911971722585,0.007300400159888865,-0.0001747014850097539,-0.005343329450700374,0.002476596351497218,0.004579237360218924,-0.003150932059006073,0.004254651222791228,-0.0010151948117930187,0.007529961401755214,0.002516365539111165
2021-12-09,-0.005552412019820152,-0.007894582406864914,-0.0076842105758254675,-0.002046745586873122,-0.0031353973818467606,-0.010789816185316714,0.002748611847090965,-0.012709339542436138,-0.0013067129616403106,0.002317026951986101,-0.01732933718161167
2021-12-10,0.00615298044362822,0.000522043179355558,0.0073917817322270984,0.0010256303902336228,0.0040983654493733646,0.020064983436272055,0.016858675974914528,0.005108234127912281,0.005379155847384354,0.0035045956773409603,0.006975190923619978
2021-12-13,-0.006002363130620192,-0.00521520542691678,-0.027777980356836762,-0.010755601256851377,-0.010346479831388478,-0.014867254654846174,0.013074757657692615,0.013417301107351953,0.012292178756465155,0.009436638350367899,-0.02575716772876424
2021-12-14,-0.0010255229743515448,-0.0026211683742467518,-0.004132685357435273,0.005954023806478581,-0.009495665665309794,-0.016426675282768533,0.0006650392621254664,-0.011032931604865737,-0.005999868064747171,-0.004048501049827236,-0.0058085233461206975
2021-12-15,0.002167226064045291,0.010512753280341958,-0.004872049376536736,0.0028307593604925962,0.008715093340972535,0.026497662560416968,0.010105260463979526,0.01480724515255849,0.016384311348170755,0.020472996202152594,0.012692192622481446
2021-12-16,0.01024232118326207,-0.0014309295436458758,0.006346507060822182,0.012573660760389238,0.00048002361163268503,-0.028343400559672105,0.007108038497850355,0.0037975937526237846,0.005090056825436617,0.005939023441967839,-0.022081975921475316
2021-12-17,-0.012504065247277651,-0.004036381591575378,-0.02036050077891871,-0.022047755422344828,-0.01707921275904778,-0.006685799302839857,-0.01712204457342581,-0.0033850155089012457,-0.015053310308382195,-0.006984144019219429,-0.006814841866578325
2021-12-20,-0.01786326559967555,-0.006983646091938689,-0.012389426120025138,-0.019424063821862902,-0.0160208445642408,-0.011894065923188757,0.00029434933827388043,-0.006549148722568732,0.0009502102448690763,-0.006055404610341708,-0.01614379231859131
2021-12-21,0.0126078435863759,0.018999847200896314,0.028485404452718965,0.02071192066344474,0.019916320966533396,0.025306460973866685,-0.0013383470705438105,0.00567957817429976,-0.0014382833602302192,0.004173877451260077,0.025905616257777098
2021-12-22,0.007954950954405238,0.002459966636883415,0.006419625209756807,0.004682439947159889,0.0028316021184415785,0.013077400367605962,0.006299667618582916,0.009882774227717217,0.004320877523581679,0.011667902731423041,0.0182401185826353
2021-12-23,0.01006509261336297,0.008912145304327934,0.0005465775667705675,0.005178640493320064,0.011780634748900898,0.005581887143370823,0.0022640677287937283,-0.0029958406798985537,-0.00014329759563058708,0.0041085310427846355,0.013871514595748202
2021-12-27,0.015060589748123077,0.009730035602002696,0.021857939375624413,0.010304026508071384,0.010585120016614713,0.02145259908031627,0.010631302483124827,0.0204329304274955,0.004876612609033382,0.01055296097357905,0.009744609762830203
2021-12-28,0.005801112940382769,-0.0005069805966079199,-0.0007130287822870729,0.0005100986972899069,0.005046709634879187,-0.005208074416363062,0.0056541853764822125,0.00431885576191493,0.008992284816190521,-0.002628696095640537,0.00043853953610883956
2021-12-29,0.004103694948378589,-0.0049473399125749,-0.006421521816645792,-0.0012743871938588613,0.0018000694359934233,0.0008536563811913922,0.004576363086332913,0.006059576474026107,0.005375655078172503,0.005698017644286679,0.001997574945865832
2021-12-30,-0.0035349045652908195,0.0042067894702568776,-0.0061040690186935365,-0.0017861880493327265,-0.003593670016426742,-0.006595381046042403,-0.0031241342676818773,0.004468330112004981,0.0036581756520150943,0.0020541181849915713,-0.0035980207770257566
2021-12-31,0.004434397714123239,-0.013837269447657174,0.002528838953709256,-0.001789174204430255,0.004270912747176503,-0.004864958026946087,0.006789669557826228,0.0021276840603567937,0.0035048805313897535,-0.0042407055491049395,-0.002390975161188358
2022-01-03,-0.01302296851820739,0.006951446726568999,0.03099113605954562,0.012291770353461517,-0.008222028825552785,0.00948994740390896,-0.00012982410549200463,-0.009264556991529282,-0.009919117285603352,-0.010291910759410383,0.02871264172833965
2022-01-04,0.012300114996918188,-0.0021736433172023784,0.034603176127436575,0.026309116609859462,0.020106458796496973,-0.010597193729226406,0.006744535084677317,-0.003896143816192854,-0.0031040403276683115,-0.013195315723316448,-0.006086319896763115
2022-01-05,-0.00011047724701351846,-0.0251122448217882,-0.00016901631531418548,-0.011584989039365445,-0.00952802900482419,-0.030749597181121247,-0.00090191818415708,-0.03246636768208144,-0.0005661561680900817,-0.007122402835674224,-0.026981791809140954
2022-01-06,-0.012593868965018795,0.004468877970209562,0.02230112314530719,0.014713279446176841,0.004621126579864354,-0.00505003056806963,-0.002707756928495786,0.0012126918194794722,-0.010338648593479549,-0.011564948833806432,-0.0026058032426030664
2022-01-07,-0.0008950965119234322,0.00013073918389094885,0.013716594982572383,0.011796456903417019,-0.00028150445345542785,-0.009195690784388755,0.0010340696771620195,-0.005249226123549056,0.0075845553401769905,-0.005109305236332351,-0.016661781847784107
2022-01-10,-0.010190320926773966,-0.006279567781806827,-0.0030973254423233287,-0.0034003695125411904,-0.011268783027152951,0.00018071981786627056,-0.007878964987852788,-0.005885822608986846,-0.006533142940208125,0.010271453763394778,-0.006115922718187727
2022-01-11,0.010973862453261374,0.01250663651005679,0.03401469291426573,0.008773826880744462,0.0059834395856062095,0.011990711805778265,-0.001171758508860088,-0.001633338093336878,-0.009006673797226639,0.007956869216966922,0.00963388599799142
2022-01-12,0.010071649813907069,0.0013002702860325233,0.001897806351708331,0.0007247351347166031,0.0032102004932497152,0.0047039713214516166,0.0003912297785819696,0.00265824627307909,0.003173947666729182,-0.002850316346206694,0.006594365655488987
2022-01-13,-0.007755068279860389,-0.010388446954229802,-0.005051347261430417,-0.003862553974840255,0.002164427120982193,-0.025897775827303682,0.0018240612628388497,-0.0034671250547988475,0.004889110755351034,-0.015540391183576974,-0.020100357702459548
2022-01-14,-0.008486000582226039,0.004592433564602594,0.02348099556727168,-0.010421792153179288,-0.00600992576874515,0.008456561674150764,0.0018209621086489047,-0.011665936630451124,-0.0068688602150004385,-0.0017125871042537044,-0.004659577363055334
2022-01-18,-0.013175879149516678,-0.012147173415513302,0.004030233898091762,-0.022287457360272933,-0.011525723223096862,-0.02401083072081378,-0.014410040229653975,-0.006833972855586512,-0.011959445815325376,-0.01402261390061399,-0.0189294059104399
2022-01-19,-0.0025103647419556507,-0.001718854391146385,-0.007256389226631854,-0.016783720952488812,-0.011182361610387659,-0.013969504213479866,0.006322375620583243,-0.012927313531945095,0.004520537526542023,-0.0040849137528976565,-0.01804962522713216
2022-01-20,-0.014529133548814355,-0.00993351755868599,-0.009175723741283281,-0.006369581412854486,-0.01275844555431005,-0.012913611634545408,-0.006544603796111437,-0.00887209145465595,0.0013068534311628799,-0.006532485042324732,-0.01822329097104569
2022-01-21,-0.024379109367321017,-0.033846468574781796,-0.019776974002371883,-0.020512731924274163,-0.009203394915925256,-0.019878354069239212,0.0007904631686890262,-0.000639205712930413,-0.00188490593147439,-0.010092471760646982,-0.02932135506144329
2022-01-24,0.0005948465102108003,0.007338745308505423,0.00672521310983365,0.002879595340339991,0.005731557416328581,0.005183978365509878,-0.0032911449292459816,0.002132581147866075,-0.009587603830780833,-0.003321175855907854,0.01202724837550373
2022-01-25,-0.009037715446819305,-0.02048099943512116,0.0388101408358581,0.004176543991075032,-0.009825096450365445,-0.02314199244092141,-0.011094932769955879,-0.002766577730123232,-0.01569376642184972,-0.006432252622886603,-0.01692302573364657
2022-01-26,-0.01044039209062353,-0.014594547372806743,-0.0016840930252249864,0.0025994697906011055,-0.008732031683437391,0.005873061715889971,-0.007613049880933587,-0.016645329394684882,-0.008195396489148465,-0.005225747975835748,-0.004846574926636316
2022-01-27,0.003395491592130373,0.0011393198087978895,0.010889528898148981,-0.009074608489026414,-0.008908977428947695,-0.006888489117480079,0.006729463661045543,-0.018012168220308822,0.00886432233785639,0.0025873644194889245,-0.024240269584717367
2022-01-28,0.0058011736992023,0.028591698515574526,-0.004248313875425236,0.013082582667794718,0.006969082260657178,0.04373120060056013,0.011764558230067834,0.03469623916454756,0.01206230560834598,0.020411267854208104,0.021801483452869697
2022-01-31,0.014780029846577225,0.022680215745986887,0.004418693713036825,0.008780684573412412,0.010431225102826014,0.02512663400853188,0.0038322044100966846,0.011106303038301402,0.018981906656209135,0.005748019244161684,0.03846150087824962
2022-02-01,0.015393779994179901,0.008654608279413445,0.03564926315642292,0.013824875584007579,0.013797916004242516,0.0025929083304991885,-0.0009217314621604578,-0.006759595628955561,-0.013285096039563848,0.002667265484632475,0.006055939035819691
2022-02-02,0.003148871586480473,0.019975552586655843,0.0032226699414792392,0.00681807360062936,0.006951944507025187,0.008128703139520521,0.011989403520765718,0.017226815298110765,0.014781147767855218,0.013451731036966619,-0.005965577529295163
2022-02-03,-0.017437916372730733,-0.06690328971710457,-0.009490603404603837,-0.01103581852447666,-0.015947296316039528,-0.029014510144196204,0.00026066238021860144,-0.01024473245990054,-0.004470839583765263,-0.004274290389799984,-0.030601474033171483
2022-02-04,-0.016564063848675592,0.0025355526004899875,0.015625193916277258,0.01699219340111635,-0.010770479495335938,0.004025791247995292,-0.012235053975042876,-0.013730338432239697,-0.007967449127162185,-0.003615070518045327,0.028444188356108402
2022-02-07,-0.004932769917795121,-0.01742283869452743,0.012772101509744838,0.002992710256514597,0.0007990154540367111,-0.006641555732049942,0.001844844578732241,0.00021399226210783162,-0.001460273194255013,-0.0017384764978113365,-0.0020608738551296524
2022-02-08,0.015475979628716496,-0.0004287884233288297,-0.021496142436098653,0.013922947921777062,0.009981102190535163,0.012362857151665185,0.0038141140516523286,-0.008993679566119961,0.0007310774541093856,0.008177559244508359,0.014074607758594704
2022-02-09,0.02178841882045357,0.028182810505426925,0.00834792516117,0.006376000273196292,0.013736473954907513,0.022180483108035665,0.00026222411674647894,0.02420079974782907,0.004384338093595064,0.007735527933032227,0.013236105158697331
2022-02-10,-0.005826345587165438,-0.014331309746874243,-0.006245522890939825,-0.008771890312182506,-0.016377366562045137,-0.02614865105760955,-0.010741550911188336,-0.028481056794562698,-0.025316629895983045,-0.015650649090912183,-0.017241324489036702
2022-02-11,-0.015471157913445777,-0.021598108859975707,0.02908551636619716,-0.014011710490625995,-0.015262600183431396,-0.030544121122592416,-0.003574983051743863,-0.01368084186380103,0.0005970233934335933,-0.013855204789693154,-0.028737585570440927
2022-02-14,-0.00821443357414664,0.00014428480738559735,-0.02357663001062149,-0.011219274583252337,-0.0037238534155585867,-0.000322668150057992,-0.002790858667641727,-0.010788128488367632,-0.0085035104522585,-0.01021115230919345,0.005707045351562856
2022-02-15,0.018365215225349507,0.01399303157711973,-0.01047264412397908,0.013615620596835853,0.015052034540059545,0.02628517085294879,0.0017326774899775188,0.0048964632991845836,-0.004664645529178446,0.011247307251876393,0.022367937749322664
2022-02-16,0.007307896398870417,-0.006971044175986374,0.008084575615634915,0.0007465974938196673,0.005274654177818805,-0.001006913564372769,0.0018622874584823812,0.0026578376633987766,0.0022676940180665905,0.001534035531371325,0.002856205026770864
2022-02-17,-0.017083962024614485,-0.026647318288219646,-0.0016038574250742954,-0.024857260783532453,-0.018314879692937325,-0.029921243733468716,0.007701383937333661,-0.008615074935409583,0.0006031713186507304,-0.01608335918080639,-0.02675975526369323
2022-02-18,-0.0016668185915250655,-0.00780117757746468,-0.00613405096269537,-0.00025487962540027276,-0.008269562350542214,-0.010130033267181204,0.001844844578732241,-0.00445628098560813,-0.001808619372148823,-0.007472513260533331,-0.006183997916130557
2022-02-22,-0.014190373633441888,-0.010235843466250283,-0.01616478916391295,-0.005099415827011344,-0.009660474414014852,-0.009249518251025712,-0.007760120860910602,-0.002685697533660214,-0.0010572999297229213,-0.002509547953046476,-0.029166468901674736
2022-02-23,-0.012821884646180837,-0.016786727800443102,0.010306385206566127,-0.017426880723214078,-0.018379774866211673,-0.025028020764751524,-0.008085981071584536,-0.013016306038376335,-0.01693122768929567,-0.00503178754363387,-0.03341925517882749
2022-02-24,-0.0029406476331739206,0.028049056086128177,-0.007835598202604377,-0.011998018206017869,0.012761826666724652,0.0341594906157523,-0.017238998040976283,0.017280881439694973,0.007996231164998813,0.004029841372727994,0.022852455788740178
2022-02-25,0.03649991075204406,0.016162296582225233,0.02637449854586138,0.032206876903878134,0.023858393711774895,0.013593423936833382,0.032227498491642415,0.025033118610728433,0.030969017479771432,0.03061552031010728,0.01979513120686871
2022-02-28,-0.01138263442454368,-0.0011672998129734768,0.02468074944517684,-0.014833956015784855,0.007666840125083896,-0.0018138761628603284,-0.013305237179068508,-0.0172259647361932,0.005178957051386268,-0.007559965240419464,0.007037689090638954
2022-03-01,-0.023026982270799023,-0.012564274770709538,0.010059593992383098,-0.03686364954417676,-0.014916335553375348,-0.019990941767599635,-0.005874653771096305,-0.0019971117518140513,-0.008685611668906135,-0.005540365062989938,-0.015160815715088205
2022-03-02,0.021973912663637796,0.008581361278108268,0.022864174536970205,0.025875891875515977,0.02134141871634765,0.021657063070483318,0.010609884090033495,0.01778559247176492,0.012177302985014293,0.015088175264867498,0.021002517412009203
2022-03-03,0.0012011822477486778,-0.010415066612218027,0.0027429158002572063,-0.0031530102602356225,0.0010944436325439622,-0.011927892802985784,0.00810650990920414,0.010921733545052215,0.01760541885389144,0.005107107081652185,-0.022644329757032233
2022-03-04,-0.0034793291025200235,-0.014378786564837043,0.028856644479907656,-0.018713811848410256,-0.002186656292903044,-0.01751766454585235,0.00013151328250393668,0.008427254659402417,0.02205894357803917,0.00500538091315228,-0.015885889945732257
2022-03-07,-0.034673844870795945,-0.03323807930769407,0.014754658998632708,-0.03652974284190935,-0.026795553354075796,-0.03659428014337285,-0.018189078633814026,-0.01821290787505092,0.012977936516417543,-0.017431303835760525,-0.04900911443051015
2022-03-08,-0.005113331835369217,-0.0024890802422006253,0.015719044015203965,-0.005854306358950789,-0.006141105866231622,-0.004851634257416193,-0.026983134409617304,-0.008948254503632569,-0.015457392492990163,-0.020428578282275733,0.002083154784595642
2022-03-09,0.03096399155091656,0.02994361913942023,-0.03056501036663839,0.03673581954373062,0.018125432079531878,0.03956245844239192,0.0067603249675283195,0.01673620512663243,-0.007072407038764994,0.018894716915478504,0.032165517252054965
2022-03-10,0.002675196671890978,-0.007419484229675866,0.030597514678488036,-0.008385056795617296,-0.0013147556526578175,-0.017487263648083284,-0.00945615196648597,0.003465685031220911,0.0066952113605054375,-0.00038479738272356734,0.0071094627429020285
2022-03-11,-0.007397630636895913,-0.018001536447028066,-0.008003137282896144,-0.0070919983088303384,-0.008001781182225831,-0.01759434060143039,-0.011621200165443546,-0.009928885194541937,-0.0033959148089709457,-0.0074667847602616355,-0.019236357090909983
2022-03-14,-0.0014662156390310432,-0.011651521042853497,-0.029928394194961738,0.0126374720225646,0.0033694021699557375,-0.018534020515434735,0.005319125425206739,-0.006104085759666589,-0.0011361573339194742,0.007057623433740057,-0.016674792996843157
2022-03-15,0.011501186392988805,0.0191763346517535,-0.03661955690096008,0.014107030790880826,0.01587452722984395,0.03359500270961613,0.022416861556201706,0.007896461929150389,0.012793178681789641,0.019945940414813457,0.03348788130376179
2022-03-16,0.01572543103162194,0.027606417833461405,-0.0045946312140245915,0.028089954938128603,0.013222531200349996,0.03250295436288786,0.0010895969467574762,0.011098859613180023,-0.0018243458061817375,0.012005646098668388,0.034114323866262675
2022-03-17,0.01917333056371584,0.010805874451483177,0.03440978398258898,0.01249050627668069,0.012852317683830439,0.007091596858428195,0.006937851092369884,0.01420583794646224,0.004218080020166104,0.015817078242410743,0.016666031567269313
2022-03-18,0.006076130084324172,0.013066095768580643,-0.0009463526563129321,0.0023125703146380516,0.0038066899379480823,0.020465645359119433,0.00229672141864512,0.0023344920522607726,-0.008541117893488548,0.0061698589463403675,0.02105196684450439
2022-03-21,0.008312259946125389,-0.009359690271045551,0.04031149758143493,-0.0009780256542922805,0.002253921954178173,-0.001899295549542157,0.0012862996889622114,-0.0051317779052670875,0.006681774580409305,-0.0007614968384868082,-0.0083756300359491
2022-03-22,0.005434215832389455,0.018688541895568456,-0.007355841726252033,0.01623287926159489,0.005451051284907971,0.01436986653147354,0.007437328641418217,0.0006419437652007698,0.001412284089986393,0.0002195795290949043,0.02482235254746068
2022-03-23,-0.004599632787537278,-0.013686327466196802,0.017202766707645534,-0.018508990548011583,-0.009584791428347894,-0.015378673589779512,-0.008053531776224476,-0.011336761711004173,0.0014104139177373298,-0.017949970387756475,-0.01240865515809253
2022-03-24,0.020101796923433835,0.0163861505056484,0.002471281911255563,0.008008123558255642,0.00762483160374372,0.025988276591183412,0.007036540992935603,0.0077888394068950095,0.010280154762536187,0.011936735121421238,0.007790903652604264
2022-03-25,0.011211449854031885,0.004792965999796284,0.021931189081533464,0.012814123840535263,0.006208643097591393,-0.0005684996331443148,0.008331033966284318,0.011807603461411187,0.014496795351643721,0.00464487663670865,-0.0017419797335214149
2022-03-28,-0.004479792096980351,0.0031799919884547556,-0.024761708780964287,-0.0027836449160842935,0.00028916341312146265,0.011882224295893806,0.004131157251619388,0.012730626791620292,0.006457822101420874,0.007264601790979652,0.026668860684464724
2022-03-29,0.008437477899281287,0.017435202584016096,-0.002604183633638013,0.002283677520312777,0.00925298156630694,0.02123642277004545,0.008891747244907933,0.02933166431735601,0.009283490005735695,0.005901340120977094,0.017423529022795536
2022-03-30,-0.003346863883576412,-0.0070809392907402735,0.011618605538130877,-0.007088298697465634,-0.0011459507232656208,-0.013332936783280291,0.0006579134855499991,-0.005495604756013184,0.008250761397527118,0.0019556515886791637,-0.015193276296242342
2022-03-31,-0.013319677925455742,-0.01897060912494586,-0.01355002835549246,-0.022947608896337734,-0.015393442295717708,-0.014815504895335452,-0.0023664622411398994,-0.011051856954127026,-0.0010731515860151752,-0.00975858318711953,-0.0191921524230092
2022-04-01,0.010550255924794083,0.0074151785864133846,0.008110611356394681,-0.0026097256194776985,-0.007768301917214893,-0.002957161995839286,0.010014684277948716,0.01986734666577794,0.013967115864085278,0.007883682275953818,0.0012432610087305118
2022-04-04,0.00022445251113922815,0.027565277415227518,0.001298211746355582,-0.0044478957344032954,-0.0012725094082697286,0.01899527724991046,-0.0031312966622889515,-0.003043781221233055,-0.007681991031416757,-0.008329023650124556,0.022458707571925363
2022-04-05,-0.007968414143358804,-0.0127809548130986,-0.015682011462377465,-0.006307399079194864,-0.014208874337401811,-0.021056535110224872,0.0009163999114953914,0.0008143552727899461,0.006273246818275124,0.0021179319468507263,-0.02344391015094549
2022-04-06,-0.01153999722444854,-0.018636736924831365,0.005925134995248271,-0.006876441903979624,-0.007753278195680613,-0.023660364682900115,0.0126826622848899,0.014846548530616399,0.01989678524076499,0.01523225617346391,-0.025520220369524282
2022-04-07,0.006524182685457625,-0.008698373818414096,0.013088861156590026,-0.001065448761853105,0.0034061484992526925,0.00155512891734233,0.012137156915473346,-0.008216710965573304,-0.002471173380788949,0.01923894789198055,0.005104485589281227
2022-04-08,0.006140379463112522,-0.004387349717118738,0.02751956966583302,0.010130758954373542,-0.005591082881379994,-0.013974326408003113,0.0042096255219357115,0.0036371447793652756,0.0033898586998823976,0.005986927300071665,-0.009218900957573828
2022-04-11,-0.004972845137104498,-0.012925959416884125,-0.0300516545927354,-0.004486417899535189,-0.0032127047915790907,-0.02519520858094826,-0.004064952468709859,-0.013690442055485197,-0.013643551301755541,-0.01988395991774261,-0.01855364627588363
2022-04-12,0.00022710394304747972,-0.008184517374988487,0.01659318030645185,-0.010869757422492854,-0.001611611589496964,-0.004442380607578733,0.0002550897116055939,-0.003061620171073809,0.003820760491108688,-0.009714717725735178,0.0022139914971892605
2022-04-13,0.01476263714847792,0.01470379999511473,0.014919476937319542,0.0,0.009382613492595393,0.016090956601082063,0.005610542463663881,0.004094876084193677,-0.0019688893981895106,0.004904950848770628,0.024866787781834043
2022-04-14,-0.003357165625330505,-0.017004074508390365,0.0032667753679975764,-0.011257036264592957,-0.0010996181094428126,-0.024286134023414396,-0.0002534940814034048,-0.005709518527116875,0.0005258084801267326,-0.004809274924892026,-0.013983161464322214
2022-04-18,0.0008982907737196122,-0.003309501695884731,0.01465262233028386,0.005963533506190943,-0.003502200478583628,0.0032729339054724527,-0.00824425654760852,-0.002461064599171059,-0.005388205581289607,-0.011035873054770384,0.003026918357324826
2022-04-19,0.00942354154343561,0.01992138329075943,-0.008146093346734107,0.01374281099764496,0.018174773532124044,0.018760169147873595,0.015219143254417977,0.020970388957780806,0.006474837351702956,0.009554107562362635,0.029003970684487124
2022-04-20,0.006334477846034581,-0.043355935980971094,0.003857813544437594,0.006911281740974218,0.0054238497171748,-0.0009341538599810795,0.014990993181660306,0.01892877763491141,0.008139510013379647,0.013437653696344087,-0.012871071968480585
2022-04-21,-0.01634433068920782,-0.02846096970315648,-0.03173438624929592,-0.015839589640682772,-0.010201052113230413,-0.0169625957543853,-0.0008686625096416822,-0.0065217344236810915,-0.016538675855243934,-0.011049332098682751,-0.009683092394556447
2022-04-22,-0.03738660342359179,-0.02372221396261176,-0.02445267065879575,-0.02977444533353535,-0.02457648178946359,-0.02798897178662807,-0.0156522632986984,-0.017903546799145853,-0.01681680351754189,-0.036473713910079475,-0.023222097514256967
2022-04-25,-0.0027989329780457872,0.013698428284708575,-0.03307087593859448,0.001658752652397677,0.0,0.01502646880677716,0.004417284577233227,-0.004658759161341841,-0.006868642167019767,0.006732685704842423,0.007222991812948276
2022-04-26,-0.015438695675254688,-0.03281859549436139,0.0013571697666754368,-0.02511714134238341,-0.021842801845952886,-0.03725151820787542,-0.015454201059179273,-0.01566944935811898,-0.010035046563733552,-0.017611378567833458,-0.05059549136757402
2022-04-27,0.014730322566425702,-0.022288704414268334,0.014638424490037716,-0.0008494516159566201,0.0037391979265621877,0.014804842798363804,0.0037006884323480538,-0.0059953471192373264,-0.004794909486887877,-0.002193549413406326,0.00011885511983700248
2022-04-28,0.01580435807891445,0.039979752355735476,0.030322752307413214,0.012751795284828615,0.011278862277120272,0.04003126746123353,0.014748715427145287,0.01830269592261624,0.011149638011401342,0.013797290928373895,0.020517310623586305
2022-04-29,-0.020052956421727552,-0.03386220069012369,-0.025670813015495675,-0.03441571258924225,-0.026501639457907844,-0.0416752511906362,-0.027189544403933175,-0.04820260479968319,-0.029948239508470698,-0.02572355870813703,-0.05081575579789177
2022-05-02,-0.003057836177634665,0.02759906202508411,0.01596782021936405,0.00028991515031351334,0.0021022615641677067,0.015203186722538398,-0.013137691400978757,-0.025965715201377026,-0.010244391075073467,-0.006217099422665129,0.014611963728361932
2022-05-03,0.011206786799914159,0.002636256658524072,0.028029227293370873,0.01303588085605556,0.006607963297442954,0.0017410632126300118,-0.002870953352330341,0.012117265478937878,0.0038284820955474252,0.0031666816390820696,-0.002481090716384804
2022-05-04,0.03243118989922977,0.03434672408466355,0.041533900077507235,0.03059788668670671,0.028967278821200315,0.035113406269473346,0.022513000801203997,0.011754517200283088,0.02231617266589958,0.02217266834552123,0.02936015390435709
2022-05-05,-0.030960412659503445,-0.03686064317948767,-0.015046136962294954,-0.02913446459365321,-0.02612647089164233,-0.048095613210558885,-0.01894527647564459,-0.02560245266131911,-0.010223959117978243,-0.01943199795289785,-0.056043486283045896
2022-05-06,-0.014342366140797314,-0.02062017118459225,0.02980646338739179,-0.0071448243761844665,-0.006759067706992861,-0.00804478328957603,0.00104379100102725,-0.010156703705043957,0.007956567419837635,-0.00314947348702177,-0.01267324428288319
2022-05-09,-0.031586223993125384,-0.02593900589157172,-0.0827303737789904,-0.023891743782562203,-0.024183289464172586,-0.03869948053870109,-0.00039090275170072797,-0.04662037701381694,-0.007478283415439879,-0.02588990421989079,-0.042617749556282614
2022-05-10,-0.006230273019637522,0.004495926450693188,0.009071805659926824,-0.00884693956480831,-0.006544308691267209,0.015244725096161593,-0.006910938689680068,-0.022227597126096565,-0.012138647574504557,0.003559526776241384,-0.0029719010589086547
2022-05-11,0.0004915606429345409,-0.01807547915540042,0.013420347760324303,-0.009223584866665968,-0.009071408181172358,-0.031562068301394075,-0.004332997005398576,-0.0014355586729817293,0.007203036445873057,-0.006620869923109396,-0.03583755158513935
2022-05-12,-0.0018429555593301172,0.010869703267561537,0.004242656331067796,-0.007507429829050949,0.0018527573177407053,-0.010311464736011744,-0.00026384715821481386,0.007428591170939525,-0.010096627919802703,0.009680160812132188,0.0068706610671041
2022-05-13,0.015386455233661112,0.02341310376378125,0.03418233319944308,0.014523362294379671,0.012727140177748897,0.03323418750738649,0.015037429676821201,0.024976215436288696,0.011899839617759422,0.01060899265206583,0.039372240522920876
2022-05-16,-0.001818379894803046,-0.00643955649313499,0.026367989275364323,-0.00835067119745514,-0.0013963550795808022,-0.00883261844035843,0.004548741643619403,-0.008122433264103779,0.0030797780908924377,0.007387235276791415,-0.02159912577609202
2022-05-17,0.028297391539641836,0.021831677831134266,0.011578961968754964,0.026766990911979205,0.02269543343298186,0.02896187705629072,-0.006856731493133594,0.010762681087722825,0.010328005113474203,0.01373982939789431,0.02522939621039133
2022-05-18,-0.0310621017042797,-0.0327156859690132,-0.025634844841755933,-0.027533643434490163,-0.03723173934202573,-0.045756297219277764,-0.06434772870156613,-0.029166932099399134,-0.009669617962837607,-0.025812687503165566,-0.06538341964144201
2022-05-19,0.007070007093328501,-0.0013804181601678733,-0.003671042218704512,-0.006626655747239862,-0.008957966696061193,-0.010966654780500296,-0.017819877466054623,-0.0019074069139973782,-0.002092511668701502,0.002188477826705837,0.0007000205979512675
2022-05-20,-0.002420825191819964,0.0025920768495588664,0.0042985912838511275,-0.0018193201551838234,-0.010802435694628021,0.0022176271028979677,0.0021258682344635904,0.011705625747854276,0.0027955647136512773,0.012166540126563152,-0.01742470922706474
2022-05-23,0.018320739409844133,0.014994628236950414,0.02641558007671252,0.03250303513723707,0.016380739747135387,0.02296651705870567,0.020650965717712078,0.012987283097751323,0.011987723064360356,0.008784182316659228,0.00747803016435844
2022-05-24,-0.005718883298504229,-0.03548980265681456,0.0038125378955349287,-0.002059489845572582,-0.0005481882889168954,-0.014842922943310799,0.016352465014128903,0.011654749497352235,0.019972413930668287,0.002978813033533534,-0.025731596259256806
2022-05-25,0.004433704891387835,0.013380289635655851,0.020652947910000163,0.007960062823013647,0.00581398301992242,0.011659678921561945,0.0002724576268731127,0.005530226773628133,-0.0006752743876957679,-0.0003044829764219381,0.02822528927508694
2022-05-26,0.01837284061094091,0.02432248223351441,0.011047741786369691,0.023105985689925612,0.02028558209803122,0.024023285199767708,0.010632912741070033,-0.001145752236551556,0.0028379291213136426,0.004266109136836782,0.04904371237486527
2022-05-27,0.023430211261968203,0.0213703773190157,0.018288511045968292,0.016866977993439614,0.02052389100503693,0.03383743924288196,0.011599457801980462,0.028217433540767,0.015631519231180224,0.016612427335237934,0.03430630485118513
2022-05-31,-0.01522451752304721,-0.0006642906872592613,-0.015023161525412276,-0.0028111444922056528,-0.008065487112859704,-0.007139886871601275,-0.0070665522116972745,-0.01338685415575891,-0.013798821050724608,-0.013356609854171864,0.005073079300266681
2022-06-01,-0.009996422387765436,-0.011465672465314714,0.016284481666858364,-0.016070171706424108,-0.006124464497518245,-0.0029902866105905312,-0.013025547875356924,-0.010854953439626724,-0.0016143911706568703,-0.014368633585418844,-0.010418264903661156
2022-06-02,0.027591696379990704,0.024373991378420223,-0.0031595586008669185,0.013753617004761853,0.019124532964593044,0.024209478559112263,0.014557930555945564,0.015089255040980909,0.006737719801178876,0.007903033144368576,0.03060233277698554
2022-06-03,-0.009711821371079399,-0.021660696744432162,0.013244216418559107,-0.01441491685338836,-0.003857146680316559,-0.02391604662467095,-0.010057747741250678,-0.012612475858551297,-0.004818885100638659,-0.011723683407927399,-0.02924942782358475
2022-06-06,0.009461216304755826,0.00503191909405265,-0.0011169558388084422,0.002867694344174998,0.004185970113622206,7.138305970944003e-05,0.00040637433417511915,-0.0029655654351091743,0.004438411089871419,0.00015408300176278367,0.00999997315554313
2022-06-07,0.007200733194478781,0.007176379845526215,0.02986232305604042,0.007720997056255063,0.013444571779225756,0.011928662951340652,0.005280950476752366,0.011667959129760375,0.006025970296411387,0.013015936093655922,-0.002459140404895366
2022-06-08,-0.02076706670164441,-0.0026513066150555264,0.0021719431130517997,-0.017593446277824887,-0.018099556205615208,-0.011293847079408836,-0.012257639181417201,-0.02397125641309472,-0.01956613874867852,-0.007906724387582997,-0.005902918399905532
2022-06-09,-0.0236412995746198,-0.0307360775135449,-0.022106720438827665,-0.025130233404216606,-0.01968991778468554,-0.026701002342274016,-0.015000424035342741,-0.022937691250652592,-0.02402912558871273,-0.02260736050692491,-0.01807636664947876
2022-06-10,-0.03062325862333215,-0.027939678551883507,-0.016954710684372487,-0.03614811048142619,-0.029487327919853534,-0.03843609897758227,-0.00429222612122826,-0.023713734687453747,-0.00765071850710819,-0.016073417343878016,-0.03987530012272622
2022-06-13,-0.03905952408479485,-0.04725793511806953,-0.05219254031509912,-0.029818668381462632,-0.03005281718165398,-0.044320743374868354,-0.02155151741384631,-0.04809303456331615,-0.045977051770415334,-0.030281120778077986,-0.04616843769364143
2022-06-14,-0.007645482149372218,-0.00277622638459718,0.0019029203657168203,-0.008555041813793629,-0.00249670739797081,0.006305866262576121,-0.011794774034558753,-0.00714510469922669,-0.025271734071255714,-0.009532534583671315,-0.0007984440600805609
2022-06-15,-0.0002567313273690308,0.022457441144397405,-0.02207992883802401,0.011185617669540848,0.009671043297543536,0.021099294343450703,0.0010066274681204135,0.022873706224257884,0.006481689558332393,0.010122088182741074,0.028106694036231783
2022-06-16,-0.03609012030536529,-0.03648572801804373,-0.05632434927699104,-0.02528447180902249,-0.03335595053679852,-0.040705182667799655,-0.007613725625167045,-0.023869536235860633,-0.019319907996688257,-0.014702227652043542,-0.04895440762859049
2022-06-17,-0.001732230456399031,0.014318016653272148,-0.05466935841942111,0.0029184115879847816,-0.002564619053071149,0.009150489880084933,-0.0036191865094908904,0.0059205069744290295,-0.009315827435013913,-0.0005836848862645905,0.010918922800515984
2022-06-21,0.015119970761003243,0.007074845724078349,0.051806014102275144,0.01995699220056979,0.018242312137938033,0.025447150334114932,0.02668440043492204,0.018623573031679275,0.01903520998606556,0.026921140543184396,0.028603460164879912
2022-06-22,-0.012842753403561114,0.0016639522646995086,-0.040031326751051144,-0.002230761063997,-0.005533582538029491,-0.0042366251866495785,-0.0007128027194944764,0.016206245048314916,0.010521253620812798,0.013866259080741683,-0.001933189852400763
2022-06-23,-0.013680157841270857,0.012366125980444398,-0.037067325164963694,-0.0038325445445064332,-0.005100902263929785,0.014970146892943292,0.019403712045340082,0.01968618107607778,0.023540159266145277,0.022445585662523415,0.015710287447971538
2022-06-24,0.039706296045040945,0.03810397026607926,0.013161644345226708,0.03687080338479509,0.03495684102096264,0.03594161817334007,0.019594078900083245,0.021749978088755118,0.01739656210226226,0.016602585068345554,0.038138279298844946
2022-06-27,-0.008239664836383054,-0.009483722499160852,0.029333632447410052,-0.0034014945381128925,-0.002364208274337365,-0.006744199476812929,-0.0027452620876261546,-0.003587757456117169,0.008114663786684906,0.0037150065456943437,-0.010476824614619185
2022-06-28,-0.010681668362677477,-0.02907785215289871,0.027004962138673427,-0.009928450596434435,-0.011623967229556498,-0.02995104313539909,-0.013351585642254693,-0.013682588938706441,-0.0037374114883841347,-0.01742744500395499,-0.0399449417896931
2022-06-29,-0.007198181622811717,0.0031044521391039304,-0.034751680143450536,-0.005640976679111787,-0.005823402713075132,0.0020221315060537925,0.006277748367742975,-0.006327180118487985,0.000721403156900724,0.008711407119794456,-0.0007879112451446568
2022-06-30,-0.011815247790314953,-0.012015401354222077,-0.02108118919236246,-0.008824361343422127,0.0031009763853724337,-0.013349896009169138,0.0006931370430953709,0.0007345399777027861,0.011101501254178858,-0.002256171379601546,-0.014691939166538881
2022-07-01,0.007065143470492474,0.010134471676394696,0.014962985713869559,0.013672504667272767,0.008701601359126343,0.002281377647610938,0.014408409175315384,0.01786604181730045,0.024525882924469,0.01122870316874458,0.01840255120780676
2022-07-05,-0.020102421481765553,0.02316693376793877,-0.03968051156042285,-0.0034505749128163066,-0.01498310606731057,0.012557853210256376,-0.006419001636046695,-0.004087550895788716,-0.034098708852813964,-0.005783318677402116,0.022355436319757782
2022-07-06,0.006333308643837743,0.00017811810575496523,-0.017072842950844103,-0.0025179070815031235,0.005761705479734314,0.008604012022025875,0.0028866207377458153,-0.000724391876063879,0.010374387434711307,0.0067477667877311465,-0.0032834526582081747
2022-07-07,0.00889327851947197,0.015686466036356927,0.036052863315549466,0.014515571554242435,0.01180119285178538,0.02067324646887858,0.0009592832790106254,0.0007249170000496186,-0.000997895364588608,0.004237379287125309,0.025793970142902634
2022-07-08,-0.009763950664217536,-0.004738670985302562,-0.0004228069686219582,-0.0021772702481386297,-0.004529230401757345,0.0004518193677460758,-0.0017797857490821078,-0.0045872204762558155,-0.0032834955426763734,0.002991964699200489,0.00013633596973638973
2022-07-11,-0.0027389640218364875,-0.030329805599444648,-0.009584170811385184,-0.008104785734663555,-0.006711730481207434,-0.01377308592421489,-0.0013716315185607897,0.0,0.0063019631637646345,-0.0025240483040325223,-0.027396133367071696
2022-07-12,-0.0019226761356480049,-0.0005454767205859135,-0.019496150544300317,-0.006285195527975018,-0.00309182058770896,-0.013659752215272603,-0.0028851006466689144,-0.006305799541030277,-0.004839199567339025,-0.01272916917448741,-0.006041149518893452
2022-07-13,-0.005778573937859632,-0.004548770479455677,-0.0015964425557243311,-0.008855314875234943,-0.012177260145270097,-0.0026306272434470923,0.0006890933323018267,-0.0053698459087234696,-0.004147683104437916,-0.009708739700315827,0.008198236830527339
2022-07-14,-0.018406007909673727,-0.012611987117943202,-0.018898128776128398,-0.019145026072613702,-0.005698101899342167,0.009153431757644936,0.0008257157102484758,-0.009816008775883511,0.0,-0.0029019165203232333,-0.0008414942737623443
2022-07-15,0.01564908712112212,0.025731252586985054,0.016298660880756932,0.033832147813098956,0.01567248010042377,0.01760365403112818,0.0033012977619331085,0.016108953197619735,0.0018671263803722304,0.02414828666419111,0.016136087264480015
2022-07-18,0.0023598023141750968,-0.005053314021597366,0.022889762238309297,-0.0037759284894999245,-0.0059879581427829676,-0.009669310425290512,-0.009733847249454364,-0.009756050494424073,-0.013904719268829746,-0.02112130958266345,0.0028996498940432325
2022-07-19,0.030467030976679244,0.035552353717965834,0.03078657161666487,0.03000655544480546,0.035681217024171374,0.030511164962556014,0.01052170377211592,0.027586136744842893,0.006396197921690883,0.0170262734693043,0.030634857964159323
2022-07-20,0.0017470585543191142,0.01646527037219525,0.009679060396626138,0.0036797589914507878,0.0077178960575121636,0.01561812533932172,-0.006713148531126145,-0.005033655301937223,-0.013289178944658642,-0.009874961448925523,0.016431387642334983
2022-07-21,0.014220470706584942,-0.0005169693919906404,-0.017529163457193353,0.006416062285641511,0.0072152879462703545,0.014065844611877543,0.003034518020489374,0.010358798805365721,0.002634982200709901,0.015817403932015806,0.0228693282006025
2022-07-22,-0.00714284937105103,-0.03465513861911673,-0.008224249847589293,-0.005767947924185557,-0.003196162537049574,-0.013798995130197778,0.006600778702643861,0.00763028593515469,0.0137246808274738,-0.004142085073625901,-0.005782117921426577
2022-07-25,0.004130045077951339,-0.0033936219962817926,0.03668289837955374,0.006412143780664792,0.004754086501554511,-0.0063402021525665875,0.004918120601260956,0.0007098902493831716,0.012530743973048208,0.005237466229961907,-0.008594682357283334
2022-07-26,-0.00676662262248473,-0.0200714140187781,-0.009083463278400816,-0.013956326977932587,-0.005391768724234969,-0.016208350984473152,-0.00231112743493167,0.0018916292373800658,0.00597435118611811,0.005133928252129216,-0.03219907561498969
2022-07-27,0.012022501837207544,0.04224548488925972,0.022575228690158378,0.015384600933792791,0.015488551471424472,0.043014809128863796,0.006812713403568038,0.005428396831526738,0.0008484964128445682,0.006251056538385535,0.037850209812492874
2022-07-28,0.0176874897803323,-0.011405363686321501,0.005619303484667659,0.007272789616946884,0.020917357629373745,0.015223777184034226,0.015969725811347812,0.03685417685433201,0.03588596751939721,0.0063636782340597,0.01719672243314041
2022-07-29,0.013358992613639487,0.0005323356743982544,0.043374137729302875,0.014139629553595823,0.020595550482125802,0.015347999223815023,-0.007726018127908962,0.0038489921148217032,0.008592056464884479,-0.0033123381035099486,0.038787877691020656
2022-08-01,-0.008063230670071309,-0.0014190648063546751,-0.020658042755864026,-0.008306110362156671,0.001045419776801726,-0.0021494778455767305,0.012485092658994112,-0.009021058483149935,0.0010819144288483074,-0.007401677778205551,0.004974574451023006
2022-08-02,-0.010193685544510722,-0.0015987783144034706,-0.0023435796509058138,-0.011068138562857377,-0.010549385639957554,-0.007087724441698806,-0.007955590464024831,-0.013199668608358861,-0.0020261083817816328,-0.0035764669144076056,-0.006844309487917255
2022-08-03,0.0010428201803773796,0.024021349295846317,-0.028713266160510065,0.015123943015336705,0.009395340886979575,0.026594038541473575,0.006549064733282428,0.004150984634449184,0.006226090781241922,0.009163739786187675,0.02436590538203176
2022-08-04,0.000651284497993565,0.004343917790612162,-0.037086615945958634,-0.0032774774666600726,0.0036599880413890062,0.0045673684980938045,-0.006639473679201369,0.0009187609447320888,0.002152477097146832,-0.00491880882054041,0.004084680993107437
2022-08-05,0.003513576759480719,-0.01228372032471603,0.019815462565021758,0.007174644798104257,0.0015631593314280323,-0.0023072263445390595,-0.0022723988528894346,0.0032123125847580702,-0.0036239869090187726,-0.00038010729049864356,-0.01704953285664057
2022-08-08,0.005576629721686155,0.005780434869097517,0.005199918414950266,-0.0005934518054188098,-0.0003122617384453408,-0.008502489892884046,-0.0005358400510104833,0.007319429479844652,0.0014815019618956704,0.002358203519447599,0.004503790295297794
2022-08-09,-0.0049006123855989125,-0.009752981228249524,0.01756054106939242,0.005048846802505835,-0.0036423397906664157,-0.010015583026130592,-0.0014744349327591166,0.007947442817263894,0.011164882138305243,-0.0030355354471997,-0.015934559382070668
2022-08-10,0.02838253584795747,0.028139512032899328,0.007224252024834676,0.022458724455205914,0.021934351962871412,0.027302332507034732,0.007383286910915832,0.013516540133948984,0.004390180584300962,0.010885815048290892,0.02819847456538338
2022-08-11,0.0034025389203680145,0.001026333712508487,0.03440013790264573,0.01184955832373591,0.005314906604325653,-0.003912427603466884,-0.0023983709551580468,-0.004667794546309945,-0.00013229296094974252,-0.006476374506589999,-0.005089692247786548
2022-08-12,0.01883961711433213,0.017771838850729305,0.007575968690677781,0.015710186997358155,0.015046688595398372,0.01990948629465028,0.008682963688216194,0.016972100995009676,0.016293218114480812,0.012809787823238716,0.022629830933626582
2022-08-15,-0.0006165203106939243,0.0035256246146493364,-0.019498080283479657,-0.00028157967571662557,0.0024038009753570844,0.006307509399307243,0.009932216586198583,0.004391578135868768,0.008342255979287394,0.005014253847573258,0.006886249845674097
2022-08-16,0.005550786751246983,0.002007944348371371,-0.0023393152315563936,0.007313744981374937,0.004496571122073023,-0.0027051823489259164,0.01127732003426063,-0.003935281414534364,0.002843784105428959,-0.002680662930662936,0.011047445609847273
2022-08-17,-0.013738762214786537,-0.019369022267891278,0.008337709170778806,-0.005026231426699557,-0.007957914360763874,-0.00714511946781804,-0.0028530578442634846,-0.002853630972759258,-0.001675792975910917,-0.00582379523959442,-0.010753155513325896
2022-08-18,0.003109388220296827,-0.0015324906820699535,0.026873070849185332,0.00112227804164311,0.004010591536502739,0.005197791357040238,0.00338131349489057,-0.006823645928275668,0.0037447609120981884,-0.004431121925836057,-0.00029244067115641315
2022-08-19,-0.0183508620694931,-0.016200561823165205,-0.0002514353221408916,-0.01990460832311669,-0.012882982003388666,-0.01816395926198766,-0.0032398693429740444,-0.009751505788306747,-0.0005148041390252711,0.002715646852996967,-0.02063613534446418
2022-08-22,-0.01591513452106441,-0.028600962859482326,-0.0018876594617756037,-0.022025109980597257,-0.019020730717681622,-0.027884789837170243,-0.010141630219446474,-0.020814751802969766,-0.01364207262124928,-0.013090546601126962,-0.027756158682580412
2022-08-23,0.009883272648145924,-0.008565304878541347,0.03606098870209862,-0.004094660839413455,0.0018563382389411576,-0.0026391618521686144,-0.0043349611174910985,-0.015085894027317859,-0.006002319519243127,-0.013950328649954935,0.002824172681027859
2022-08-24,0.0021604427480583777,0.005939400306675724,0.01229141715892057,0.005286209170066503,0.003294402812369368,0.000626859606074115,0.0025067061871801855,0.007890722363177227,0.0031506190556158664,0.0012369623062218338,0.004285647432746176
2022-08-25,0.02270120680161969,0.01950282516863644,0.007694189495207837,0.01548348876554928,0.01528829442939883,0.01691111073728213,0.00460572017018035,0.015426869959954459,0.0061500759527666204,0.011041692454494711,0.011948240209194383
2022-08-26,-0.030629950046126675,-0.03194118467332141,-0.011691836945848522,-0.02991921782498319,-0.03466416699927388,-0.04270459078298572,-0.02475763893683125,-0.02539676499960919,-0.015346604852284451,-0.027875423676647637,-0.03807248531047014
2022-08-29,-0.007035866471854391,-0.007795410780167322,0.01508936880140177,-0.007117618141868953,-0.004501495926274357,-0.013225534394042171,-0.0016117357011690148,-0.00860881389450463,0.0030379128039057512,-0.006992082590364768,-0.005322914777992627
2022-08-30,-0.016361494153112055,-0.008770466029000112,-0.033892119626654504,-0.005376450953949674,-0.014407440866057386,-0.010432557156296651,-0.010359101057873299,-0.014315534094491489,-0.014616665144578267,-0.006645422634045439,-0.011143970119482205
2022-08-31,-0.01231190563149176,0.002396340996125179,-0.009109041025627374,-0.007507409685444055,-0.008429238204814116,-0.009737226461905446,-0.006117764443600793,-0.003571527270390007,-0.006548394373742772,-0.006371563359952037,-0.009868915855219873
2022-09-01,-0.013128253839159387,0.009194791781825806,-0.024596214508659675,0.0030257035164011903,0.0013987998102673593,-0.004879410172516585,0.005608252749686349,0.0035843287984396177,0.01439359778402527,0.016431660822830985,0.009131168755750707
2022-09-02,-0.0009406145075474548,-0.018950650902241906,0.018339382446501018,-0.007843184202020237,-0.009671193668790767,-0.013001512351570876,-0.01305767462687113,-0.017142834076133595,-0.010741557932438028,-0.01435221287845212,-0.009175990674469059
2022-09-06,-0.0030935635358230185,-0.012444513083617048,-0.00925464205927673,-0.002432412531225059,0.0016275187487175824,-0.006623901480807715,-0.00565052903836416,0.010416511992842326,0.0025472153609202852,0.0009602131717403317,-0.0020579143292180913
2022-09-07,0.027657906258097942,0.020124354616181117,-0.011612969258517403,0.019811122965462502,0.016033027047387627,0.015988429832667794,0.018017852710000115,0.019180064164577404,0.03128758561903244,0.016305564296117847,0.030676112189605975
2022-09-08,0.009715308543983392,-0.0023967827370147132,0.004342141310733849,0.017633126283719935,0.0029854661608794686,0.0034305917709345213,-0.0025869073077118276,0.0028228617440977377,-0.0007778699977005754,0.017381098675212314,0.009316451594688191
2022-09-09,0.015082370685141955,0.027906139817486242,0.024923727824714303,0.009104176328185165,0.012969100403162237,0.01977130658667514,0.009828418203407407,0.009617560407136683,0.004022197648906101,0.008812549075907894,0.0189566134664938
2022-09-12,0.009350639115398574,0.005213929456031385,0.018362094137371443,0.008149159277374585,0.005981595092024783,0.01603483066191025,0.0039199813615378165,0.008364100685955389,0.009563103620218394,0.006666524853503164,0.012889428334588837
2022-09-13,-0.03565988528309072,-0.05490952282671335,-0.02521921092001156,-0.03724026335310471,-0.03765902333195792,-0.053084635569875416,-0.03339189229541106,-0.038018197305622614,-0.026625704549509743,-0.03303631775569382,-0.05156098757097893
2022-09-14,-0.012238498581370716,0.0017030894958764975,0.028246331113724432,-0.0029984855621908446,-0.0019512047143841471,0.0036362598605901297,-0.0004176874422316956,-0.012215658571311905,0.008153924685648573,0.0005508629365984508,0.012847374539010081
2022-09-15,-0.013189360928482663,-0.004345423467792542,-0.02576855677658152,0.003308217145230552,-0.010426916316474744,-0.023022290624052144,-0.008361352373393749,-0.021823343173544507,-0.024915271745059586,0.005586510477429307,-0.005123733198352243
2022-09-16,-0.015795813043992024,-0.010626268626712121,-0.02133490428553464,-0.008992943567328493,-0.020853943212960968,-0.005562754665001668,0.002388837696970292,0.0002479644500232858,-0.0037460583161007532,-0.0028169534669847396,-0.008039015366621327
2022-09-19,0.016554036556990503,0.005766179787466186,0.000592653093748785,0.01134160295204989,0.013572098697468782,0.008154744788317014,0.006646300959535223,-0.0019005895048803678,0.013397343244940574,-0.0053880676738039535,0.014148709938573534
2022-09-20,-0.018998577121322913,-0.015478761917122608,-0.006955318524122567,-0.01473198179841484,-0.012445696883620294,-0.005871595078459135,-0.005466804584548179,-0.026309403839461454,-0.014540890297948583,-0.011721999386443027,-0.016954449228111068
2022-09-21,-0.02185643217912936,-0.02445662393913417,-0.014655865286599234,-0.020750801339276315,-0.013277877959713469,-0.01562007302216517,-0.0038056783711143405,-0.014667955585512038,-0.013672634080536428,-0.01658901701022819,-0.02367450839006413
2022-09-22,-0.012020884984865643,-0.003581279553933059,-0.0035543879916758447,-0.016827704099599883,-0.015052954068226376,-0.01018400226795968,-0.0014148161213176635,-0.009402162515379953,-0.003568713947968538,0.005296932125122389,-0.023075345850308904
2022-09-23,-0.020469556555287927,-0.01936893430113129,-0.0689563323602288,-0.015847758032355497,-0.01875666945327492,-0.013080221152113602,-0.01700196664583853,-0.012391136451400442,-0.01157001278069203,-0.00510688257007863,-0.023020445291064062
2022-09-26,-0.01622095540676105,-0.016289928353652505,-0.02454591865952338,-0.01578111896528811,-0.01050145826148563,-0.00695005547605998,0.000720723396902212,-0.026961873732174846,-0.024108124449006563,-0.009533213816009245,-0.0022534384028483068
2022-09-27,0.0022280769283107293,-0.005382016370050313,0.01119985120742828,-0.00425371907275951,-0.0033389111434971586,0.0013021735065443796,-0.01728357654784951,-0.013168926708185591,-0.016849912637831754,-0.0030437384517179034,0.00314895561253703
2022-09-28,0.02578922828829655,0.03413107166730911,0.04430364775130524,0.01971742585365943,0.022015004504356117,0.010565581251402945,0.012018359286289249,0.018904667763162353,0.010747764033537166,0.021866547084890664,0.02702112160019854
2022-09-29,-0.014737782963104684,-0.024351035253523223,0.0,-0.012568517963344239,-0.0173262582372381,-0.02605776726897535,-0.016510076104032767,-0.027830927097313718,-0.040091796577963024,-0.008398006998523999,-0.034548896803578866
2022-09-30,-0.0026397483584638115,-0.012169795351766877,-0.00798867105499279,-0.009138497391232958,-0.013104518735413073,-0.019157467333699718,-0.017375825365583797,0.010665351825424274,-0.01931131690408594,-0.013762181218424208,-0.01968200496991024
2022-10-03,0.032495356908442075,0.027980530045580432,0.056511847527472625,0.027009307267596094,0.03017863930803255,0.03098174686549915,0.01723348914501366,0.018605879206600617,0.029308371444880743,0.020559840417897712,0.0009826268264852
2022-10-04,0.036741563505682695,0.030672467018467486,0.042975678573443865,0.03720321614910338,0.03480196201993779,0.03356188067842969,0.015174049189722094,0.01581219297753167,0.02120726576474441,0.02322012883864355,0.03492533576432599
2022-10-05,-0.011263664992619993,-0.007686359965610734,0.020665197462777396,-0.007730377126241805,-0.005435470693878397,0.0033182189748659496,-0.0058045039707108614,-0.018518167378380634,-0.022219005505889178,0.003320887596051092,-0.0058954073565978815
2022-10-06,-0.01055847078761718,-0.005362278213915994,0.017777819714238197,-0.014023044690710806,-0.011499489472670765,-0.00818954130911953,-0.01459659380404943,-0.032813934040287096,-0.032971955047589874,-0.012767014020211187,-0.007089512275476384
2022-10-07,-0.02471201492278452,-0.02695704401812571,-0.007763170285159826,-0.023704081456365822,-0.019119966422496693,-0.04112731731779762,-0.014960736822601906,-0.023748670048290954,-0.020734164250581277,-0.02115423251481785,-0.03439525093956641
2022-10-10,0.0021593139653337534,-0.002667693401063098,-0.020537891355529192,-0.004532301710489461,0.003522827820301666,-0.01680894629238805,0.0036090688200554055,-0.011294925330641359,0.0017250985891945625,-0.0062795301795045555,-0.006185575310388547
2022-10-11,-0.007757462469974885,-0.018724292367202078,-0.007988286119317234,-0.012682899466497699,-0.00023406213469001624,-0.015327505466880331,0.008241055922674878,0.00937312713013072,-0.0036010483175892283,0.005334184201897241,-0.008155532897234363
2022-10-12,-0.007528569044902955,-0.0012581189468292564,0.0080526126935212,-0.0023056449224133635,-0.007841739591500363,-0.003079057075346281,0.005349734138084372,-0.013348473337744582,-0.033312160764529475,-0.004897752139594536,0.002596566370239861
2022-10-13,0.0293216882936973,0.024144517027298695,0.040813583505559414,0.04126780834909938,0.02205957410603765,0.031056872214261677,0.016555705804091714,0.01882331237335011,0.025032546065333117,0.023297697376056803,0.010935063077676554
2022-10-14,-0.03373024061117491,-0.01639997043176933,-0.037294625813855564,-0.0168041190063839,-0.021929810299336716,-0.028124350823562128,-0.01803116969976981,-0.025115220296829888,-0.014430874405670147,-0.0067340193909943835,-0.03736100720835189
2022-10-17,0.024934026604340964,0.027511232082802595,0.012456334848598871,0.02515325151214598,0.021831525018876974,0.030479363198576248,0.010810135843004609,0.03731091860238456,0.02091716658258136,0.016061432327795,0.04058573888633288
2022-10-18,0.01960496739235773,0.00750513935308561,0.008735255861600955,0.016042709913221875,0.024136626377446957,0.008474471539088757,0.013038167534184186,0.01313163778501214,0.018282186513014276,0.005560334269967049,0.013782165163856552
2022-10-19,-0.011789497030670448,0.0008052576768722286,0.029516186419100032,-0.016408666246805925,-0.007104018630348818,-0.002883428009304634,-0.0046273184070116935,-0.025077415183481166,-0.013001013133398076,-0.013982100336519143,-0.011212190914191789
2022-10-20,-0.00724321669405148,0.0024142278344918555,0.0009474687436032969,-0.01605293772188665,-0.019648037193794154,0.0005781462527609804,-0.01394740296694752,-0.004913332204046439,-0.02524725928266236,-0.008492120968582428,-0.01934823070075764
2022-10-21,0.03462070029152198,0.006421773004792852,0.028879133044628746,0.02975048556453408,0.02745597428941582,0.026754941302737034,0.015323423728022645,0.006970460843818582,0.018500832928290745,0.022462901035392946,0.029124902604986236
2022-10-24,-0.005807477834589347,0.006978999160573318,0.0047163860804031454,0.013358229517298703,0.01330500904601939,0.013832910290647149,0.017994412148231165,-0.0005766747907687275,0.008371515368048144,0.019282295730571386,0.004143392870514795
2022-10-25,0.02475690404347697,0.026534644049582168,0.0010307224712637897,0.011955766926904587,0.0134636822371077,0.019118061688235155,0.013114803632052752,0.03953844370213533,0.020050102804749947,0.007598237109201156,0.025036492119341114
2022-10-26,0.007057410664190966,-0.03163583944882564,0.013610621883723084,0.002423521776522941,0.003513471474199781,-0.022261955195409078,0.006613121043255621,-0.0019434918676526358,-0.0004606319168157791,0.011079959499310288,-0.008050808037030177
2022-10-27,-0.002560642606760366,-0.04741029450685941,0.003610899620130281,0.008159763955476018,0.01170670488847203,-0.011384572792290104,0.0008387317467226652,0.0005562619675112401,0.007988857788231218,-0.005250941124584907,-0.003851460659207273
2022-10-28,0.009998649473349941,0.025303196705268816,0.003485615127067687,0.02488008009670062,0.023250951321682978,0.043485234004029705,0.02192752489543648,0.023630744879624244,0.027434936104490548,0.016448685833904575,0.0008974140813433618
2022-10-31,-0.00896321866574723,-0.01672463550026615,0.008403290999515756,-0.006142328502187766,-0.002853727353297808,-0.013196258940369798,-0.005877158019855,-0.00244426688899968,-0.009346042867998117,-0.0008280652287574464,-0.006415466296044947
2022-11-01,0.0025647905238890267,-0.006429949257228285,0.009666720004900542,0.0026487807732047397,-0.000953907929840625,-0.008367973360214775,-0.0031614843692591155,-0.0016334648831439758,0.003893629085658601,0.0006028058670344283,-0.010136807757833877
2022-11-02,-0.025986472188824994,-0.028183813478477093,-0.024100237421629256,-0.01262123276405469,-0.017610731134452107,-0.03454252994745188,-0.01737704747561053,-0.026179432834660177,-0.009695812046748076,-0.017014411272020857,-0.03780602787672083
2022-11-03,0.007603105736911475,-0.024489837611181065,0.018493251104092723,-0.010106952270722669,0.0104750990820206,-0.0294071057878309,-0.0033684642744891136,-0.0005601211251377025,0.004368385498761507,-0.004212260688466807,-0.0059773416834513204
2022-11-04,0.034709953282270556,0.0068267709595872805,0.012178786884778248,0.018318451174983652,0.01603065012542193,0.018263001960604708,0.011829177158274362,0.014009608509632177,0.006148488007598152,0.006076094287064793,0.008360191812446738
2022-11-07,0.007822828317050723,0.017935365499059053,0.017173883658109457,0.010026715020812649,0.010729081918324557,0.016695690299493693,0.008907795212826697,-0.0002764055376335284,-0.01907870302876924,0.010702461315792444,-0.006982231870995226
2022-11-08,0.017234562789107066,0.0010743104762382938,0.000967634572129672,0.0058390922925803945,0.008741837956456333,0.009592639011834603,0.0028965112653276393,0.006080697963344539,0.006989785718074737,0.004991962374323533,-0.002489870215975687
2022-11-09,-0.016166514827680056,-0.013522482812724168,-0.04888261275588979,-0.01683591238188975,-0.013927430638138283,-0.026008549617897225,-0.010866328475581777,-0.010989004486211318,-0.007846672783875741,-0.010762518526324927,-0.030543324617743672
2022-11-10,0.05534369572010167,0.06048756120336618,0.02225235738099607,0.050487286486773364,0.041954208605056165,0.08217618293921736,0.023501595608282022,0.07666663276131014,0.047148277577562014,0.025411058527259778,0.0730839309879141
2022-11-11,0.012082878242016148,0.026261713424976962,0.029060744059502985,0.008150491338488441,-0.0006023973685587158,0.01711216360463763,-0.001086856672313008,-0.0005158233050103211,-0.01118381095758969,-0.012242237585186944,0.02399592408949691
2022-11-14,-0.0013543099532570269,-0.003998432757584713,-0.0003222751909238708,-0.014217947421272803,-0.006128940921629078,-0.008562426366943487,-0.007889195946085281,-0.02658778425790198,-0.011897817445278958,0.0009013849737915525,-0.015852105263728378
2022-11-15,-0.0014786262002118855,0.014853608200193325,0.010526438128950488,0.0022625703825540633,0.006874442794187585,0.012121219310112563,0.008363246922763468,0.012463654671051705,0.011000581709326385,-0.0012758373289203373,0.013656283294659621
2022-11-16,-0.009750487388079265,-0.009889240568331958,-0.020408120419950215,-0.00479723679891586,-0.007229092293871142,-0.013697668485201597,0.004894521016061137,-0.007071939005033778,0.0089691559201861,-0.0004506492039795251,-0.01526857240217161
2022-11-17,-0.00959753461418067,-0.007590982798014956,0.0021700895887601934,-0.005386902035391161,-0.001719224485586035,0.001290071133930537,-0.00027057451686807177,-0.008968566550950241,-0.017487528934110652,-0.000450973936563126,-0.012137901050931044
2022-11-18,0.006670043704190887,-0.00301930801815109,-0.007903782241436286,0.008266778887961124,0.007395391044277666,0.0011368663690718428,0.010691549780930565,0.01277635197844651,0.021210346153257342,0.012108640843874419,0.001349576054173296
2022-11-21,0.003375555988664347,-0.008277901717677394,-0.0135326779566598,0.00310996930211771,0.003218010106692093,-0.01075021229806794,0.009507198719479693,0.0070958737755530965,0.004502405012522637,0.0004458997767256001,-0.014469258431262899
2022-11-22,0.022676018200167736,0.014861675817505082,0.03130878764107248,0.010146619339894025,0.007718493569657037,0.01936173130612384,0.007295560665226297,0.004958218153279681,0.008531092878286017,0.008690749895901018,0.011298824321465561
2022-11-23,0.0038987761167377233,0.012637927262922899,-0.010834573132816105,0.00418548920447015,0.003780123787243461,0.008859023797055388,0.003423440578190773,0.0015580751596753206,0.011182652342616395,0.003976153083203426,0.014446811263491899
2022-11-25,-0.0003641031607092282,-0.005546748327411644,-0.003687216872090282,0.0033342776159346332,0.0038648016598943347,-0.005804479109258298,0.0006563826783578808,0.005963255667298828,0.005813225305850489,0.005940964643587288,0.0005609180255377044
2022-11-28,-0.022338437400699074,-0.015936224161375634,-0.027430336343664985,-0.017169795897588935,-0.018163846820285823,-0.02140719231314192,-0.0038033136899295883,-0.028092989626553044,-0.010290371465006554,-0.007509969868161659,-0.006169616543406975
2022-11-29,0.0033529217527334954,0.00040482942980824,0.015109285849184806,0.00591710643181842,0.006133092501887649,-0.009790501401671259,-0.0038176135222467433,0.016706399199774458,-0.007406338310936289,-0.002497517924516912,-0.003174801832850571
2022-11-30,0.024133735906448628,0.04229048271708202,0.004961369751238509,0.017086843661176188,0.016488356050226916,0.05020886445441319,0.020087143045994127,0.023474196867065755,0.024967600780677168,0.023862100026282196,0.03446560596387083
2022-12-01,0.0012083791232415653,0.005824158731345674,-0.0032912507223812337,-0.0057835903489590335,0.00029508947842593614,0.0013970298806162962,-0.004534663038067932,-0.002038603368410885,-0.0008398810681793378,0.0028771611420761456,-0.0001366490783880625
2022-12-02,0.010983817587436162,0.0025091040776861195,-0.005943794977119388,-0.004709083298451211,0.005700057608143405,-0.005802506177582933,0.004555319878748687,-0.004851972218622436,-0.004764020921965595,0.002581865382081716,-0.0013000654606257767
2022-12-05,-0.019818582177797084,-0.015787391386873018,-0.029675686145821722,-0.02477043842617843,-0.016710473508777857,-0.01662236988202681,-0.012566703938167056,-0.016935969470749157,-0.005631316681039444,-0.009586209369660703,-0.028843402013333685
2022-12-06,-0.008891554477807428,-0.02875571920458264,-0.02636063638232722,-0.008847167699951308,-0.011826858339455959,-0.021410721416896927,-0.006166179968081997,-0.007569935712108955,0.006229811408793973,-0.007584584621997181,-0.015590857760134802
2022-12-07,-0.002212171880940139,-0.00503532621360836,-0.002344163455729742,-0.004031061652415846,-0.0013072811870514789,-0.005066607175010951,0.004224476815092304,0.0021041319849364193,-0.004643640009498906,0.008224880079822139,-0.00602006598493654
2022-12-08,0.007390187620861521,-0.002024387784723136,-0.004464375792471831,0.0008673953802358358,0.0059415350230045405,0.016357901677893638,0.0053897728240159815,0.007348998684088892,0.0065027762605258665,0.00902380215315235,0.009661278098124448
2022-12-09,-0.00990330407817741,0.002839795491643926,-0.02430953772446931,-0.0025998140166336725,-0.008209032078805412,-0.006149391491664713,-0.007714657257249513,-0.0020842834432420743,-0.005196514239399819,-0.012806780306505283,-0.004356074346723582
2022-12-12,0.008644040182766988,0.007888548860778277,0.026245516671769886,0.013322001248124105,0.017159515331625075,0.021847259415072928,0.01054171079745414,0.008355109415816075,0.022871938597557318,0.010653679252911274,0.0025103405614521623
2022-12-13,0.013834308544435459,0.01685722371732523,0.01897459268842594,0.002571975030573048,0.0037709609328353544,0.011811013944904136,-0.0014342689892887783,0.022009267611915018,0.0030362456069226162,0.003083843770776973,0.0
2022-12-14,-0.010747622057382888,-0.013025780593168834,-0.006129780103636628,-0.012542599500405927,-0.001878397104321028,-0.008422505098352628,-0.0006526878848941431,-0.009627402170926946,-0.0012383830726183653,0.0015725535083179754,-0.007439928007447638
2022-12-15,-0.03051745804603323,-0.0389919276883145,-0.006051359807066392,-0.0196305928335474,-0.0241678067302592,-0.03740405436478922,-0.01698720822376487,-0.011512067067304232,-0.012124402393189126,-0.018344274142934047,-0.016433782015522813
2022-12-16,-0.004280857011795924,-0.00020809962662438064,-0.012293739444030338,-0.007656108862717725,-0.004263231918541943,-0.013236276436299876,-0.004917966698457565,-0.029503163585657743,-0.01701553810224332,-0.014542255781454738,-0.018686928001901193
2022-12-19,-0.012994597117221285,-0.023408081718699902,-0.00011971265298604816,-0.0026873088769984177,-0.0052646534330856865,-0.013334543545435507,-0.0006326547673553007,-0.011839465305576446,-0.0039765932178275065,-0.0037338335559568003,-0.01605453189883066
2022-12-20,0.006576133100020032,0.006836097560728449,0.015091505115834236,0.004191602482891854,0.0012356712045551443,0.001515076825635786,-0.0008076410096184983,-0.0021833992600321928,0.00028718581375897223,-0.00022303862675732145,-0.011643761708218792
2022-12-21,0.008711136393473096,0.013155072993114025,0.01899708753180973,0.015503926188872974,0.01881949384187398,0.01655915838898303,0.009970414114971016,0.010120303709310052,0.013926841563639991,0.013165628362420856,0.015938849637888497
2022-12-22,-0.009651805910311784,-0.008586503014262004,-0.02304292926186069,-0.008808023089857397,-0.012718439096465972,-0.0252173570157187,-0.002267668309870796,-0.004874042164265235,-0.006089099730064773,-0.0013947893422394664,-0.025693436470603626
2022-12-23,0.006924846031159504,0.009716936760631123,0.03188322805128463,0.005628053594517013,0.005929923552892236,0.0010444773370557048,0.005214422739834745,0.008979838885875946,0.01025782570392586,0.0005879130707897584,0.006845450398730302
2022-12-27,0.0008915435326093402,-0.008995702101219138,0.010682123021424683,-0.00029476142458306764,0.003049140438451614,-0.009470367737409502,0.00478860869004305,-0.0008091879826164217,0.0062052291593373,-0.00257152535562577,-0.016224858776163864
2022-12-28,-0.015269103208528145,-0.014566131029258411,-0.022388665266066976,-0.0035356903416720042,-0.013071333560950249,-0.01612384576899517,-0.012443859205174324,-0.01592461881087548,-0.009530764433089867,-0.00648257621921744,-0.008403247480251341
2022-12-29,0.010854104690728672,0.027635030661651516,0.010462654424498563,0.01389740562249564,0.012320284798785774,0.026188098052462694,0.004289498617389587,0.02221633660133282,0.0072169299844000445,0.01089958516063172,0.02574040193034688
2022-12-30,-0.007030803708748978,0.00041678006990331085,0.006327770843299829,-0.002624670992028677,-0.0039553268496985705,-0.0013643010074768647,-0.00493846213631044,-0.0091227888914579,-0.009553408469508806,-0.003594080762762464,-0.0027025027124940593
2023-01-03,-0.0010295515074439932,0.012919494389032726,-0.035097914277548714,0.003508692255028256,0.002138261403333175,-0.009482544198206044,-0.0037560095650931435,0.003791088289634148,0.0,-0.002870581770211489,-0.005961617254287455
2023-01-04,0.017396941360542817,0.018720406316246496,-0.00011843609964545809,0.016025493344401065,0.008839796184656912,0.0025961040453039708,0.003904571300762605,0.022929619103277954,0.009077914157314515,0.0026574966488557283,0.01448687738318033
2023-01-05,-0.015833148735415192,0.0014136300759177711,0.01824867254774243,-0.007456060030664791,-0.010776565804439753,-0.019420678896576615,-0.010059161893443913,-0.029272126748566052,-0.021647258201473063,-0.010234270174536264,-0.009289420867813813
2023-01-06,0.034363066091886996,0.01633383124470944,0.01896886918974272,0.022247884839566634,0.02738756083265348,0.0292953955010129,0.02669034994900943,0.029068107011218647,0.02011500253143561,0.009224268985217776,0.023480963412020106
2023-01-09,0.006345595349913635,0.0015872119560869091,-0.0035406657690340015,-0.003674631248877569,-0.00445957158166943,0.011625019307648365,-0.00976516448453113,-0.0005279532999161729,0.006760650956208369,-0.016731864767767557,0.006057328298405551
2023-01-10,0.010014979464026963,0.015055636651392978,0.007106200991612299,0.005674050149941712,0.005474853028896609,0.006181564192238698,-0.0013323245843760434,0.0029055582739108132,0.0002794583717229404,0.008395878164312753,0.012568666465833767
2023-01-11,0.015668878241107853,0.007220763560029875,0.0030725581467336838,0.009308503996996231,0.009603098980420777,0.017328373931091656,0.000533685216297819,0.036344332632335385,0.008112280007164241,0.005649607951085711,0.02698086165567215
2023-01-12,0.00373653198546009,0.011044303739299766,0.019060692307937055,0.001956562688895991,0.005883367250305804,0.007432846398619297,-0.007868878429938553,0.011181937433196731,-0.006798327996796472,-0.0031785390849902173,0.0016647187244021033
2023-01-13,0.006123766359294569,0.003257940187617825,0.0014475183284343718,0.007531379626047219,-0.0011696661831911426,0.002843491178680102,0.004705166704219499,-0.0057806079540685396,-0.0036318497013706486,0.00444933673721315,0.00939283389851786
2023-01-17,-0.010025053419523533,-0.00936002126851987,0.002112196850093895,-0.006644368751548502,-0.008491163593098094,0.0045212395723353005,0.0006690029274303289,0.0002527124868394459,-0.0014017661686782645,-0.004650874423358986,0.0007159663642886116
2023-01-18,-0.01410472237356164,-0.012148073216030175,-0.018304904269324407,-0.018673362506139934,-0.01880114026310209,-0.012892661364322877,-0.027276537133034018,-0.015415549958604169,-0.02400671161737622,-0.01409324560842451,-0.013018639728403447
2023-01-19,-0.007703735650459453,0.00507513517850966,0.012430718323982015,-0.011644403100633416,-0.020565694224086606,-0.011670290580799603,-0.009484688615537973,-0.004876903718270098,-0.010069226347725224,0.0024077102456285804,-0.016596337327112298
2023-01-20,0.020086190830179262,0.031268229782602575,0.009934258014617114,0.015804451507392736,0.013930104373416574,0.027056380910243094,0.0077713642968133545,0.011607081742663006,0.005957796984393582,0.005028407918382882,0.024246284986986222
2023-01-23,0.0032618017829808554,0.017514048592609965,0.001326293960966174,0.011598288133011891,0.010910145350716993,0.022765462940817605,0.0031671846225798106,0.002804804301228536,0.00028896683373891285,0.003434908903183098,0.015613467645644752
2023-01-24,0.0006018995601762001,-0.0027760607956290873,-0.0038632805122746916,0.0005591215007365591,0.006595363663647991,-0.00044665536720400745,0.004118157057918959,0.004322317591406888,0.0050540292171845635,-0.006623336398677404,-0.0011333116279172994
2023-01-25,0.0020456773404120554,0.0035264307706597275,0.00011094745263040551,0.00782580091935281,-0.005559274552050741,-0.0020852068567527304,0.002460692207421289,0.0010124930579145097,-0.013505973310527719,0.00029973126127713634,0.0051068567444694235
2023-01-26,0.004803744385091235,0.015535196239059745,0.03157526869518512,0.00526908192663611,0.005490622243062404,0.015971246443062803,-0.0035455707250383606,0.01138093790933703,0.0033499403893320068,0.0018723218678617926,0.020464422954429295
2023-01-27,-0.0032269115271830184,0.006920565174450166,-0.020191053421140692,0.0,0.004169949005498941,0.004187405761579388,-0.0028740074565273277,0.009002274455025105,0.0,-0.00680261381196634,0.02268160812712261
2023-01-30,-0.006834574435949592,-0.015735308352763377,-0.022909299544747186,-0.004965737895930578,-0.009788461754764222,-0.01909316298588626,0.001235300269299966,-0.012143636374768785,-0.004499838782631271,-0.009032080247342256,-0.017039743812052532
2023-01-31,0.021972792833293564,0.012127972796570852,0.008862740236768252,0.01358493125485749,0.016974630804999835,0.013946082104171698,0.010829065668820803,0.01831386355463671,0.007436621427818535,0.012911886406074435,0.022906889437782185
2023-02-01,0.006615372814232634,0.011800942255456803,-0.01968186371372238,0.0,0.0072654905207014675,0.023536135531467828,0.008001089252732685,0.007391090812925549,0.0017368875416685636,0.004724306099052056,0.018964510472692986
2023-02-02,-0.003168496247055397,0.06567380367473308,-0.02279979482749317,0.0027349844127899647,0.007798133292705733,0.02730667546249621,-0.008610049485654248,0.02298856082679568,0.002167238477914113,-0.006791683624743805,0.030622997764493842
2023-02-03,-0.01801283941507925,-0.02003702753930725,-0.002205265840549586,-0.0019091575131779948,-0.005223074168164588,-0.008323952232614618,-0.003935528849106196,-0.020798770038903736,-0.020905456096045993,-0.0029305130742314223,-0.030801853382245836
2023-02-06,-0.011029842326432893,-0.012027525717238308,-0.004537159588190787,-0.0002731642215133556,-0.0024305567185333166,-0.012202868392095279,0.0012262123863318042,-0.006347507113477979,0.008540631051673575,-0.005577040094737473,-0.0014534263139285297
2023-02-07,0.013456016134924198,0.018608728756531523,0.032488163614150745,0.011481532122010973,0.003118839554003605,0.024992753364668552,-0.004218233926521875,-0.0039311914853000784,-0.0004377952757842474,0.0064419076262260955,0.0023156866312348257
2023-02-08,-0.008014299229278543,-0.031415382077858545,-0.008941697851793218,-0.0059461737350229305,-0.005635578872806635,-0.012052395420115825,-0.007652424736057761,-0.002713374021335202,-0.016798199170630412,-0.0029366918784707874,-0.008515929964070912
2023-02-09,-0.014469826925159524,-0.02185801335304538,-0.008565628952827642,-0.011147349728378164,-0.00898951430774475,-0.0055000253769411644,-0.004406452992622878,-0.009646337482950296,-0.013668197357407319,-0.008760805220120127,-0.0018641024414625118
2023-02-10,0.003670519515631465,-0.00955124859901857,0.03916602222240928,0.0032995698300894993,0.007099292061360396,-0.004609053024147158,0.009266905991268448,0.001998102111507416,0.019882582902047252,0.009447760283924689,-0.011740562999617898
2023-02-13,0.0052418311000979045,0.014192166590311306,-0.0025494363764063666,0.011509853033187856,0.009105000098826643,0.01731020708766029,0.011374534653515012,0.009222289865418842,0.006055340502862494,0.008302406991869127,0.014647576276336283
2023-02-14,0.0023040963717211316,0.00035882397074615824,0.00033336869491296106,-0.005418427821958338,-0.002716453309515976,0.004271516814833731,-0.009078554604386557,-0.010372872140990252,-0.004257150385652331,-0.005913567423420085,0.011974192255902905
2023-02-15,0.004356008648890741,0.009146445634770739,-0.016998120574468478,0.0010894140500103955,0.006226149046616447,0.004671476939147823,0.0019142436149983677,0.0027452002580217183,0.0064866198250672635,-0.004970070746281641,0.01170156221887364
2023-02-16,-0.011324023135593664,-0.015283609357539474,-0.00983283772388166,-0.01006811200290103,-0.010345212193691888,-0.017350361958880622,-0.007233412247619864,-0.009208624215873429,-0.007616812421817665,-0.009989182143480768,-0.02183272957783655
2023-02-17,-0.009382275362934345,-0.0010828116578988078,-0.0356122196725116,0.0002748517404365103,0.006545565653785168,-0.012500993774478442,0.0129227520096169,-0.005024007789491192,0.01077499172266494,0.008943664667751428,0.00019941720997618262
2023-02-21,-0.01648224995386849,-0.02204148895418956,-0.004971028657459131,-0.020609874937567163,-0.02290594276507918,-0.02374472787269799,-0.0038002474942085973,-0.0196918562279631,-0.01869162672847624,-0.012955488851457253,-0.033406243951748626
2023-02-22,0.0075037457747599845,0.002032011835572778,-0.006661285790736549,-0.0011224597742909292,-0.0024835083996664897,-0.0014654109487197697,-0.0014985403312813839,-0.00901341475628692,-0.0038690458280175033,-0.003377470559457474,0.005084282177337585
2023-02-23,0.0011173301579474604,-0.004608975992587694,0.015088299397264082,0.000843073398700156,0.004680537182388367,0.016581429275722037,-0.0012280526727908025,0.009615005692025003,-0.005228688741800269,0.0026955063773022037,-0.0008202553535332502
2023-02-24,0.006695591854568139,-0.013891317099512857,-0.001297812269344556,0.0008419114948305939,-0.005748892528845695,-0.017826144471038807,-0.006693843561677015,-0.01853276189124975,0.0003003598941606622,-0.0129041806069502,-0.015736076887862382
2023-02-27,0.003325579586642702,0.003192925582842898,0.0029530138271167683,-0.0002807396044257615,0.008872662486381966,0.005363853512592609,-0.001100335294518695,0.001573698863724049,-0.006755688918814506,-0.003034663873509369,0.01237299219347765
2023-02-28,0.004541952378087855,0.0016849270116587878,-0.014368321800115047,0.0019636974443151267,-0.0022728328826221444,-0.002192519007384819,-0.008261032595860862,0.0005236677173854343,-0.017533270082117802,-0.007414937022681922,-0.0006864421747315719
2023-03-01,0.007821185219466509,-0.007663433672517539,0.019715667728871233,-0.0033596122207246726,0.003961505424427747,-0.00732506562619295,-0.007357934152067203,-0.0154410597455783,-0.016461489686237174,-0.0016514625199870459,-0.01257383998984396
2023-03-02,0.011398073481492688,0.009417847294519666,0.00878835274088341,-0.004774966993094321,0.011739150467092951,0.012323030539724389,0.01370599301263109,0.013024988244176416,0.01892694052042243,0.006143742792943829,-0.0033402415560538357
2023-03-03,0.014267007417468225,0.021832473870556424,0.013590531334800149,0.01580575901930059,0.010822908149125343,0.021503024421153816,0.0008279278162628412,0.016793663273024118,0.017040266004617166,0.011194509166495559,0.021503725509220084
2023-03-06,-0.016193980407954167,0.0,0.0004584119270483189,0.0008336019396451011,-0.001832609034828181,0.004780814265817002,0.0026192203367363387,-0.0038710236266000786,0.004829976079979037,-0.0004645050683536045,-0.007312926847361734
2023-03-07,-0.0197042199350268,-0.010226371425032355,-0.017411184682620928,-0.025819019316061786,-0.012852744616103084,-0.012427986742209463,-0.009899495332180042,-0.025129493254256174,-0.016373521051823436,-0.016110263335626263,-0.013632958494108949
2023-03-08,0.004902356762843008,0.0005536019166834105,-0.01025896476521071,-0.0037050003285304944,0.002349336337581054,0.008269645896315847,0.0016664317844197196,0.01408433326066083,0.007635772150185183,-0.00535301333990823,-0.0018146849230721296
2023-03-09,-0.025735069277766365,-0.022496849400238106,-0.01413433894380467,-0.04061766941130407,-0.014747600520186754,-0.014335618860633281,-0.009288976463128873,-0.02279862902150065,-0.008032741837779911,-0.010130608998868307,-0.023846027120920987
2023-03-10,-0.021281805990920333,-0.014148574874792708,-0.012783421148118368,-0.018187168831100275,-0.01863590502294865,-0.01758315177004155,-0.004897738821951547,-0.03191235140768178,-0.015737126924750378,-0.007355766160514254,-0.00995782841743531
2023-03-13,-0.010232891551474221,0.0,-0.020331704860278133,-0.03947780497636866,-0.005656421665114486,0.005450207292095888,0.005062803089713519,0.01606664156524329,0.015368115668712434,0.009343358451903372,0.002098236462215297
2023-03-14,0.012794256773219992,0.02832039049963342,0.00988247627663874,0.020234051190222146,0.010564598718592055,0.023075562078183287,0.009094491744786826,0.010359982418072455,0.013147630324321646,0.008938044733080464,0.016968872204788044
2023-03-15,-0.03241032917928233,0.010792572857516447,-0.0537000761101476,-0.026650181662567385,-0.024628044612017175,0.0005728120847698914,0.006516922695769756,0.0005398648280534601,0.013580824498752309,-0.0008701119013705405,-0.001490835764511922
2023-03-16,0.011472966515202021,0.0224595044613094,0.010858162003750671,0.019102150380258198,0.012882634199851362,0.0280520589654214,0.0006887032611417876,0.0,0.006699491200905072,0.009341372555081051,0.01806139542768692
2023-03-17,-0.015515031663675849,-0.009542720193010945,-0.01572881460574871,-0.032177328092734436,-0.01638171656737386,-0.0013923748674814496,-0.007296146431370887,-0.022923661430877318,-0.009612629184655774,-0.012862705504623095,-0.012782204715317547
2023-03-20,0.02057651745452893,0.00747355381283521,0.020019681315527338,0.011126515989508201,0.013243450311370975,0.002696672109201659,0.013864713864287115,0.0107299159882015,0.007821781879280731,0.012674241148675325,0.004329181113176039
2023-03-21,0.012120491830333924,0.02134976740875394,0.03462030776999225,0.025344879809415355,0.011583677262388958,0.008081825909598939,-0.0008245504169287488,-0.005775215823216606,-0.020149152472977883,0.006064913213313705,0.027628674748210402
2023-03-22,-0.01776989667038842,-0.017537629991229875,-0.021271205542369387,-0.02315391271546552,-0.01915270010341008,-0.00995222424179909,-0.009215894035210392,-0.03651477983083595,-0.019649698043119557,-0.015109903910055622,-0.02227877374329701
2023-03-23,-0.0011798978836198293,0.016227918262860186,-0.013853845437503898,-0.006726495356000672,-0.0028929191280936406,0.01626527996513083,-0.0038873200133365815,-0.006029392621146434,-0.010254800584603818,-0.0019079043125357353,-0.0010551766670361395
2023-03-24,0.008137669175455553,0.005145528625989826,0.0038666470790085228,-0.0006450030181053279,0.004144755606076522,0.0026104572810623505,0.017003171790105798,0.025707789780265777,0.031240048402469744,0.013857885104686662,-0.0032385592209491776
2023-03-27,0.0074207371056236315,-0.005648864416816446,0.021312086767275584,0.013875384782251476,0.008357959313988417,-0.007741927771820478,0.005344891998851464,-0.0033794410921599294,0.001217901341843186,0.004084916001760863,0.002048430068925633
2023-03-28,0.004781643474923936,-0.008166075921021032,0.015462077846846167,-0.00031813392692858766,0.005116793443450174,-0.004695404294929428,0.0017720458219925295,-0.0033906614174018523,0.002736753949390769,-0.006024044222756819,-0.0011983072917527426
2023-03-29,0.013890766516418074,0.01324496629473848,0.013864734822718772,0.014645127633462929,0.014559352426674055,0.02095055715198124,0.005578891210438641,0.023816339156277566,0.014556818436886498,0.002754791199212736,0.01898393343754967
2023-03-30,0.006850279658764169,0.0047696934470802255,0.004395611393646526,-0.0021965607818168476,0.002107237988987487,0.01161913851044516,0.0028415758188014006,0.013015793145356058,0.00433398596965251,0.005415943463319195,0.00872626978878066
2023-03-31,0.016252883713443023,0.019163196085097978,0.0069293875366334134,0.011006477776020818,0.013218544904622265,0.014306880654268106,0.00809630988383403,0.021869860530166596,0.0072916824179776185,0.010695708504985246,0.026707720782626287
2023-04-03,0.006322886010390327,0.00413976956581541,0.045273288659146704,0.0018660842916151665,0.0017788014152502196,-0.0015892845537345268,0.005220186375391123,-0.009363424497157102,-0.006795710876244865,0.011200364870508128,-0.009161163426242291
2023-04-04,-0.014414110863666174,0.0030924162833172453,-0.018133377172438014,-0.009313912681151781,-0.022395313776282677,-0.005505016188853684,-0.0019973120780555353,0.0002702410673676159,0.0050571412488382705,0.00015261227677854095,-0.0016199341177542959
2023-04-05,-0.002250267173711906,-0.003254090228919093,0.015057074088701272,-0.0012533713606716068,-0.013018355314954322,-0.011404589201957194,0.004669648104676405,-0.00512976744993332,0.02589907398983926,0.01726117771012392,-0.020482658981533897
2023-04-06,-0.002380334972261311,0.012543014422556675,-0.01518155759731532,0.0037652725298240597,-0.0003069032426749052,0.005666818283473596,0.0007967369734549479,0.006784321719333075,0.0070686832202231376,0.002477676613041435,0.00020698055407986082
2023-04-10,0.004772130586661261,-0.0022059715753558473,0.008001994856256411,0.002188133414245952,0.009103103081701258,-0.0005366210139953198,0.0,0.005121129925030665,-0.0020053024276636133,-0.000674141793709726,0.004416361717643591
2023-04-11,0.007749143917006984,-0.0025510771870292936,0.00945592953305563,0.008733423760632686,0.005980078481454099,-0.009396589419366497,0.002919555839073329,0.004827247817700719,0.000861125027707299,0.00337274240365093,0.0015796899098570183
2023-04-12,0.0007441279623117136,-0.010400586998957184,0.0006938347258831357,-0.002164329049328395,0.0033250072831503275,-0.005691602598359102,-0.0044988462895827475,-0.0029357125457917244,-0.0010037714893634808,0.0002986930650790143,-0.015500645207787822
2023-04-13,0.010286199525295636,0.020847620158239488,0.006240474529217943,0.00898671680138663,0.003715557541145831,0.018603194620926633,0.005582267281840192,-0.0032120971293431166,0.00014353143272360924,0.012992861834262737,0.022084518298078004
2023-04-14,-0.007237554287116366,-0.0003375114765877818,0.0018377983982886814,0.009827968284000344,-0.0012004877625122479,-0.005552524028039962,-0.006344005735208769,-0.017185745452166556,-0.011195765764149046,-0.008034806260936556,0.0012950947659562395
2023-04-17,0.005807579027606868,-0.005740430934635388,-0.011807858661742165,0.011557034102115615,0.00791344948346695,0.0036328188001542028,0.00638450909754007,0.022677466175457628,0.005516007937971912,-0.0008172836692503793,0.007079479472830608
2023-04-18,0.0041768043321543935,-0.005094223454232161,0.003944370498747407,0.003006907110490342,0.004770292874256121,0.0030831666639170585,0.003039936380498487,-0.001602875752326094,-0.005196888278100387,-0.0068423342170571555,0.0016223471046985516
2023-04-19,-0.0028136397032543226,-0.007509770795866677,-0.003466756070298227,0.0023979061079155706,-0.0007913005083436397,-0.0028734061745910866,-0.0006587674928186793,0.005887023919550316,0.0076913563660165885,0.0030703300902137354,-0.0009449857872237954
2023-04-20,-0.0011043894741408211,-0.010318169255558174,-0.008812337936411563,-0.0029904817883361634,-0.0017817768769905484,-0.006567547427299036,0.002373410121950581,-0.01197135453205378,-0.0002880927369556252,-0.004106050918097126,-0.015401096269738068
2023-04-21,-0.0088428963755256,0.0024326438821695717,-0.0058495755662519855,-0.0035991377537414326,-0.002280805110674522,-0.0032378586605494863,0.0072348122140653,0.0010773072738854417,0.002881034734093957,0.006746820392774078,0.01104567149096125
2023-04-24,0.006815373875977748,-0.0010399828300338143,0.015297890582055107,-0.002408252927664667,0.0023854629265944727,-0.004399240657346315,0.0040486486539084154,-0.0026895735257598252,0.0050273268812999206,0.005584382909594288,-0.00013592185416511082
2023-04-25,-0.021661425316587435,-0.015616872019462602,-0.018776056596194413,-0.017199726226167833,-0.01844328243861737,-0.021344296427982523,-0.0013006764723680897,-0.009169416571517819,-0.001000567338773406,-0.01066299922048164,-0.01981661957039882
2023-04-26,-0.011825366505435753,-0.01057651123690917,-0.013347651114478665,-0.00951811130912128,-0.018890980435775084,0.014863838676580698,-0.007814438251802502,-0.008165812514059012,-0.023462222638329755,-0.014220256950995824,-0.005123793985069014
2023-04-27,0.01362186660035447,0.05807959680637431,0.0035913786368111378,0.016119099146977955,0.019769479301351423,0.021217008919594438,0.011157608693880272,0.024149428557268315,0.01201305400238284,0.005238715306321584,0.02637621230774556
2023-04-28,0.011680650431819872,0.008587150132124188,0.015507651871890182,0.01189753135843219,0.00969311187607591,0.010857346475922292,0.005322614879914367,0.011522021570967045,-0.0014475469004470165,0.008534856068688645,0.0025768788106745877
2023-05-01,-0.0004968457926672887,-0.00016682580378613032,-0.011276988149582223,-0.002713232917662234,0.005400092151743197,0.0005966670921935258,0.0007749335042057659,-0.009271314977212786,0.0017392955365074236,0.005167131737353614,-0.009874290771160199
2023-05-02,-0.009688082828962385,-0.018534115415064667,-0.04348325368033057,-0.02267221178612233,-0.010443636312848281,-0.009342485512587761,-0.0027097931977440037,-0.017112557815102236,-0.01215616858654911,-0.004321035236697135,0.0010246196020955445
2023-05-03,-0.011037546412640098,-0.003912719476844795,-0.01887967236365573,-0.0114446479356759,-0.003819642312109628,-0.008427817413578564,-0.008151039948450345,-0.006256825065131144,-0.0027833974614386303,-0.0013467126797499507,-0.007915521956037175
2023-05-04,-0.006467618295073252,-0.016054710475119416,-0.011140455814271477,-0.012828554759324873,-0.01089692873779069,-0.0047892612608901874,-0.0024785823787393246,0.009307590695720735,0.007639140120484278,-0.007942738247743164,-0.007703239019276054
2023-05-05,0.016849563737679762,0.012497739412393072,0.02714124984262778,0.024722857567451406,0.015097469544658626,0.025078023026691598,0.009284868325614593,0.015459686109879245,0.0064151227752466955,0.008987904001814595,0.020239786705003482
2023-05-08,-0.003263954285746773,0.010114878397363025,0.0,0.0015463916249021104,-0.0036177084185223807,-0.0005290245574105512,-0.0029801738634976926,-0.00694435265815907,-0.0030423348693424668,-0.002170616131385361,0.0033969965646523104
2023-05-09,-0.00906817040900365,-0.006279569708308452,0.0003736895700765519,-0.0037060918262261655,0.002218933899427622,-0.007673782666470674,-0.00311893434455468,-0.0032277612494145957,-0.0013074287008703056,-0.00667691270598314,-0.00027104296592150856
2023-05-10,0.0006356639675202391,0.00888128908968322,-0.011338038414018259,-0.005579537797567591,-0.003622885278617871,0.012199915732294508,-0.0015642923058510894,0.00944427560124761,0.009165989949973863,0.002794463020020066,0.005079620864825385
2023-05-11,-0.009780395877767134,0.00998809604684392,-0.011972266315208868,-0.0015586301029284488,-0.006059989724078285,-0.004478721583598633,0.0030029153636594863,-0.010425108355100798,-0.010236257168349305,-0.003087964121798792,0.004649645468089325
2023-05-12,0.001795798731876852,0.0008380791337256888,0.001530292648350251,-0.004058664375907184,0.0007113444604882613,-0.0013234519163153324,0.003905184979553722,0.0018908273963638145,0.005535290461430975,-0.00135969431265337,-0.008451283587399439
2023-05-15,0.008450984105697446,0.004689418762811259,0.0050945741868908545,0.008150534039025992,0.0048740339186936765,0.008281168600105415,-0.0024635840413855803,-0.0018872589155023434,-0.012603136618051791,-0.0017399583206022529,0.0012854945589404476
2023-05-16,-0.01650594986572773,-0.0011670141096342679,-0.024582158205193383,-0.009328516853219115,-0.013540723959099776,0.0010511707247622404,-0.00844927860935829,-0.026742468851617684,-0.022153949525471894,-0.008335761413832188,-0.004053727711786803
2023-05-17,0.006584094151428577,0.012183033985907699,0.01922580759374326,0.020087927726490262,0.01720960738841293,0.013323682669570625,-0.0005245148563162161,0.013044813939573796,-0.003600700564950654,0.0012226517550837368,0.020825057657045454
2023-05-18,0.005899575215640329,0.01797207988636762,0.0072651024197065706,0.007384446168385406,0.0072504762797767075,0.02046780232838663,-0.004852869829899853,-0.0063012784947477085,-0.0030117418893750303,-0.002442501048596224,0.015548943886687372
2023-05-19,0.002550038193313897,-0.005345202878663691,0.007718413310005223,-0.004275895282390363,-0.0023992954791652865,-0.0004445548360763052,0.0006589410852766431,-0.001654489084371824,-0.0015104830975388728,0.004667339174236673,-0.008375226347099085
2023-05-22,-0.005214194207921352,0.00911907719267857,-0.004143679818793045,0.0018405713459668238,-0.0002005421033665078,0.0019051355466499498,-0.015147627624064963,0.006628339794018778,0.0003026674777437677,0.00098996578546795,-0.0031012658162544726
2023-05-23,-0.015469371389462583,-0.012425279626518404,0.010717588958799151,-0.011635127178138416,-0.012028861461752527,-0.014767307800724883,-0.007355543086072891,-0.012345881000917158,-0.0034780103519529426,-0.010955676151025773,-0.00913422685977927
2023-05-24,-0.011426975538450956,-0.004575312301956069,0.004366248102503967,-0.013011225962417883,-0.012885497592120099,-0.007333732584376862,-0.006467758137567614,-0.0219444737834249,-0.006524945536616977,-0.006846158515940282,-0.0036740854139728496
2023-05-25,-0.0035464550860653254,0.0,-0.017761666418162902,-0.00031374034414299867,0.0032891550960294502,0.0383645333306144,-0.0075940161268014394,0.002272357077064413,-0.013441481762327623,-0.01022370826144281,-0.004492174497411239
2023-05-26,0.005009075556178466,0.02035479440407517,-0.003920166550699156,0.008163328931544589,0.007478592045967014,0.028396514207396084,0.0034162672876485445,0.011617913425769011,0.0,-0.002034469241142256,0.02350488130346151
2023-05-30,-0.005377650776723475,0.0016084912917357919,-0.010283145600879284,-0.00031160931748019927,-0.0015251977284701512,0.005340816571175466,-0.011439392538684534,0.0030811462096107523,-0.003870467182344961,-0.0061947761955271075,0.0067121061770762935
2023-05-31,-0.010681989761483601,-0.0003210676744304086,-0.017573385645288653,-0.010591782612256018,-0.01364707167150303,-0.008330661893087399,0.0011018992194442578,0.006423047854434927,0.009170126703511805,0.008600235089756492,-0.009020393724778142
2023-06-01,0.013329962382038651,0.013496013422418462,0.012403813932246877,0.010705169439789719,0.012803339752385456,0.01016556825186088,-0.000825457820939457,0.0002774296541552257,-0.007392616683096764,0.006571245007334525,0.011806487957633838
2023-06-02,0.03354385055129572,0.0012682633515885833,0.030436283997777647,0.02180679102203098,0.029054970432595972,0.005724651428778538,0.01377222644894549,0.021081738917008153,0.010395613627465883,0.012823569487596442,0.023468429356591436
2023-06-05,-0.0007637409258134387,0.002533251381869883,-0.006633643216395146,-0.005182686447134266,-0.006934834247217636,-0.005751896359832864,-0.0036677992574655205,-0.004618337398536565,0.004760579486490668,0.0036063486358568486,0.0029935101107159134
2023-06-06,0.006368753879725908,0.004106248359203368,0.008063620365333923,0.012565018316085919,0.0062849039729839795,-0.00024108012910173393,-0.005045436356648114,0.006004198575587205,-0.0007643087070924315,-0.008333740100533338,0.010414536877871194
2023-06-07,0.011897001754420655,-0.011167124639780202,0.026496731791125994,0.003934594933221236,0.016060312347392358,-0.01494860036516299,-0.0032889374054742015,0.01844829437959028,0.016977510511766658,-0.003932278072183881,-0.006787696743159599
2023-06-08,-0.0036270911463776034,0.0050898728284194394,-0.004261620282227541,-0.0009044109725540039,0.0017562209612445034,0.010830961220640312,0.006875037206585777,-0.006126596038093957,0.004361552652367928,0.006424715347097987,0.014807364350098107
2023-06-09,-0.008285484926215392,0.00031646708695509673,-0.005502397192390873,0.0003016828150137485,-0.0026297907948230614,0.004964014712676379,-0.0016389686096475176,-0.0050927579112041155,-0.00583995229451173,0.0030764077713021365,0.005175263960205623
2023-06-12,0.004556992260149828,0.01186528916177787,-0.009590726771340208,-0.00030159182994149436,0.007128997716542296,0.021745395205110762,-0.00027357212843537315,-0.0005387159350190851,-0.0018074639012686244,0.0036037680352134505,0.017183854967596668
2023-06-13,0.023185489729579345,0.003283116301698641,0.004717626952079668,0.006034924890402804,0.011635790864599871,0.006072581120664999,0.004104704859374753,0.0072776111623553685,-0.00015087369499156011,0.005042550773089127,0.010367888926006819
2023-06-14,-0.004187092419168259,0.0017143252400619868,-0.010255663456658848,-0.0038991309504530225,-0.002683692984237873,0.010313475691881457,0.006131436493958864,0.005351685591385769,-0.0006036489553811197,-0.010262642062419669,-0.0007245032159977072
2023-06-15,0.00853328113735996,0.015868222804058307,0.010986283896035731,0.013249199338154938,0.01508876690198857,0.01287621356591595,0.010021986685560202,0.004258895740192337,0.010872875698807016,0.015514837827730554,0.006523650796199654
2023-06-16,0.002452476994819097,-0.008269720716202467,-0.0014820573619668265,-0.00208054655948009,-0.001609524894418124,-0.008246022039466894,0.0012065872783297849,-0.0010599003435848298,0.00537790144714001,-7.55804484421363e-05,-0.0015002481645256527
2023-06-20,-0.013533966162263655,-0.004872056473489428,-0.022381831619264658,-0.00747818311795212,-0.007426479150224652,-0.006757932774710151,-0.007606862717924545,-0.010742105856734185,-0.011728155190199208,-0.0011239650049419403,0.007491835248232048
2023-06-21,0.003239897719970797,-0.009947064353502344,0.007912354022426404,-0.0012055388473330986,0.005563471792393804,-0.014796978389146731,0.003533293755497935,-0.004332383866089917,0.008032943581595342,0.00015182827663173804,-0.012015057884983804
2023-06-22,-0.0023600176583766785,0.007849201422760022,-0.013421099031508454,-0.007845460515091163,-0.007249845204430061,0.00816008634673504,0.00582359663199461,-0.014141855823639138,-0.007668237653806975,0.006842286694374922,0.01276620775582371
2023-06-23,-0.008092585335602753,-0.0021806231781141827,-0.0071870452113493855,-0.004257944412870862,-0.0075909698834487616,-0.010850586567724085,-0.006597508798209417,-0.010758739793168992,-0.014696914671798456,-0.003322326258010877,-0.01158984495504678
2023-06-26,0.01041798370845215,-0.009990602804070048,0.017968008511229927,-0.002138136889216602,0.008326905983621513,-0.0071744106388454965,0.0013555839093850608,0.022308854593674265,0.009841706352509583,-0.0056819938684739,-0.012813458068887784
2023-06-27,0.014161464987138661,0.01687155672779972,0.0022858269516652374,0.007958511156056503,0.012003191205641528,0.01970844861734844,0.0029776465110120665,0.010911186457257083,0.00030434869946849297,-0.002285700167062643,0.021490306851374097
2023-06-28,-0.006859361731296754,0.004496884774650711,0.010135404250877222,-0.0024294426099334965,0.0,0.0005858980218771404,-0.006747761386590834,0.0026983543666916354,-0.014766082757659116,-0.003207213592520297,0.003955990054932412
2023-06-29,0.012580239045992814,-0.0054027477161041615,0.011538932182312722,0.017351532184374685,0.009678206951798884,0.0017558458812101385,-0.0009511289910058007,0.009149557842769607,0.0,0.006511922880544141,0.0010744941292260002
2023-06-30,0.009378764606415402,0.010088317829595184,0.006447678577226279,0.008677480504159618,0.008551787446200887,0.015893364542104216,0.008704251533864449,0.005066841057633331,0.011124814905831615,0.01027538048892418,0.012702983613892771
2023-07-03,0.0037407646865750266,0.0033804877744940676,0.00234075038385817,0.0056363672267008,0.00018630234931271694,-0.0021281601067397737,0.007819535906027797,0.007959417087460174,0.007487758225281915,-0.008212087337556406,0.01207219737003773
2023-07-05,-0.024645301248905516,0.0076569983905760974,-0.005530989890889959,-0.0020650909907569126,-0.005403316467325947,-0.006167362512564889,-0.001738940331792005,0.0050013783977505,0.011375995850301246,-0.0005317641074032986,0.00040725293412791075
2023-07-06,-0.007272084499138631,-0.007902774030449589,-0.022494150704564175,-0.008572138552566555,-0.007493416184945256,-0.0026679685985568913,-0.0025462520280565837,-0.005500197227188752,-0.012147751869898138,-0.007980401922557112,-0.01611121130709281
2023-07-07,0.008691329725259545,-0.003523381597485664,0.021494482646642776,0.0014907787774141035,0.0022648474289754805,-0.004361477284654303,-0.013032354369773791,-0.004740544369882249,-0.007287291057099132,-0.011645899493249123,0.0012414441417019084
2023-07-10,-0.000246300145619216,-0.0026133257409046706,0.007798018410924312,0.0044657976598379,0.014218583987161137,0.0026284406576948527,-0.00027214111949369624,0.0034399540615204227,-0.00428198213452291,0.007907138306191497,0.0030703239913714153
2023-07-11,0.009849674293145094,0.017416826564254473,0.021984859133075796,0.01185506034505468,0.011790978991746304,0.0021552532157638193,0.0014976313248060702,0.011339634333139115,0.012440548359947234,0.00023055411497630018,0.008358184277424296
2023-07-12,0.013167444566821507,0.01211935267582187,0.009253711330505121,0.006444194043166318,-0.0017436424173831178,0.011335317949261459,0.0023114867547182616,0.004693790496081984,0.014562899984022382,-0.002691266211917065,0.008989514707585133
2023-07-13,0.007821955718573914,0.014668396800368022,-0.0038105303732812734,0.0034921815990112126,0.001286933317087735,0.013047333262506067,0.004204871227909468,0.006747882337233335,0.003439107313285117,0.00038563606055586064,0.009372395892111474
2023-07-14,-0.005850668308554741,-0.009440717488955808,-0.026416416060222492,-0.006670238061107336,-0.0029376560775696836,-0.001475006260154843,0.0033771269437301576,0.0,-0.0038739859236690544,0.015028776123666265,0.0025793240305218568
2023-07-17,0.0009607181924571329,-0.003573951671124287,-0.0019645490474868854,0.009635011487321155,0.0037750071173745514,0.012784722286018013,-0.002961833689784754,-0.008507293130371352,-0.011518536695761417,-0.004555780473218252,0.004058918191601091
2023-07-18,0.0077995268651605,0.006874741711930588,0.010087452904036676,0.011277988349920776,0.005595292842630606,0.011333040864011323,-0.0010800785390581158,-0.008320394950534271,-0.007718012525299356,0.0073990222004785,0.004099554360723401
2023-07-19,-0.005357861365157257,0.0028199150777479254,0.005845868051944647,0.004289453293037537,-0.00045586952490839217,-0.002496479246744232,0.010137781966019555,0.011012150622776717,0.010218191763509799,0.004618735677202057,0.0035156751912210904
2023-07-20,0.0023940347109006055,-0.019834074679559333,0.011744540048929997,0.0074034324778129434,0.004471429892326073,-0.01996527582651475,0.00856425950086881,-0.0033713706188179815,0.018266863644818,0.016581224304231368,-0.03407373075452147
2023-07-21,0.00011942546543242116,-0.009966577986639247,0.008856095336548853,-0.003391840115511413,-0.004724213436692493,-0.0005108660710473334,0.003449488733375139,0.0044237045857904445,0.01497427921720651,0.010083005302655934,0.0002341641153580376
2023-07-24,0.0031044990334614386,0.0018304347048307967,0.016132687427054426,0.009642431037558463,0.0022821000659531965,0.0017600392449650393,0.0038344559325593774,0.009585294907356268,-0.0026294469702341505,-0.002202041402599497,0.0065504967361147415
2023-07-25,0.017973849944658005,0.003197348166408265,0.005253538450455952,-0.006460499476106163,-0.001275095158083439,0.011448657870859691,-0.0002633230985246149,-0.007441600768143042,0.0017574443659229555,-0.00044114519129412333,-0.0023243159281517434
2023-07-26,-0.003390688749894011,0.015631885673260237,0.000348231225533846,0.005937342860729888,0.0070216871905206535,-0.013448560080879912,0.0011856992625660645,0.003619435019828865,0.0,-0.0006624800903277661,-0.00023285494155089737
2023-07-27,-0.0064532866300563985,0.008368196899746883,-0.0063850499338435895,-0.012647623289820498,-0.008602658912076122,-0.0028965093900801264,-0.008816875403896751,-0.02112300180820903,-0.017689833772050134,-0.007364462421889373,-0.01036936740704264
2023-07-28,0.006967506018143554,0.01970968017742014,0.003037964324232645,0.0019925594170984162,0.006211048477361203,0.013614283113329906,0.010355882015259166,-0.002894865100873778,-0.0022326436681688877,0.0029677585583052224,0.016953071454693047
2023-07-31,0.005277339358247035,-0.00029077781349273746,0.018986445454874046,0.0036933028749557284,0.0023602851704058736,0.002304152296656481,-0.0045991980082311645,0.007917626260001809,0.00044756503089571353,-0.007692796714815819,0.005672832883623968
2023-08-01,-0.004433248679371893,-0.0013083086409243494,-0.004686789702522121,0.0,0.0029886231959104226,0.001682085053291038,-0.00541273296080802,-0.0018331018417457878,-0.012226115849857444,-0.005218323763161448,-0.01133915204175151
2023-08-02,-0.012420723428991698,-0.018777295478256795,-0.013092731522339252,-0.008491488203709041,-0.010474110027486105,-0.02474120176498984,0.003583756198962007,-0.004197139391030169,0.0,0.0006746032957343218,-0.017930793759122543
2023-08-03,-0.006169952084943309,-0.0025217755205270143,0.010124614673078458,0.000570879133383384,-0.0062963264564415145,-0.004074899271827026,-0.0027773157253299097,-0.013698416977888095,-0.022792437556592993,-0.005017444960986439,0.0023711161767367983
2023-08-04,-0.002268445867039115,-0.0022310519493639047,0.001382428403129854,-0.003994101362447933,-0.006060457461610325,-0.013600736572552785,-0.009946858799478098,-0.009882611055594182,-0.011584716414574814,-0.0035371844706535427,0.014548640426280457
2023-08-07,0.006581569773956852,0.01550152589039211,0.001150273384199041,0.01403592744359039,0.012287547629710627,0.0028043194293851936,0.008171401778554799,0.012678765359271038,-0.00015642885310418464,0.011556006913792327,0.010259396320204228
2023-08-08,-0.010580179720717564,-0.002788690334527333,0.004941355067399789,-0.009039723347217588,-0.0045633669409013145,-0.007690493480954741,-0.007175239661611488,-0.0050615533859020845,0.00468906116981449,0.007690562119599731,-0.007962647743578799
2023-08-09,-0.0040851525900171826,-0.01074478267951784,0.012578900017306882,-0.007411420537041136,-0.0005499395452652767,-0.012916704202754925,0.0014723063823045557,0.002410011254271316,0.0021779296503166012,-0.0002965085145881785,-0.011865160755855086
2023-08-10,0.0007237063869758309,0.003422028918838027,-0.00011300411843506719,0.0008616548810624902,-0.0027522313128166553,0.00011854338475214554,-0.0020044593095419616,-0.0032052497797691037,-0.0031045389465700346,-0.0006669572246338351,0.002413247508973315
2023-08-11,-0.002772654557314902,-0.0047447401463163175,0.01536021967469603,0.002008454035968832,0.0016560131574607784,-0.007374614086240516,0.001606942290089286,0.0018756102973687128,0.005449846317938212,0.00623007597225933,-0.0034058939889838324
2023-08-14,0.002175775862379492,0.007300382849981357,-0.004226983181020438,-0.0020044282339926056,0.0003670863784901446,0.015937780158111092,-0.004946725416792308,-0.005349190321957575,-0.007898309553600935,0.003021982583065741,0.0030640845504910086
2023-08-15,-0.01628434799813394,-0.008874438362422299,-0.02077723390754549,-0.01836454424392031,-0.012760361515246177,-0.009848967222215399,-0.010748307313611205,-0.010217478211570707,-0.016234830093943886,-0.003674266889900135,-0.013627826484235106
2023-08-16,-0.0067444959001023985,-0.011938610559887652,-0.008669991263610455,-0.0014615820297184667,-0.005579409861243612,-0.009530260254578593,-0.002308863429851704,-0.012225004543733431,0.004443080835331736,-0.007596792085904136,-0.012386879704604059
2023-08-17,-0.001975245904197842,-0.011478589230205172,0.011967804122553716,-0.004976582674995345,-0.008415774263567544,-0.009501270697029995,-0.00966503814675479,-0.007425736870533051,-0.002211713595377085,-0.007952772639522432,-0.01694411901703674
2023-08-18,-0.00012370965205210638,-0.005958791335330393,0.009893011796305418,-0.0002942318823991874,0.0018860362572801215,0.0015177554547787242,0.003711115992374392,0.002770878601019211,0.005224801089753539,0.0003747153207760423,-0.0022694588217996303
2023-08-21,0.00012372495802370764,0.007224058571597247,-0.006305573760640559,-0.00117727392111866,-0.001223724243166413,0.01909562343351423,-0.00671033653900277,-0.0085659767737013,-0.006300159228906144,0.0010482954655912646,0.011496194814009986
2023-08-22,-0.0008658679591702079,0.0,-0.007705300826676309,-0.009428235238573834,-0.0023560839727500005,-0.0011303905081226917,-0.005652807011896965,0.0030659109558299757,0.0028531252017773845,-0.0035160148047760353,0.0014588684185290468
2023-08-23,0.0016096191943648641,0.016176004966033775,-0.002512484338038079,0.009815680047955633,0.010296666104905539,0.018044411001266747,0.0066553622049605465,0.014726425189268921,0.003951290776842198,0.0030031843396427504,0.00801099854865539
2023-08-24,-0.004203107566469466,-0.019222279077832694,-0.006868717108538647,-0.003534824721676766,-0.012155336207530065,-0.023047657518213027,-0.007988864932849227,-0.004655178722866804,-0.005825012050814649,-0.00868257156165475,-0.019567572057230143
2023-08-25,0.002979551639947564,0.0010715999675079413,0.00968305780651435,0.004729622333629946,0.008424134648957748,0.010178995051940642,0.005553931632311437,0.002750944131632238,0.007600974023009632,0.007324158941178771,0.011176630065773185
2023-08-28,0.007301883639234674,0.01223631828741989,0.006735652097585643,0.005589819412690433,0.008166020538123542,0.008179731283604497,0.004556969841502001,0.00795619666997327,-0.00015705312274616468,0.0023234711538253627,0.004008364739014114
2023-08-29,0.01658675756283956,0.022212229017918306,0.0027220609779485816,0.00906978626357624,0.007634289231743363,0.02004811481750668,0.0035739434550847715,0.011431660489820139,0.0037723447886883754,0.008973799330092014,0.02498166604035279
2023-08-30,0.0022963133737869956,0.00014788192018455604,0.004976001776018535,0.0005795860657571428,0.004527498263144691,0.007550614518952781,0.001643473539929552,0.0034983868774867144,-0.00454118965813366,-0.0007409583369001327,0.0043081940967610866
2023-08-31,-0.00048227060808703204,0.001034555045936747,0.0006751902356700867,-0.0037666865101778635,-0.0045070924100861776,0.004862271076147895,-0.005059352692860397,-0.007240541550402213,-0.009595807859623662,-0.01194173488407746,0.0031142143928588606
2023-09-01,0.011219488975863001,-0.009301837485076736,0.020467857919542087,0.00901690652582543,0.005266441899749008,0.003074172271350095,-0.008521265316105864,-0.0005401181741900851,-0.005082410532028625,0.0027022544550294736,-0.006092081089894008
2023-09-05,-0.018491841187750935,-0.00014897678753966748,0.0052898859912537954,-0.01008950691510635,-0.01681974832242228,0.003575321914842222,-0.008594387394655345,-0.010000020380014796,-0.015325716170279557,-0.010331632782728084,0.0007070146021004309
2023-09-06,-0.0021878726241970625,-0.003130034581843133,0.000438603226978973,-0.0005825820841209861,-0.0043003855764024435,-0.010574785439645629,-0.0011185517765801567,-0.0019111696664859679,0.0022697359350420943,-0.005446635138890321,-0.00889324830030136
2023-09-07,-0.0045073618838167295,-0.0017943079974517273,-0.0009862875511578162,-0.002622160361883008,-0.003285906385578352,-0.014460663687677622,0.0023795266813058102,0.008205543414006033,0.013102554092155883,0.00448768538449329,0.0027929028718576276
2023-09-08,0.0009791184780654216,0.002995770974493883,0.009652459153139503,0.002044949291988285,-0.0049926798182912124,0.0020877487366401937,0.0012567319184653147,-0.0065110310998367504,0.008781736129574114,0.0,0.0
2023-09-11,0.004278628846420052,0.015083991690638898,-0.013145258695933637,0.004664697282761532,0.0002841503036994375,0.0052087227279797865,0.008647129607889159,0.0005462467358181566,0.004115091237312685,0.0068908867627912596,0.02690372543781061
2023-09-12,-0.0023130015031861406,-0.010446013086669814,0.02355801761036025,0.006674570860130569,-0.003596484907759878,-0.018135840064498865,-0.008572997784914826,0.0,0.0012611688675492339,-0.0012786899564001253,-0.009059885478292729
2023-09-13,-0.0058564280612612984,0.0032708623971009487,-0.007528473359769139,0.0,-0.006648818229831321,0.002521541394499449,0.003068410278234346,-0.010098275305771232,0.01196473958779265,0.00015060548940160068,0.007919962485823051
2023-09-14,0.014114074555304557,0.01393008850827182,0.011703364873278721,0.00922427838159301,0.009848911872781807,0.007252724511217279,0.010150075504080647,0.018196740927732824,0.014623453981652768,0.0031622390268790657,0.009821936544889054
2023-09-15,-0.011133956042039261,-0.013300054149998575,-0.014460020378881389,-0.005141417443179197,-0.005776031703237039,-0.019220684869541094,-0.008258541722274026,-0.0037908358828286914,-0.004293079647961884,-0.00788049714087169,-0.017106989555733643
2023-09-18,-0.004156613060023018,0.0007124943598568745,0.008474162296919996,0.002739864612395726,0.0011092875682519043,0.004805803707023992,-0.0003494575934408495,-0.008740098555554021,-0.0007452146024501394,-0.001519228179153953,-0.010875766056389291
2023-09-19,-0.0008644793110288429,0.0007419299102262578,-0.00933667579868458,-0.0011503128750586233,-0.004202714285735709,-0.0005313733798882891,-0.002376297784887793,-0.00525140098625021,-0.005437296253216761,0.000836807524828842,-0.005011110698855403
2023-09-20,-0.01050553895013362,-0.01364159895424455,-0.009314997313496165,-0.006910397017328318,-0.0039330248518644195,-0.015715330120180226,0.0009808802708299869,0.001945013274891716,0.000937212966075629,7.606477381072452e-05,-0.009954550657003347
2023-09-21,-0.020109708061409548,-0.01232717626651636,-0.013717047696278017,-0.01652667013829523,-0.01637126565633995,-0.015246207536136924,-0.012877924299593335,-0.034664223417389506,-0.010455734824877272,-0.008740677181348189,-0.02729067314849487
2023-09-22,-0.0010199404747006646,-0.0012175873462217934,0.0016825528010842028,-0.007664926718864318,-0.003426769576168942,0.002133419314332974,-0.0053886616501239715,-0.006894857570968194,-0.0018923280891962602,-0.0020702369134916188,-0.00984437867105925
2023-09-25,0.007911203110246845,0.002438203170794795,0.012540716431235,0.0023768463265869677,0.005010253688898292,0.0032234619418913812,-0.0035642935984266932,-0.0017357117262642996,-0.0014220668732928265,0.005455379018870277,0.006151921505066937
2023-09-26,-0.014432232693109004,-0.011097561681584711,-0.005750345482990249,-0.013337631722962318,-0.015249275801171858,-0.018006421130573824,-0.0074401891712518875,-0.017675910666809735,-0.02990508614155052,-0.008482335534274243,-0.01821891015372834
2023-09-27,-0.00012825645031644406,0.002613400387918352,0.02491377763472724,-0.0015017272008475135,0.007444913625709093,0.0015433975817071843,-0.008216873096790867,-0.008849407257551123,-0.019246393394463546,-0.005009686407351777,-0.003837162346029155
2023-09-28,0.01079108657751715,0.011039416823413584,0.001085125977017709,0.007220158423496326,0.004236890620907152,0.007089357596296919,0.0030522061472777473,0.010416570675633618,-0.02161991149770237,0.0048023671771677545,0.011177008668002753
2023-09-29,-0.0016518840073713736,-0.0056111657250524916,-0.020162631944860565,-0.009259219750220704,-0.005298171638458915,0.003427431664299263,-0.0028982204741718753,0.003534635195373781,0.001699846977399666,-0.007554564611138459,0.0053082854430637205
2023-10-02,-0.013240304513231438,0.007472980443155697,-0.01991377623268442,-0.00844155401351565,-0.009765311815006172,0.010736404879936323,-0.006830246902227111,-0.018197928200771818,-0.0464958061594386,-0.0013982917607742174,0.0008074342788753075
2023-10-03,-0.0027093356183035544,-0.013472666012806833,-0.000677145810320301,-0.01581035369768713,-0.006972695610191315,-0.016959279771520674,-0.007169990960002703,-0.018236104323209656,0.011567831966876385,-0.00886748508158608,-0.024331116678746545
2023-10-04,0.01177231503639331,0.009513842555077145,-0.03140169725611708,0.007414398758588847,0.0032097771574697287,0.012463437788811982,0.007958713414536245,0.010657700615345433,-0.0010555288536194807,0.004238082787887398,0.01972128318113997
2023-10-05,-0.012146721742734345,-0.0013681429279726043,-0.006180795110812487,0.004599794904844412,-0.005899344112842986,0.0013338629904473542,-0.01973962137848917,0.007231083497341695,-0.005812050251330025,0.005470416532958211,-0.004990829154629117
2023-10-06,0.009448533053425967,0.018417016943865994,0.005984561478761252,0.008546840307949388,0.013679357708552997,0.018712710629080087,-0.005519372548847712,0.003888797546626188,0.014171971782894976,0.01049253507563841,0.007022148850802656
2023-10-09,0.0012823172459031085,0.010760762258405832,0.03336030764034614,0.0006055123785935201,0.01567779948672854,0.0051715426737339865,0.0009000686792999257,0.01311087849721937,0.009956285725662983,0.003461643677455495,0.0010584649358393872
2023-10-10,0.010628781672719523,0.005766585798324009,0.0012416987268313306,0.007259590870200228,0.006057102756724886,0.0015375816702649647,0.010190585583036427,0.003529314765309488,0.013663094571143564,0.004752181627397878,0.010946769669630152
2023-10-11,0.002407488619767806,0.009114929022100204,-0.012852241174822088,0.0015015143845078516,0.006020481441767478,0.00927077545338939,-0.006824086388727113,0.020222996407028404,0.01620888066784243,-0.004424696055890576,0.0035682966731229726
2023-10-12,-0.014916005606480542,-0.011800542768002464,0.0011421041943897592,-0.006296965015287759,-0.009073241089326722,0.000935996550435636,-0.010903703183364755,-0.01321501433468697,-0.015446612034848983,-0.008582296324909588,-0.01091216388501115
2023-10-13,-0.003721171665213019,-0.011204457150556402,0.022016775378484787,0.002112389136541104,-0.008864285916933223,-0.014320512388067419,0.00875859624246722,-0.00029104735668983306,0.01125504538150457,0.006260572112691376,-0.014689472715129992
2023-10-16,0.009788613670391078,0.016102635998457515,0.006697353553946517,0.010538785592784983,0.010614201490148023,0.00960684533725975,0.0103295758109192,0.010192467297563734,0.010286661432628463,0.0075273520676282235,0.016166586819693185
2023-10-17,0.009821491085286516,0.00352150200367074,0.010422403900595567,0.004767740414324262,0.003111841097606982,-0.004640358545328516,0.004296677889856326,-0.005189121540578268,-0.0026706436696329883,-0.001372145245328138,0.00235238163934981
2023-10-18,-0.025893570551297707,-0.017254001975802402,0.009107808295391262,-0.017200563421586934,-0.024139379076028256,-0.010267952852073825,0.0036885180240480153,-0.02202240362951602,-0.008702937399772792,-0.008702861901846437,-0.023468513061473018
2023-10-19,-0.011670008203607196,-0.0010414602826883668,-0.001739788866971459,-0.013276942286489679,-0.009239096805106262,-0.005723776299450312,-0.007349685677858431,-0.024592723197576105,-0.009961103356607937,-0.00985770701059141,-0.02555000206396396
2023-10-20,-0.012070539835704386,-0.009234396979785564,-0.016775553905630458,-0.015290651623254381,-0.010327877022546894,-0.016910645762668874,-0.0038501628436071744,-0.005163992929848704,-0.01040243827387688,-0.003966611931451869,-0.015511530701204146
2023-10-23,-0.011155303949388129,0.005261669438078487,-0.016175588021449694,-0.00621104961359098,-0.004660726338151733,0.0011591330744382677,-0.0019323398845123574,-0.008549553667625887,-0.008443948697257175,-0.006247146870193121,0.0011866368769977154
2023-10-24,0.011818392266015776,0.011813835112132631,-0.014076528445898462,0.006875059253052873,0.007532700432138828,0.0068847453516580615,0.00848960687296918,0.012627051461469696,0.025721278240892653,0.0030646371019740215,0.010666971376710466
2023-10-25,-0.011680349315995153,-0.04330477486855111,-0.0018276130683126945,-0.0037245498280932265,-0.01283093535908364,-0.011799683047668541,0.0033970165919738893,-0.020985410455599984,0.005591324679254495,-0.008930699662560215,-0.02019688520009788
2023-10-26,0.006983629672941083,-0.021782797312303592,-0.007781151007543841,-0.0021806425524526496,-0.004196030768570114,-0.019104487989748176,-0.006476357030542834,0.021124467020831483,0.00859317961998074,-0.009880533430719374,-0.015625922530725145
2023-10-27,-0.00040024521298176463,-0.003632208579352869,-0.023988275500161693,-0.01810793298387292,-0.008838602391167405,0.005805448619310427,-0.013629854849545375,-0.01581994910780604,-0.018877507073849276,-0.01692490403776481,0.010470052755386483
2023-10-30,0.010273688100066902,0.02060523735090891,0.0033089205485430373,0.017805878668552877,0.012442911516553856,0.010737444995675194,0.015620336144635427,0.003091373484552573,0.007662265594565065,0.005603405673754391,0.009158687652917719
2023-10-31,0.004490158807566091,0.0051252110964725706,0.0032975202647609336,0.010934178661876182,0.00737399296790886,0.007122894118678058,0.0035492710165969665,0.020030816542313756,0.008617655374165256,0.005733615874973896,0.007551638966007079
2023-11-01,0.0005261529297098111,0.014678340140352297,-0.002347949523166304,0.0064896106202969595,0.003253259636446959,0.019328167603603008,-0.0010314350356555035,0.005135972885719653,0.011392103476911775,0.002087628133414343,0.012359886008956433
2023-11-02,0.019316316663421595,0.013248516999434079,0.030239002805879434,0.02364110205578518,0.020571572296213647,0.01692773237495615,0.012981316176429614,0.03095874696701917,0.018718104635302435,0.015865402480978563,0.026107565642980557
2023-11-03,0.015727839624279705,0.01532880262756553,-0.010050157669181159,0.013197595792994843,0.008837333433086236,0.010293588964500389,0.0011647424517353677,0.02361507383603123,0.0058536276600351655,0.0049692435585024786,0.014050640911184242
2023-11-06,-0.004949953286207731,-0.0026643662112435518,-0.011306174309687944,-0.0029603569438637622,-0.002657351253414042,0.006578999061897628,0.0016001921085613269,-0.013671182099383339,-0.0025865903080162234,0.006671480351767345,0.0012483009534105527
2023-11-07,-0.019387859921940365,0.0053429680460166384,-0.02217046767058739,-0.0014845733389244886,-0.0024672919211947697,0.01093170350136452,0.0024685449931720616,-0.008374407175117726,-0.007293300788833723,0.0007016383531537329,0.011158165468523551
2023-11-08,0.003121995800857258,-0.004723793954725997,-0.012529623825813907,0.001189306460521733,0.0022755323427905427,0.005664223610224228,-0.00391103848208274,0.005824215158172663,-0.007346883822411221,-0.0014024787350532808,-0.00265083992722126
2023-11-09,-0.008558144561174541,-0.0002968494594755011,-0.0030210779229236095,-0.004157922563804317,-0.0021718548825016004,-0.004665138626368193,-0.0040720938610926405,-0.01534474461252977,-0.013157953511943599,-0.02067559872458269,-0.018667305773734766
2023-11-10,0.011770848737608475,0.015875502880551062,0.011030283060497803,0.011333114069528749,0.014442668619152332,0.02612202366147942,0.007009155528328703,0.011173481670306185,0.00533334375792327,0.00597512858982685,0.016628829420562763
2023-11-13,-0.0014217252462355168,-0.0021906812337488812,0.0071935720512368295,-0.0014747381175451713,0.0008778096526802504,-0.005848989643379099,0.0031904010911725234,-0.00843266889674299,-0.011936345674922522,0.005781261566035312,0.004275099269573257
2023-11-14,0.02951450715085291,0.01624690813771612,0.008927200777378408,0.018901761282903662,0.020070053687264444,0.02000328729240719,0.010262948745094036,0.05395890407202342,0.039932950848274196,0.006771751274984528,0.03368490997261664
2023-11-15,0.004400698872292663,0.004896954520169583,-0.0018875766828027052,0.0055071782299505045,0.0021012319537232482,0.0012634804553370849,0.008012511415194323,0.0022259481325985764,-0.0030655792559859396,0.0007820992773963642,0.0011936902050833087
2023-11-16,0.0030046442524680472,0.004443208563082335,-0.0195037188892333,0.0040356654031976635,0.0001906959822512988,0.004992394810769074,-0.01234891693744733,-0.0002776111136751913,0.005340670086773303,0.004298091169837592,-0.01025336625757145
2023-11-17,0.0018719395698378882,-0.00014262300169542996,0.020976710428769918,0.005167889472175391,0.00638460857948675,-0.0020742629143063462,-0.0012934913435354023,-0.0011107528120258836,0.00273666690491825,-0.00202307417519787,0.006685589906012757
2023-11-20,0.0017444515280271577,0.011274651078464482,0.0014167546905137218,0.0039991190648667185,0.0030299269643041526,0.014496643680205423,-0.0007196675688067034,0.007784146776864009,-0.0030503228622803524,0.006081898055839474,0.005145393457585579
2023-11-21,0.0038550478873822236,-0.0033872670007396577,-0.002240175903390762,-0.0005691077562240965,-0.0007552122383235327,-0.008088421226267073,0.003024310300045352,-0.004965409865010151,0.0020934661432725488,0.006045008877352487,-0.002559573317903907
2023-11-22,0.0006194741835623407,0.008213105814114385,-0.0004726748544803261,0.003985119089306766,0.0021729135532428945,0.0044577700895021,0.007178736927742513,0.0030493738154366845,0.004820789861264663,0.004776100708016484,0.003043504856276913
2023-11-24,0.0043333370703657614,-0.0033707616121563255,0.00413815444360055,0.0031189373763145234,0.0024508198372485968,-0.0019482778654277277,0.0037062479311447127,0.0038697133331251354,0.0025587439424623604,0.005366883296483271,0.0009519224040976937
2023-11-27,-0.001232740253459097,-0.00620079644069127,-0.0035326087221370095,-0.0033917756618561112,-0.005642179858633467,-5.442542648248505e-05,-0.0028407091231906767,0.0035792494389792484,0.0015951826560283155,-0.006253154861612709,0.0016049050297703982
2023-11-28,0.0019748781884807443,0.002410687813144685,0.00023660297980843126,-0.0002838350002540846,-0.0023643163968499747,0.001898095418601864,0.004557943234220874,0.005486951245014193,0.003185153131076479,-0.005141685395734563,0.00575621624115108
2023-11-29,0.0051735043922964685,-0.007214448979437682,-0.0074423811473498525,0.0070923734329759736,0.0037918864239199213,0.0007578669630290413,-0.00808173138812407,0.007639835144398255,-0.007937665682422934,0.00030851980383594935,-0.0027139744638046137
2023-11-30,0.009926667068648642,-0.005842342342846307,0.006664999045830511,0.011267590834394658,0.010954788765270562,0.001460218035957972,0.010005910063400236,0.008123564064055344,0.004320553572408237,0.012569592605267577,-0.001419896187026648
2023-12-01,0.011406116478911432,0.0020066066886590406,0.005202077934279625,0.007520735134781464,0.01578697943120666,0.0022684827262879903,0.004104032610402486,0.020950689661985766,0.01226905007983059,0.003959990333862962,0.013686233367418366
2023-12-04,-0.011637632993553804,-0.010012941408092169,-0.0045872872674249665,-0.0011056791402075383,0.001655317037283055,-0.012178046281574484,0.0012686301280322443,0.005524943431900908,-0.003935097862832415,0.001896216009686702,-0.0037991548551216114
2023-12-05,-0.01371684041473864,-0.0046234626178498495,-0.017487591303417482,-0.004982052091440647,-0.008079359952565368,0.006000392636043017,-0.007883033020745889,-0.004186211545427199,-0.007111133249520951,-0.0012868660286159406,0.0017603118768132475
2023-12-06,-0.0020922759374064626,-0.0026126994471320497,-0.014912862377398972,-0.005006997212374187,0.0044428520401120775,-0.008459036360439876,-0.0025538326372512854,-0.0034156157597705628,0.013369163627104053,0.0007577851326370233,0.001464257616644149
2023-12-07,0.006783268287437583,0.02095760519511569,-0.006836790770878176,0.004752627091172634,0.0009214848924974373,0.012140494854683492,0.0042674405194191856,0.0013180491207509526,-0.0021987655347881496,-0.0012118635238360653,0.008245758777437606
2023-12-08,0.0036752142541531807,0.004704212167019994,0.010817557918823661,0.00528663428879228,0.003130091371446042,0.008536909178564756,-0.006940584644855696,-0.00210627773189076,-0.0018888832465215888,0.0016685980904245223,0.00458251702213297
2023-12-11,0.007079285078180897,-0.007661830078640186,0.001216133167639022,0.006089064944827083,0.009544962003051216,0.008732247585156339,0.009556286806459369,0.003430035349793581,0.0064659085673273164,0.006587623456955516,0.002656106522014312
2023-12-12,0.005817256731796672,0.0041464788327620905,-0.013725481916094129,0.007152743943011242,0.004545289387789531,0.006638686090494339,0.0032497906877324567,-0.0002628292646890129,-0.0040739619066764154,0.004287512563561302,0.0031097196838663077
2023-12-13,0.012170429855901777,0.009397483547584073,0.013916492481991227,0.016115628171527563,0.011131278928167676,0.008810884195177726,0.01816652980014566,0.03629658957969273,0.03775950902117775,0.018425524709309693,0.013089283357175185
2023-12-14,0.01654749516617038,0.004373120526741436,0.02939374982530696,0.009946216887457782,0.012888224606241394,-0.002457939118202024,-0.01466137957927427,0.02766500310546416,-0.013038141830218564,-0.0048538219503956315,0.013429862956042316
2023-12-15,-0.0025764302336308553,-0.0025281539150160404,-0.005309825961673398,-0.005855681671628754,-0.0013254684999295385,0.005032904102942437,0.0,-0.012101930441691056,-0.017357840433478766,-0.008499257728826537,0.002068904123645021
2023-12-18,0.0015488727110211098,0.012336724135967758,0.008167900021337271,0.0033362310162281528,-4.446734493257498e-05,0.0029905079129586287,0.01040949634885413,-0.0027538257074782857,-0.0022565111336396715,0.001632337573813869,0.006204937211768957
2023-12-19,0.009207844140779242,0.01017839909637952,0.011998116330701913,0.007508959319084241,0.007740183186996763,0.0038050870519654723,0.0019597254138512543,0.006840541054446758,0.005693396406754259,0.006727199345240242,0.007833367557594562
2023-12-20,-0.01532339686673545,-0.007729609398513193,-0.009273480031821713,-0.01783312295113848,-0.016156113054084043,-0.015110570857183703,-0.019418659464834676,-0.012581569149321514,-0.02028616232071101,-0.014478534042988933,-0.018245996904755923
2023-12-21,0.01057255670983337,0.009876186504237383,0.00391003443064597,0.009755736852682606,0.010319443779310156,0.011229910651987751,0.006980900108603638,0.008409560388669135,0.0017657489461617715,0.012205132525465068,0.01521623843075015
2023-12-22,0.006230171444073118,0.0001377666950685974,0.0029505692560785057,0.002147219726146732,0.004796260309610778,0.0013036363982641408,0.007640235700812736,0.0040434447651021,0.003364784056280934,0.004987006103429614,-0.007355882934716229
2023-12-26,0.004672819000962836,0.00385639676347882,0.008590157677416554,0.004017159564576822,0.007071475527001603,0.004165496017536352,0.0042120250989772234,0.007299339581590125,0.00606830365149591,0.0022220016877922966,0.004234559746487898
2023-12-27,0.0024419493399612247,0.00013711109501701735,-0.004433410077326894,0.0032008060524715276,0.0014920669860418734,-5.1848694913814164e-05,0.004614032127930656,0.005747113444478424,-0.0006349738387932957,0.004212115423690488,0.0034398109436906132
2023-12-28,-0.003827816562405273,0.002743242671202628,-0.015235036259574675,0.0029247545293431543,0.0002629095958692762,0.0011926620821267608,0.0004176334944092641,0.0062112283535988855,0.007147395552048463,0.0025757385914968456,-0.005197441473865139
2023-12-29,-0.003959094362029236,-0.006018666190370614,-0.0022611207056366656,-0.0031812890915461356,-0.0012266119550146115,-0.003055908012663422,0.0020869575412592045,-0.010864313862468888,-0.0012614792879399594,0.0010274624746011707,-0.0061696747857302725
2024-01-02,-0.001753536284218371,-0.005643013582685152,0.010734690133492819,0.00425508095544358,-0.010088662758278688,-0.026184468966681695,0.011245223083639289,0.00923625509860293,0.014527008846786815,0.01759793612811733,-0.009283352978386561
2024-01-03,-0.010774082743546742,-0.003737069369235013,0.016285140064879355,-0.008474313062056149,-0.014888174759497441,-0.010190085558732798,-0.007825406689526249,-0.023744711824437825,0.003735404225074568,-0.001657243360954852,-0.02020877559002865
2024-01-04,-0.0031962344971745438,-0.0033342274079760648,-0.01753363612502168,0.004006218841325904,0.0012593138523955272,-0.007330218138708933,-0.0013834231638948369,-0.002533672642784812,-0.00310119974583567,0.00498009744364758,-0.007028872605816305
2024-01-05,0.0016625473938476354,0.004182000029914423,0.0008273543624239821,0.004256423713276947,0.0011680537717755346,-0.00027162980488293353,-0.0022170150657093712,-0.0020318360676389036,0.0037330165249009895,-0.0008618861805190781,0.0015664520501648127
2024-01-08,0.0042683091374102755,0.015546764562561544,-0.011573095315253523,0.006357836542690842,0.006551299225869833,0.025092483889666006,0.007359919805310922,0.013743967938556478,0.007283428354257104,0.008841242555592377,0.017031786662977
2024-01-09,-0.011451974941887544,-0.0020503610292658125,-0.016009462563610244,-0.006317669830577355,-0.003120706283057384,0.001589332544297939,0.0026193681991855122,-0.007030017241295594,-0.00815388651427118,-0.0001421918879528361,-0.0037023659181096846
2024-01-10,-0.001313762457719303,0.009314024288853862,-0.009834831807980393,0.0015895375874488415,0.0050979436097629005,0.008516702204782733,-0.0020625666766014294,0.0015170454982635917,-0.00015504486721484856,0.004560268306846416,0.008003980698201074
2024-01-11,-0.0029897602424699965,-0.003257173540760716,0.002575197392590267,-0.0037027912393345908,-0.002313446870535807,0.005087928305748779,-0.00013788540505876856,-0.009340874056059989,-0.02327032868347978,-0.0007091808926983356,-0.0013045155146150789
2024-01-12,0.0009594853218406474,0.004901246227934308,0.01125216555576003,-0.0018581191925914897,-8.923095414081761e-05,0.0032355770011347484,0.0031695683915475836,0.007645150171394999,0.005717942341049165,-0.0024843443915666397,-0.012039986159778304
2024-01-16,-0.011503836074221674,-0.005690284431452253,-0.023826776090183466,-0.006914913503719755,-0.01007936365841644,0.0024968761873569445,-0.005494629648737925,-0.006069820249658964,-0.010896898197265137,-0.005978132779741574,-0.0011497979428780614
2024-01-17,-0.007273583579646581,-0.006131380068511105,-0.00830122568460201,-0.00187464626322853,-0.006757945254408981,-0.0049293506589467295,-0.0006905814539146515,-0.018320559245739165,-0.014529773613542574,-0.00200431728764483,-0.008747556898316855
2024-01-18,0.0031749764588011598,0.012201716665381612,-0.0016243179979696931,0.0016099029746070581,0.01351716213003784,0.020284667205561435,-0.0012439056352083755,-0.0064801976314246,-0.010693523569582197,-0.00014372897963677023,0.0056897567225673296
2024-01-19,0.0009739282865623977,0.013544603805274447,0.0032537161949330873,0.016072941969939247,0.006534222675086188,0.02305022762272846,-0.0029060613482402298,0.009653127283222096,-0.0013101629091171185,0.0005739758377876214,0.009640745466958256
2024-01-22,0.002918458142088909,0.0020046026732432054,0.0037421357469431538,0.004745460981094185,0.007736671085954772,0.004396374087474619,-0.004857889332393062,0.00465130908656608,-0.005083742093044963,0.004374296499302099,-0.004402689466487475
2024-01-23,0.0032739403936159484,0.009869254316623666,0.0021126480012578774,0.0015743147757121267,-0.000794088238123547,0.00402868465974926,0.010878698823715727,-0.005401262642716009,0.0018131216143393303,-0.000714076603967051,-0.0024120622940606573
2024-01-24,-0.01353632612830935,0.006207095937014628,0.014260888591370202,0.003929910865259956,-0.006182154366441095,0.006885976938728611,-0.01227922851607377,-0.0137058018438031,-0.013655828820135163,-0.009144901470747646,-0.0037996634517297734
2024-01-25,0.010536690683535577,0.01627514879488401,0.022496680431456806,0.004958181189598676,0.009597494352100666,0.004182013344518065,0.009638076355505953,0.01363403712261202,0.018015026654765176,-0.0015140825205808284,-0.012367160767788099
2024-01-26,0.00036354475821620547,0.0032286152540186297,0.007413544593717347,0.0036353826272514933,-0.0015846072975078673,-0.011513974890320688,0.004842320210419748,-0.004397424177408293,0.0029493825700876997,0.0057046619086833505,0.004564166335392583
2024-01-29,0.004969050610514891,0.008367707244181899,-0.0014243266149480682,0.0025872668749844507,0.0065239184203473854,0.009169864952730755,0.005782849112277777,0.0072746558673655315,0.006371392502939388,0.007036785871430418,0.014620274208941852
2024-01-30,0.004582961448766243,-0.0067662045739974586,0.010341097058141013,0.012645340350234235,0.0003505839964093038,-0.008251501765871194,0.0056124908677079866,-0.009285609882191959,-0.00032447094625076556,0.002281661154120318,-0.0005742737329801351
2024-01-31,-0.013085166934252879,-0.02467882493598239,-0.0187057113159107,-0.01223263624279769,-0.011557842799746698,-0.020998429397111273,-0.007350990462652751,-0.007289807759264133,-0.0021111027920377445,-0.001351750887533698,-0.0182089442386979
2024-02-01,0.016664435449234016,0.010279444661435155,-0.00011992196815147071,0.0015480158450809078,0.017007748771646236,0.012596134888498423,0.020433352928821646,0.017571577282153417,0.019039855422188667,0.012964790544770732,0.019248917567946666
2024-02-02,-0.005862510685207045,0.04017763183437095,0.0014386463629498802,0.0041216618556876305,0.006706715999077906,0.010341125533627205,-0.0032253592496108707,-0.012629039466980463,-0.018045285566369085,-0.001476821071081269,0.017851945072064224
2024-02-05,-0.025394145249641675,-0.014045804375937054,-0.0025144561102049545,-0.005900518117499032,-0.005450812136071126,0.002274532446164379,-0.006201841902796934,-0.01983802651954525,-0.02081654376637354,0.003098894800770413,-0.014098686331918575
2024-02-06,0.01765860026387256,-0.0030528279503713174,0.003240993429636685,0.0020645536819114962,0.008960477388137322,-0.004587994182212896,0.002306357594154207,0.015179654273698162,0.0036539474521624093,0.010882626695979614,0.006063247554589868
2024-02-07,0.008008834457629455,0.005103493842771423,0.0020340368376972062,0.007468638642992298,0.006639126876393453,0.013232744316379996,-0.0009475559221422403,-0.0005246156163063453,0.000661978333684532,0.0027085558882489202,0.011200853425300972
2024-02-08,-0.0013242962377111311,0.0038079864915998574,0.010268681100240373,-0.003834475190275244,0.00017118231084656266,0.003130651118649297,-0.00027095567097157325,0.005511733088995774,-0.007110969510288223,-0.0017315271679059219,0.004385720637088308
2024-02-09,0.0021697032344012435,0.0011381018390679287,-0.0153647786778629,0.0028225831783526,0.0015415904853754991,0.013458128309331796,-0.009215209301350002,0.0026103909403396575,0.003830709773439578,-0.0007633560940785156,0.007109463098430524
2024-02-12,0.007938418463204755,0.0031579539908828114,0.011043213704997168,0.004606020311554104,0.0014536718979472063,-0.007602151301577931,0.007112298119765326,-0.0031242492101851704,0.011614461876591209,0.0013194614459237641,-0.0008335943718031924
2024-02-13,-0.014081119158435684,-0.014102398726317689,-0.010091311520074586,-0.013499738242670256,-0.010246018151848224,-0.016968942264787956,-0.010729245070071003,-0.018281420984229024,-0.01656549020798259,-0.009292707886774498,-0.01991663676349531
2024-02-14,0.006415016157938824,0.01596431106819618,-0.0009595243559687994,0.00955323584002965,0.01673573172634657,0.010455911737594636,-0.0019221702390018747,0.006650756255083712,0.005503568831425998,0.008679962912452321,0.010558105726697242
2024-02-15,0.018881585023359237,0.008170709914543606,0.027851160212380544,0.0171356088910255,0.007466428587266538,-0.002098886393524513,0.006465125196176258,0.024048644805586106,0.01675226285303566,0.0072864125530471835,0.011570959394339386
2024-02-16,0.005311618955119224,-0.015585814021441435,-0.0005841329570877019,-0.003520305175856442,-0.00597940251980944,-0.009195109215769715,0.0015032910933712174,-0.010322786870162193,-0.0011418378775090998,0.003238210093447158,-0.005941339023378567
2024-02-20,-0.0021136835078960914,-0.001519934595491157,-0.009115213120434063,-0.0027754763671001825,-0.003134829896831115,-0.0101695498041805,0.010507684536357864,-0.001564515124164445,-0.000653329286282367,-0.0033650213976552656,-0.009440362969678318
2024-02-21,0.005530232571639981,-0.0011418104312510557,0.018752136396755104,0.003036292022789322,0.003994581925958363,-0.006283978810600055,0.003646265018683259,0.007312761713774041,0.013237551213583165,0.0022049402710448973,0.00738747011549723
2024-02-22,0.010063055657260955,0.014986134798919304,0.0017364113519957591,0.011604451117321668,0.012359189168424933,0.03272285015648091,0.0030946074105282495,0.0025927938286431917,-0.007741926490820283,0.011756713081536141,0.019424450411946292
2024-02-23,0.005908371155857406,-0.0025026742265323865,-0.006587285584664371,0.004987523068365141,0.005268105831018666,-0.002332773985101788,0.003085060359876657,0.0012929379723696233,0.007152214579027483,0.0047567442369571555,-0.004502830215020515
2024-02-26,-0.00598886964370049,-0.014550789578033685,0.0034901726820926182,-0.004962771132856925,-0.0014972852374863788,0.0009742116282309699,-0.0040116156971856665,-0.011363863261065643,-0.019690158572254424,-0.005139990948457074,0.0030890588869112445
2024-02-27,0.003707577843967691,0.008146461028619045,-0.004289277130340774,0.0027430441389242333,0.001499530462310661,0.0008758693255390693,0.00013425911922970712,0.000783688030500107,0.018933148937035682,-0.0024473910520669273,0.0032993058921906293
2024-02-28,0.0031166329708132157,-0.006817869856237557,-0.001979426790991723,0.003730630579582783,0.003410206590399145,-0.004716358831603706,0.0010738199837778684,0.012790572106924136,0.0030699728946845806,-0.004974898839262276,0.003946505482536056
2024-02-29,0.007595122176806246,0.00889912131955617,0.004899749632329975,-0.000495744735390713,0.0030675248950102763,0.011138524021936602,-0.0016090565312731897,0.00798961229574835,0.000322027755719434,-0.00815002679359822,0.006769659415915896
2024-03-01,0.0045683103495473,0.008316203445821513,0.011608993541083246,-0.0012394381748718208,0.004297274491807057,0.018262490186744085,0.00013431321755263959,0.010994720191605412,-0.006118986529932036,0.010495775791470319,0.0033076393855140385
2024-03-04,0.007275876329101427,-0.013121520936753117,-0.010672438220593494,0.0024820505844358465,0.0036209055671068135,0.0,0.0008057710796092188,0.011381029973436041,0.016850050514551018,-0.0015035517242573126,-0.013511856471256412
2024-03-05,-0.005304724115454795,-0.008104363629475086,0.007423734323151798,0.0002476394088644085,-0.008199417749820581,-0.024577738008822902,0.0024153670059474663,-0.012753313194935445,-0.002867952275060426,-0.007459489739597536,-0.012437137220345895
2024-03-06,0.007375525978364772,0.0014041764324739248,0.0031087012671191516,0.005197869440427549,0.005208373666012012,0.007928839588889014,0.008434065606243157,0.005572501105948646,0.009587684364013915,0.0068263332847717795,-0.0035507345523334566
2024-03-07,0.012277657760682015,0.016190838411838104,0.008494060387860491,-0.001477398304891131,0.008059870698701621,0.01578111605551502,0.005707891005217514,0.0,0.006489407184023799,0.004656776422124365,0.007627703913423156
2024-03-08,-0.005786109123198546,-0.0015056391950809545,0.0035282642813563303,0.0017262465331677745,-0.0022028031554779393,-0.01487078679241638,-0.007919552805878749,0.011838483175891756,0.0025161375067961345,-0.0018404944405666646,-0.0037020677088224208
2024-03-11,0.011303795630709379,-0.0018843211061086995,0.010320961539051599,0.0017232717412987153,-0.005151242609521933,-0.002749004730548399,0.005455036701498939,-0.004978633602992111,0.005019580950646585,-0.0005463412228134956,-0.00271742317566126
2024-03-12,-0.00011078987722223932,0.008811644191500267,-0.0015714921711177388,0.004178055238678535,0.00443806524680479,0.020504899397760123,0.005160581078469839,-0.0025018750945265955,-0.009676804638137138,0.00464638482300006,0.00861956995283819
2024-03-13,0.0098506460963379,0.0017468768248554145,0.01596578611305821,0.0073420833104616,0.002700410787576324,-0.010804706090840277,0.0025014348472660597,-0.006270427004392842,0.006776995031278821,-0.0038766479012217747,-0.002095130786419541
2024-03-14,-0.00526069281429975,-0.002366766573829504,0.01029230505676848,-0.008017398243463592,-0.004243655072755703,0.00019168135544012088,-0.007747890131472257,-0.014134144316200303,-0.007983765717644031,-0.003550544266469058,-0.006353918637880707
2024-03-15,0.00044050491824099147,-0.009988861278420136,0.002957415781368322,-0.0009796894800209177,0.00016398256495042673,-0.015087658323663211,-0.00039702035260169577,-0.0005120956271202903,0.0014202689582074601,-0.003974408632935189,-0.009953119321654658
2024-03-18,0.0018238198763589342,0.020537271490899123,0.0034571434916477184,0.005733657531969527,0.0017753265407609575,0.00491501767632907,0.006428555105556288,-0.00015484503803819827,0.004607625312511576,-0.00011702431359905674,0.00763802718692963
2024-03-19,0.0001103147530978621,-0.00037168402676279744,0.011411112288068459,0.004893489903705861,0.008615146492193526,0.005186477541243573,0.003710713385687736,0.0,0.008856527389532909,0.006628884675714319,0.00865825104126361
2024-03-20,0.010038672383740233,0.011776403929076418,-0.0014102077583749706,0.011930998123745429,0.01203936823558327,0.011187794510018723,0.0030365934415486073,0.004126995966662994,0.0012539572002807642,-0.0022636396467552444,0.014897021807232624
2024-03-21,0.004150272370555319,0.0003674944638969446,0.005974743519239878,0.00818088340516021,0.009886574636785328,0.0007153453252732866,0.0005264675972536104,0.003853084623806513,-0.0015655467541161316,0.0013061462219736697,0.005838915593917138
2024-03-22,-0.006199635080185395,0.002082086280300821,-0.0021596024181433915,-0.011455896731685677,-0.0034223626462747125,0.00033359409640065785,-0.0048677919722706076,-0.011770953560953479,0.001411271122941704,-0.0013730345591639326,-0.008734340867999846
2024-03-25,0.0003283001498222138,-0.0034222325878988658,0.009307233504984413,-0.0038628850561852612,-0.006469135202055498,-0.00662180622997488,-0.0027761199236162604,-0.0038840138942017877,0.004697881834669015,-0.0013753564126277595,-0.003283932254121602
2024-03-26,-0.0007658690310169414,-0.0020847036094053806,-0.0077202625124719315,0.003393131701907137,-0.003617456341609593,-0.004124364706364347,0.000530236490593694,-0.004158861501842748,-0.011377885337776061,0.00364919802180097,0.0012631359407244691
2024-03-27,0.014343528408317985,0.00516168941701034,0.009293241181664191,0.011835705504286809,0.016054947277722276,0.005104587982574849,0.010467686784794594,0.025319766254804588,0.027904707821088337,0.013308646311205097,0.011571116413155558
2024-03-28,0.002698586126778313,-0.0015895478727621093,0.010813761620398488,0.005490594776243585,0.00015876278677540157,-0.0021560831871118014,0.0013111638694291994,0.00636430962048129,0.006901964704426167,0.00013526175714217992,-0.003090105563746226
2024-04-01,-0.00236830992353787,0.007714942562159877,0.007414470877610269,-0.005460612764324746,-0.0077008287435138545,0.002784880415747981,-0.007988258590388209,-0.017454921792386613,-0.006093012201728976,-0.008529098069244623,-0.007450007935683622
2024-04-02,-0.0036689675542929123,-0.0015796999538296719,0.013983786445799895,-0.005251779353331432,-0.004640370647031489,-0.00962419513511803,-0.005148603633873705,-0.01107116078085757,0.001685921520501843,-0.015566116614316283,-0.014738205138602578
2024-04-03,0.0059569428532657565,0.007911186915719126,0.006843645030136791,-0.00047986928070020696,0.0051442760073938665,0.002659123431350441,-0.011013909222058138,0.0005207494794099432,-0.003978086009129411,-0.001109604834891309,0.0007228727712860206
2024-04-04,-0.010120611199646579,-0.013524901518485843,-0.0006179054888552082,-0.011284656220587053,-0.008796547421497491,-0.015815637645686942,-0.004293656255369593,-0.007806326326696533,-0.0019969871913710913,-0.01444154396102404,-0.011724790110504646
2024-04-05,0.009027608402194298,0.010160451737973863,0.010717151515730494,0.009470658421786293,0.013876542725287822,0.011464373287286556,0.001617186161118278,0.006556471610047243,0.002924681349628644,0.008946764787237882,0.0055665292504731845
2024-04-08,0.000754558936027605,0.00012116213035961998,-0.006321391480637373,0.004329969921590182,-0.001750517587225553,-0.0011624251497007743,-0.00147994600118051,0.00859817738902402,0.006598929840213152,-0.0032117478103046437,0.009505586642586827
2024-04-09,0.0023696706751352714,0.0010905163597803025,0.00030785327958038344,-0.005748434226094612,-0.002311677650200461,0.005043362531445661,0.0048504708217946835,0.012658377440936786,0.005488567785119081,0.003572307415431464,0.004708126576086213
2024-04-10,-0.015581380665488753,-0.007867329970174364,0.0030771682210322115,-0.014936225074859255,-0.008549125243844768,-0.012255726704549441,-0.0036203199558205723,-0.04107159528727644,-0.017133939675020415,-0.011726218453719683,-0.01543633036588632
2024-04-11,-0.0007641134647907721,0.008783636659044802,-0.00071584485620102,-0.007092133760854158,0.0011283506982013858,0.019979543155638213,-0.0024222440289617397,0.0010642185366354084,-0.0020056755221818934,-0.004096263473414297,0.00806319679380052
2024-04-12,-0.017697192498893455,-0.016447007968925398,-0.016270981780362237,-0.013300453709736981,-0.010706018354022517,-0.01618774078922136,-0.010117370614363685,-0.010364068825614248,-0.007574571011603304,-0.014892529270010169,-0.01621959192805711
2024-04-15,-0.0047821338140334735,-0.01266450954234577,-0.0093621929881188,-0.004992631005868109,-0.0071603976579809325,-0.01898543685047871,-0.004088201581564976,-0.01745438264733601,-0.009189945397148902,-0.0020155605225983253,-0.016656174225108566
2024-04-16,-0.007710242943936407,-0.003362306005935567,-0.008715754487843452,-0.006773639367780304,-0.00229466359039443,0.0011907859286814926,0.00041057540987909924,-0.015304796558940792,-0.013205651350871261,0.0003604166854027646,-0.005684469153614091
2024-04-17,0.002252279000424906,-0.0008747184884176917,-0.0028603193349799882,0.0025258020531941927,-0.005174916002610441,-0.01442301211596142,0.0036928919614269695,-0.008326201733599436,0.02086992357410211,-0.0017303099434045066,-0.004850887556786643
2024-04-18,0.00033713164759197056,0.004877391170132306,-0.003080732294084121,0.003527451709771867,-0.003467954835141507,-0.011415753989180266,0.004633470523905503,0.00027984745113052156,0.005618090958293909,-7.227346088878317e-05,-0.0062090673217546355
2024-04-19,-0.0007863457110269811,-0.010952167821508207,0.012041887720911193,0.013808746929057536,-0.0018228136687813423,-0.020602326086317513,0.009766627736917277,0.003917111072584412,0.015363076176531099,0.0037563255249553062,-0.008758474942509809
2024-04-22,0.0010118497481561572,0.0013843281939018848,0.006528312906842082,0.012134674752487973,0.007553657059383712,0.00893380422521739,0.00953794928741214,0.008082445750656975,0.009169878085947047,0.0038140493901279715,0.004417931816366183
2024-04-23,-0.008646880091366271,0.01520489062985253,0.0055446836823771495,0.00636175826050156,0.013923327375656491,0.014826138208323014,0.0027944349789699174,0.009123642274806887,0.004694919336039272,0.013048795141598957,0.011905505058511068
2024-04-24,0.0006795828119621206,0.0006187832227371182,0.0007281972160462225,-0.00024332384969705245,-0.00796289622558033,0.004565538548079839,0.007563636518899797,0.0038356614456938054,0.006029518017033997,-0.003113879649445095,0.009562920401142705
2024-04-25,0.007131581411033983,-0.03562586340555707,0.004574174675502585,-0.005836505891611443,0.0030305018890344204,-0.002171342030770629,-0.002370458294607025,-0.005731396566535318,0.0026971182980282116,-0.006673627184605735,0.0008611863456535751
2024-04-26,0.0061817315532648465,0.02757826526462348,-0.009210473488988402,-0.0014678129586915833,0.0016331927409014568,0.011285424824180934,-0.00211230482604996,0.0008232984837650559,-0.010908504526324636,0.00028592326992460393,0.009005395316250997
2024-04-29,0.00837809397609135,-0.011608916065642294,0.00678919308682957,-0.0014698742280316868,0.0066851912556979975,0.00430372111726296,0.0031750045254590464,0.01124525337585025,0.013597219496339852,0.0033581588873039525,0.02325057088474991
2024-04-30,-0.01816770620082142,-0.016670801779463118,-0.02977491053604453,-0.009813586257736318,-0.01587322972419314,-0.02202405527758189,-0.004351907014479739,-0.018443127145920002,-0.005216999845420789,-0.0007120435605234565,-0.024333443900191876
2024-05-01,0.005190007729855894,0.009247096920406594,-0.015932275263324636,0.0,-0.0024686426398106143,-0.01024098311170385,-0.006357579146373249,0.0005526937074631366,0.011537312600075733,0.0017814897802472807,-0.0062634425512274605
2024-05-02,-0.005163210626791925,0.010053727901232046,0.005759080498452196,0.0024778092738939606,0.005774680081558348,0.0144135591742649,0.008397725150112834,0.01436063213447647,0.005332591657512431,-0.000711171522334797,0.012606107786315768
2024-05-03,0.010154561330680378,0.010583116575091811,0.00010799160740870839,0.0022244289120532112,0.0069717639665378695,0.027859584089011236,0.0030404192977782074,0.00789540289807622,0.007956458939703648,0.0024913772978987225,0.0067337861975909075
2024-05-06,0.0060315605199283695,0.01358925721902815,0.007885962633315646,0.012823633445271598,0.010100265686459942,0.01175026524649514,0.0005270920210225238,0.00027031658043563667,0.005116099234972804,0.00404732173804101,0.01067945703718931
2024-05-07,0.011879520847000835,0.001107111154709406,-0.0009648259569216,0.003408829239379463,0.002741604792410479,-0.0032693550577505004,0.010932775014675045,0.010531886695822834,0.011343907259853792,0.008274630359887736,-0.00717413301269576
2024-05-08,-0.004608236795875076,-0.0015972641033918933,-0.00118023484457086,0.0036399092132373134,0.0,0.0028394768457016273,-0.0029969472935974517,-0.00935339639953725,0.010497571834748198,-0.0034371511417782274,-0.0037530941884882374
2024-05-09,0.011133188596782917,0.005045443888613832,0.01342659871816898,0.0074951972033352465,0.009971931304108672,-0.00029285265264378246,0.008625434798697373,0.02373902672722994,0.015226964299913659,0.008587026112965468,0.0068035454442270105
2024-05-10,0.0011992159325167062,0.0014695562743454182,-0.005511267608790726,0.0038398039059452937,0.0007166109979450663,0.0037111572645525115,0.005700767846402055,-0.0036889999242288862,-0.0009813766272540603,0.0020234153639042685,-0.005361498886981897
2024-05-13,-0.000653412782387508,-0.0018340349284140522,-0.0026644617542818105,-0.0040642741406325955,-0.00421704139269008,0.004719380208164647,-0.002834330290626408,0.0026445249636999346,0.0,-0.0009748790056454126,-0.001291472569711516
2024-05-14,0.0009807600147115902,0.004531990878420045,0.001282208948867547,0.005040828901054617,-0.0002397728478317207,0.008861495655005713,-0.001938090037626905,0.007122354409777598,0.0026660939182583387,0.004252287893048212,0.004553913771532914
2024-05-15,0.0017415773056024264,0.006340755105335605,0.0022412743416664327,0.007403995769360128,0.0065537532321280345,0.022511353397355993,0.0006472845081990641,0.01702454338864312,0.014973394675947826,0.014855044401795858,0.0015111477758722458
2024-05-16,-0.007171581255476012,-0.0007270740041513957,-0.002768631426720791,0.0,-0.005955349150086331,-0.0034737160586756355,0.014230319191226304,-0.001802750978216805,-0.0034469176136854296,-0.0011627870576575994,-0.006482269547821828
2024-05-17,0.008536845291570172,0.0016975825337388617,0.013988237992498265,0.007349392983283964,0.0011184363478839998,-0.0022138714543863403,-0.0024236219465785247,0.0,0.0008300007629875594,0.0019172874354398406,0.005118519694431889
2024-05-20,0.0014105919770850406,0.002905196145416955,-0.006529086858841238,-0.013650237466080184,0.0019149896132866218,0.011755088141092829,-0.006904474305880703,-0.0061919328466452095,-0.0016586248660709346,-0.0021187761557162066,-0.007442710328112945
2024-05-21,0.0,-0.0013276635318584251,-0.004876041522262287,0.006442404338264707,-0.003265164354021577,0.0016331805762697105,0.005922381107290375,-0.0007788404788368064,0.009000319892439101,0.0017123045201876685,0.006427252558605767
2024-05-22,-0.009752997893494042,0.0012085885881178982,-0.019173322542199167,-0.005690018102780137,0.0011983922959812876,0.002236148770589752,-0.003967530802803321,-0.008573604627063802,-0.01180201764188249,0.0017778994025756667,-0.01041956853642334
2024-05-23,-0.008864002626808198,-0.011347132001543025,-0.009122470133140492,-0.013829247091834085,-0.011810581322998503,-0.008134326680460768,-0.011822033263197307,-0.021226541064970572,-0.016942095118827827,-0.010920772907727971,-0.016190188424688112
2024-05-24,0.008722388289159833,0.01282033552176487,0.0014250038887648753,0.006044418759355574,0.005087446527186179,0.00843544709766908,0.0026007124918721036,0.0,0.01002948956191041,-0.00338143069727892,0.010069464160657127
2024-05-28,-0.0038308486512744766,0.0016878536686240064,0.010287692021889061,-0.011054894884900968,-0.012212669767704631,0.004228760367421369,-0.007782107662853255,-0.005890156633045152,-0.000978728433395526,-0.01211759078822694,-0.002449489012125494
2024-05-29,-0.014284269233848623,-0.005295220754685803,-0.0176579711932614,-0.008019571168471962,-0.014153307788439484,-0.006339812944090584,-0.007189618633597017,-0.009426340686822687,-0.012879593444495074,-0.007780078225548381,-0.006567267440438562
2024-05-30,0.008137432667570499,-0.003267082197610627,0.002867339213431075,0.0053896352086726385,0.006848273817000372,-0.022819303325898432,0.002633349111044847,0.014410158973841014,0.013473117071078455,0.0004945409303411807,0.005920857344281938
2024-05-31,0.012052037813354177,0.010682380543486136,0.02485151587512391,0.014619754392190432,0.01212816137425965,0.0015727538584238143,0.015627079712652536,0.019833820281203618,0.017632286279012588,0.014615731843490742,0.005600316511871872
2024-06-03,-0.005899680226433501,0.003963282804643864,-0.026180092978543068,-0.006243929408103477,-0.012225724748061273,0.0025217487595299293,-0.0003879603323561076,-0.0039420890871556535,-0.011413705832117538,0.007028250280214143,-0.00045462986198685496
2024-06-04,-0.011100065908111856,0.003828493222062468,-0.009585991827371187,-0.004591515151515124,-0.0024591225231810343,0.0020883968191589553,0.008666318788885796,0.009498220477953456,-0.0004173079542607594,0.0029025466288690183,0.001023382449692356
2024-06-05,0.006890387323661207,0.012155767643228899,-0.00011119929845815335,0.002913436505564748,0.010106922035180377,0.02221394999698445,-0.002180020846004438,-0.0013066042605398565,-0.0057055521865656544,0.004547664462591916,0.005849902785088457
2024-06-06,0.0011038096574242928,0.0005887119789413919,0.005229210499430925,-0.0004844319918240192,-0.005938390949347894,-0.0033361586932944,0.0030845221725102068,0.001570211624205342,-0.010357061371422782,0.0032922817458813647,0.007283999950586706
2024-06-07,-0.010033138100772887,-0.006825169657211139,-0.003984413419754973,0.004601714331283313,0.0010638629198471694,0.0023244640284232343,-0.004996677710731978,-0.007838749625246,-0.010889267290228322,0.0010937181713661648,-0.004092002651112536
2024-06-10,-0.0010022315083253464,0.002488006288178468,0.00755613096811647,-0.0038573922840775543,0.003106408839736341,0.0025510811113778065,-0.000772516238067622,0.005003746759101757,0.01286817116555694,0.0036880877889913233,0.0032082930204277993
2024-06-11,-0.00033450072672602804,0.0018911698018448941,-0.001985086288014193,-0.011374592671374084,-0.005704496783626611,0.018598174383997135,-0.0005157199741092633,-0.0031447520371579163,-0.006069994654395838,-0.00415065768499312,-0.002637125613173974
2024-06-12,0.0018957257124183613,-0.0021234002969848786,-0.01071939600934746,-0.0009791002023877837,0.009507287106410134,0.022119176749523906,-0.010959129442808635,0.007097906201422699,-0.0065333738051539525,-0.0021180521597435886,0.010407406059307789
2024-06-13,-0.00033371473841725674,-0.00862996440879571,-0.009160027096134615,-0.0007351171314584626,-0.006413883800224229,0.007909901068556158,0.0013034722487297312,0.004959659453349863,0.0022874073526037986,-0.0008217673584712815,0.0007794784396850662
2024-06-14,-0.009241801460412313,0.003219756808555685,-0.007440733532283472,-0.003187851013545684,-0.010050570574090534,0.003747392562824192,0.0018226950458595237,0.0007791388542350841,-0.0024246291200933356,-0.0003424954192454699,-0.007899894274454144
2024-06-17,0.0074174046791983805,0.004754481025017299,0.002612342844177773,0.008856127128276325,0.011060523917508558,0.015153383739634263,0.009486716464375267,-0.005190851185740475,-0.011009611326867175,-0.0010283791982234058,0.01755177890497639
2024-06-18,-0.0011157192753703526,-0.005914886220520832,0.004191727224177821,0.0063398485346863875,0.00538833847444975,0.0012548416340782964,0.0012874028480474031,0.003913399257835293,0.00043371795893976106,0.001303853536962718,-0.003361801534341402
2024-06-20,0.0010052955127792806,0.004284106130788556,0.018389165444866684,0.005330867423877006,0.0006495658505505375,-0.011235414838509872,-0.0021856260826388363,-0.0025987982243297347,0.008670832293328878,0.0032893491665662022,0.0012719203569373505
2024-06-21,0.00011155783393412833,0.006517547553133607,-0.005760453779780295,-0.0038564621982221103,-0.0021098778107373484,-0.0017482966146243895,0.0007729103073710331,0.0026055695739117812,-0.005874053998571327,0.0028005890076341355,0.008449218105007095
2024-06-24,0.006445129796462945,0.0033521635810214168,0.025214732337974555,0.010275232152171299,0.004251331472526321,-0.02451644827173516,0.010663351632924423,0.0067464942017705365,0.013147299302634696,0.005832992926708691,-0.00426950892745237
2024-06-25,-0.012696353807227445,0.011176447027818615,0.0023005743171156112,-0.007453651745733203,-0.008531800459813721,0.0183437957760042,-0.006417672794810092,-0.01408062522543474,-0.0094636824844061,-0.0031272236354452643,-0.004023453963281298
2024-06-26,-0.0006767426724711978,0.00011647336770725936,-0.009837212897563452,-0.006298506133767812,-0.0027043562336256377,-0.0011479096772497588,-0.0020669902452005173,-0.0013225459271103412,-0.004198011634409804,-0.0035463566677005343,0.014498394698190253
2024-06-27,-0.0028221160899902786,0.005700276875252097,0.0023181865062449347,-0.0012187963442794603,0.0010682627822335977,0.00048621484436894846,-0.0042718360709650405,0.009004301209065257,0.0017444957427774632,-0.0016425804360891139,0.006109186184749982
2024-06-28,-0.00033955875585889306,-0.00913808426362106,0.0038547082444371217,0.003416966294004453,0.00041040222306665264,-0.0005302079866904563,-0.004420114411264886,0.008136374750812525,-0.0111740824519726,-0.000822695356469838,-0.01111414696057611
2024-07-01,-0.015400256904785303,-0.004202779303928983,0.0005483683937983486,0.0021892975575545925,-0.01074905122590819,0.007558721853641481,-0.007051453739404634,-0.009632719919067445,-0.006897629093039037,-0.005625984927554728,0.003399177814051413
2024-07-02,0.0018402028643267343,0.008909656034834512,-0.0007674719297694477,0.011650429665350348,0.005474276776055609,0.005001299016733407,0.0069699694828249115,0.004205877982343287,0.005172049382633936,-0.0036569390893760323,0.019451502368487583
2024-07-03,0.007461803599574601,0.00034852084584646725,0.0043893270011430285,-0.0031190302492440924,0.003629841692065483,0.013488670353240861,-0.0016978210167365448,-0.0010468539656712794,0.006027794864634339,-0.007617564782994135,0.006377933754927456
2024-07-05,0.0015952597584665273,0.01939842731596264,-0.0156233389156053,-0.00024057451948988895,-0.0036167135942728468,0.0030581811861394304,0.012297262081762073,0.0036685702854073465,0.0017536733654410774,0.007745806690405033,0.008148337675622619
2024-07-08,0.0029579322880763925,-0.00900185691872224,-0.0061042296815145836,-0.002648088448587882,0.0012375589296880207,0.006827537802040817,-0.0015507663963882923,0.0023499575489493996,0.001021341329627834,-0.0011080534443382861,0.0004752811671291379
2024-07-09,-0.010208813216064372,0.0031045838430676653,-0.008821999045846685,0.007723897843586736,-0.004366921117002431,-0.0008102696613748739,-0.002588728351654579,0.00026036551231278793,0.0029143057341682876,0.004852770770823245,0.0033265321905406875
2024-07-10,0.01340823189613749,0.006304344351134361,0.006759973314985901,0.0038322544011750725,0.008937499373061986,0.01451233581795397,0.004412187816679847,0.007031303225069951,0.009444961775943339,0.00945152830073881,0.007525493669044092
2024-07-11,0.013683114057007062,-0.013668954173081116,0.0104071249737141,0.007874037097487241,0.012713252720236712,-0.025033539462598786,-0.0037468718045627902,0.02663570340516408,0.01828120781763798,0.007039518446787296,-0.012692606387757932
2024-07-12,0.009593994647963955,-0.003233640877553734,0.00254750455272168,0.003314509676596522,0.005750364666694763,0.008932814538538336,0.004409534194028453,0.0073048101381854025,0.007351024279834695,0.006243516229536228,0.013067519874289335
2024-07-15,-0.002541498719484059,0.003591642577811971,0.015134680985504412,0.014629324942987632,0.0071670581961447155,0.0017964636032041792,-0.005810374887470049,0.004250940794411129,-0.02427736216774068,-0.0035071306213459996,-0.00114894257664222
2024-07-16,0.01938637398022003,0.002655288460760241,0.004461902433815945,0.011395565632053462,0.024946060729372332,-0.0033302879566946553,0.009610357777052991,0.009462159417032767,0.007766335932764434,0.014281111897968879,0.017932707360816424
2024-07-17,-0.002064707194503357,-0.015083392319526712,0.009967586505916337,0.007587880690336224,-0.01279359841795491,-0.03889644333423692,0.012863415203256068,0.008880152107501482,0.0005707998444439699,0.00453736119115411,-0.01669235342939157
2024-07-18,-0.009909786498551898,-0.0005846116799567147,0.0018236572749903424,-0.012094946839427356,-0.007822960930739087,8.917471244429542e-05,-0.004952889400104854,-0.008312918310249051,-0.0008555969115674467,-0.02271830886344861,-0.010185430869539935
2024-07-19,-0.008908881991642636,-0.004444882266117167,-0.010922112013226126,-0.010163976834930866,-0.005495388755218378,-0.01564316355968287,-0.0033187014143916116,-0.0012328763572655443,0.001141925463598037,0.005097784741180167,-0.008918111179478827
2024-07-22,0.0033293268725502756,0.00422975625147437,-0.006278980691985847,0.005600906620983226,0.010170590586038086,0.023679032551284118,0.0006404312727987804,0.009874287416254957,0.008413066561160143,0.005748590333472192,0.011021819818303191
2024-07-23,0.003981760506218679,-0.0014040714060183923,-0.015905987014778078,0.0018565400843881807,-0.0019026263733192827,-0.003980479596519926,-0.003583261479080835,-0.0017110821230464923,-0.006221881836535492,-0.000605249967390864,-0.004476713295631374
2024-07-24,-0.01277950382786086,-0.026127583941944255,0.00011075861882936522,-0.013666882813226144,-0.02152502745491669,-0.04138548179127588,-0.000899088124889591,-0.01371192153233236,0.011240924567044397,0.008342827600882785,-0.040892927728924056
2024-07-25,0.002789904980833313,-0.011549485974064244,0.017268303670428864,0.003757737553771179,0.00803633130458703,-0.01070029679697071,-0.001156893404568371,-0.0054618818667531155,-0.008301678090019249,-0.00500434878013889,-0.003916140267455903
2024-07-26,0.0163587799144711,0.018743739973171136,0.0031553701080568874,0.015676124611379016,0.017072041319012854,0.012688981527199328,0.010167320125239687,0.016724842283886376,0.009789871052684251,0.005633039349154378,0.011185550751649176
2024-07-29,0.001751777614022565,0.008841229983486132,-0.008569106058211262,-0.0013821408126359902,-0.001741828572638715,-0.004438585481178037,0.00038215801180996323,0.006383662874140494,0.004496496938766414,0.0006002453185633971,0.01670222888002182
2024-07-30,-0.0032789362697035473,0.004026482040074386,0.015536008354420483,0.011533871805454288,0.002934536349955774,-0.025125495658508412,-0.0067499297644916245,0.007318769383744872,0.005175415899267177,0.0008661982477191632,-0.0055477508529901964
2024-07-31,0.010417845802139114,0.011913106539890528,0.0042015349445401196,-0.0025084992031368936,0.011150781946867916,0.04235141799467357,-0.0017950766682517383,-0.002421962653476939,0.012941801854780222,-0.0036621413446713547,0.015490546985988285
2024-08-01,-0.004015774974080122,0.004079902818981518,-0.026499281884799664,-0.014174638839067444,-0.01853593978281387,-0.03729429792418171,0.00924852705148771,0.015537820876601272,0.01799697030942915,0.010225308955531753,-0.024534699616657663
2024-08-02,-0.018851416713440816,-0.016252847189845654,-0.025787874659933596,-0.024582496399640497,-0.02199381517425425,-0.02810474446068023,0.008782006682023447,0.0007171509763750361,0.0016194854409774528,-0.001984760450801093,-0.03679807362391463
2024-08-05,-0.022323437418104497,-0.028675911407002985,-0.022058698030989032,-0.02900603403838986,-0.017355172579683664,-0.033313870265352485,-0.019681982945276455,-0.02890590610731436,-0.02640799821712314,-0.026713599539841093,-0.028269877983055358
2024-08-06,0.005111945162281195,0.011784768165849613,0.006130589098215289,0.016160378562334543,0.012023229802073043,0.013592850231710196,0.0069497084020109234,0.0221401549664626,0.008441714217268137,0.004631210291121679,0.011041219176788575
2024-08-07,-0.013562374238294317,-0.005283332973178401,0.004024000034136277,0.00120479390895456,-0.004834171129888598,-0.016202414170400803,0.001022480488684474,-0.0072201305332024734,0.005626382694197574,-0.01016882682302489,-0.017449606550757002
2024-08-08,0.015467435011121244,0.019917871717936908,0.021527392948325064,0.016125282835380617,0.023052898244751763,0.037346827728295784,0.009065602089682878,0.008484795611694462,0.0010917018617275787,0.022121819606897297,0.021816905812129805
2024-08-09,-0.0007898003034010337,0.008521774553973849,0.002241988209144452,0.004263292067804292,0.00016092480217499983,0.004494206760186303,0.0015182880007160726,0.005048201248437634,0.00340788896882116,0.004958482165569711,0.0033380404378533512
2024-08-12,-0.004403743172785468,-0.006924109988142746,0.004921087799270474,-0.005188662331522154,-0.005069165136648457,0.008170045327626552,-0.0050538256336346565,-0.00597940688709131,0.0017659397998150972,-0.0038004529015412958,-0.0039577400571605414
2024-08-13,0.009980667536130694,0.012999263661075622,-0.009682718053998784,0.008297689372062766,0.010513612102958536,0.030726777432271035,0.004571465764546145,0.006977691313217571,0.005831415672264084,0.012114225279411306,0.025050266819155897
2024-08-14,0.0,-0.00571605561443822,0.0058441092693375385,0.012226683093351731,0.004081578495750193,0.005475546617982996,0.004550662566417785,0.0035843315494121786,-0.0006741127300775585,0.0035709440687929916,-0.005336967334005793
2024-08-15,0.015833788775465818,0.00903424706868683,0.01195512451534353,0.009291599186681099,0.0134704818144602,0.028764255206838563,0.010318514876491935,-0.002857185492259884,-0.0001349567829852516,0.006260140941477088,0.03191177243482368
2024-08-16,0.0012160444940203519,0.003023285476272175,-0.001104027584921785,0.007364812059584391,-0.0014157731235101556,0.0016739238261020972,0.0027399287184981524,-0.0004775298825475671,0.004453092561892857,0.001047520215153419,0.0023536957022469718
2024-08-19,0.004747783581999121,0.01136099464992002,0.006742609162506907,0.005483270876266877,0.006064446399229428,0.016486079101798667,0.003353523693923721,0.005972361707839102,0.006582406319730616,0.006083676699798923,0.012286416738671146
2024-08-20,-0.0036264848125501237,-0.0006878814189950067,-0.026350594420468054,-0.003181205866666925,-0.002739922436104658,-0.0035103335258958035,0.004951848898139044,0.0009497472237824933,-0.0021354306451800698,0.004031293656760804,-0.000917043248778393
2024-08-21,0.01147026629567427,0.004244244734437741,0.0016915633641145789,-0.0015955897983719325,0.006044451909307247,0.005886023241575611,0.0067751193235914275,0.003321488825900998,0.007088490043907214,0.0016833705769911944,0.012634210376062827
2024-08-22,-0.0020718583856353945,-0.007538568223739883,0.0025891930030570443,0.0057076420496124936,-0.001248527057206128,-0.023007377815403518,-0.0014683259306496055,0.006147990245595425,-0.0011953641050727049,0.0006468703012343369,-0.017275307206876644
2024-08-23,0.013221215927613716,0.0070202116428208505,0.014933710595850025,0.008626646489582335,0.010000091644188469,0.016198506067002905,0.0028181933176720797,0.0192714816054409,0.002792272125583528,0.004328740967189937,0.019315274315167885
2024-08-26,0.004421450635460733,0.0022857986401310093,0.008961118647813793,0.0031511340510770314,-0.0010829136050050092,-0.012546845242809912,0.0070869970198830234,-0.0006917793768260738,0.006496982522016026,-0.0005148315683675131,-0.007771331108086921
2024-08-27,0.00010735314839172005,-0.0022805856804838376,-0.009320161421243034,0.005160312470740447,0.0006194959180485515,0.006059266811138331,0.0024267551400964926,0.0025381248178972804,-0.007904140083705657,0.0015446832018357615,-0.0026286177132022193
2024-08-28,-0.004294088602674551,-0.0066285756615553915,-0.006419541496532011,0.0024553928510484546,-0.00046424350640050793,-0.013798410012274775,-0.004236443814647051,-0.0034522492059184673,0.0,0.0011569024149984397,-0.009681516038287374
2024-08-29,0.005498542426364494,-0.0020708834592295666,0.01303348609711752,0.008906601482522758,0.007045416909739144,-0.009023752274111119,-0.004983569253785403,-0.003926078083971496,0.005444197613551527,0.002118099564907272,0.0011946804387499288
2024-08-30,0.010937116824770055,0.006686743963451036,0.0037387582176822143,0.009490325255948617,0.01068658560334268,0.01329097391706302,0.007940518334487612,0.009737959808779229,0.007527870250150004,0.0069177317347495215,0.015080769589344456
2024-09-03,-0.0226982154453369,-0.018323458464570286,-0.024868689507942077,-0.0074333328050529834,-0.022136050431615817,-0.045930997400447926,0.007029351327646927,0.0022962767022709496,-0.0014420880467567176,-0.0019084015267212262,-0.013734395431008406
2024-09-04,-0.004124207579062067,-0.004782950024184274,-0.013818542490715235,0.0011012982977778307,0.0010112555793804212,-0.002568908755710142,0.00469378367930795,0.0022910158958449056,0.008532453036812493,-0.001720685132054145,0.0026008305274634047
2024-09-05,-0.007846617569009728,0.0029304825433555948,-0.007746792100461475,-0.01100104016825465,-0.011656737530723937,-0.001526245238070767,-0.0038332948546951906,-0.002742897998630811,-0.0024730024992088984,-0.01372668118197451,0.011349670792102806
2024-09-06,-0.01263168698381456,-0.020921092228048166,-0.012514277191971401,-0.01468319309717847,-0.010143150652375366,-0.025937419292801356,-0.0020441751903836902,0.0,-0.009524975808929192,-0.003430865989651921,-0.025276654351612082
2024-09-09,0.00967854537894719,0.00429760268523216,0.007208471668547878,0.014902002071123244,0.015330813616558636,0.01637884909837628,0.007711663072668573,0.011918428324049435,0.010143354078381517,0.007015137977688823,0.014583487185494404
2024-09-10,0.000440586091670081,-0.00023770829571390095,-0.017199594782088212,-0.010233550448534023,0.0017211153213954056,0.014957190211987825,-0.00023914526332469155,0.01766703288289584,0.00469498793300227,0.004579824012510336,0.011455587677822177
2024-09-11,0.0024228951028177903,0.00416111581073042,-0.009278858345902474,-0.004720325866742758,0.0017963978594939256,0.034131925780840344,-0.00932889623100941,-0.0026708611371795143,0.003115261229423849,-0.0029534323658436668,0.00999047191207536
2024-09-12,0.009228741164676757,0.018707060070611403,0.009010025008716394,0.002258396845305821,0.007717999872821846,0.008274428315706572,0.006157053690236891,0.0017853124147837462,0.00219972557406245,0.0036062477924108105,0.011266800264268628
2024-09-13,0.00903541537120267,0.009646764879437608,0.005639827809493125,0.0029292738884771907,0.010134693031284003,0.005014961263594797,0.007079477648186838,0.007128432943648733,0.014073671370871343,0.0020533659273398452,0.006799877225788675
2024-09-16,0.009278301010477108,0.010475346878663805,0.011449993453079621,0.013030768385638769,0.005131261850317204,-0.0038104705682382445,0.003931839989437247,0.003317944752436519,0.007639359559040049,0.006916060111729294,-0.0017144694821372708
2024-09-17,0.0019241409801704634,0.0,0.013514978279981937,0.0053227493612484356,0.00548636881183584,-0.0019582874517031224,-0.009494382735783846,-0.007936537650350517,-0.0007580732674417057,-0.010302885127754569,0.0051001891943287525
2024-09-18,-0.004267601139351651,-0.0007974287736797203,0.0019376501676582336,-0.003088569862490731,-0.0008335887554530297,-0.009125262263663392,-0.0038343090978123495,-0.002888827408331851,-0.007586990970674279,-0.0016706933079232433,-0.001967641658334518
2024-09-19,0.01510758614484864,0.013567552064537303,0.011944014377202272,0.011064421774859667,0.017216408910055714,0.02970036747130944,-0.005893542675800112,-0.0024515782874421355,-0.005861791969296926,0.0036045939347628675,0.022775709294487134
2024-09-20,-0.007071939731326582,0.0,-0.0022482885471426517,-0.0006566707265847072,-0.007008652362096579,-0.004874483246347983,0.004839713529453338,-0.001787306788387233,0.026403793967167744,-0.0041045239595071115,-0.0022825278279040573
2024-09-23,0.008734471072679995,0.002245244574444971,0.012347773111202942,-0.0012089067602234493,0.006711790877643731,-0.00018452987997663595,0.005798122697593611,0.011066301427980374,0.009919276657304854,-0.001958724448025473,0.012150585457049834
2024-09-24,0.01365521172555817,0.0047282249920213015,-0.0024685797531204257,-0.008362610934829706,0.007183598637730437,0.006844049574067812,-0.0024068879317538094,0.0,-0.007095708097889397,-0.0020079101210943584,0.008758286989034358
2024-09-25,-0.0066833662624025125,-0.0031373450668814584,-0.019572562604439958,-0.005991979559252458,-0.004680471799896835,0.00286216010729734,-0.002533511808763378,-0.004235414163248574,0.005265886090674687,-0.009734503919922921,-0.0035926293391663755
2024-09-26,0.020710572353194845,0.005619877999541778,-0.019619276414203135,0.005134976960638138,0.0050010851433115455,0.013244102724743412,0.002297891583855627,-0.009850060755569712,-0.006859756627747626,0.0033422153212701033,0.004256458696930032
2024-09-27,-0.0017508254029908743,0.006035462378193079,0.020362986131772454,0.0028876902857206677,0.001411134916285528,-0.009330089440181766,0.001810102013738435,0.0013566553869268638,0.009920899757998258,-0.0005225307099318011,0.00149609353782032
2024-09-30,-0.005571757505128727,0.004332900097974157,0.006996226362450786,0.0037652042105744687,0.004524253806845957,0.0029320050770709205,-0.00024087259781480075,0.008579754491935043,0.004476531720779553,0.006535355687805389,-0.002340183557354325
2024-10-01,-0.0024900484877150575,0.000774380107134709,0.022779000304051333,-0.0052956381691536825,0.0005168270365230043,-0.024362264585400917,-0.0033735072562890434,-0.006044185901435961,0.008046663368344253,-0.005259172359612263,-0.004042447433069363
2024-10-02,-0.0038485913464307853,-0.0030950377747253066,0.010244932538554963,0.0011090918161043017,-0.0018448902430662217,0.007400481769902045,-0.008462171813741426,-0.003603563681844224,0.0004911904215127993,-0.0020235057874105067,-0.00846867818581587
2024-10-03,-0.01106821385557566,-0.003437235213485712,0.01763659982804544,-0.005318019688230535,-0.005101382191035619,0.004146160934083154,-0.009997634526730526,-0.009719801143929008,-0.00036830975260948584,-0.009025342496342237,-0.01157333731469723
2024-10-04,0.004857120151071648,0.0111260455809159,0.00931552920475176,0.01693040305911131,0.006985317117363499,0.011130519155394092,0.003325153626244415,-0.006619540567736726,-0.0015962708545654847,0.0007918657270260532,0.013242724828015584
2024-10-07,-0.0029423213058454856,-0.013424310689528873,0.003541615854182112,-0.01226730676451715,-0.0024353103433042422,-0.0068799794518529245,-0.009942303388179585,-0.0073527681821004,-0.022998318374499838,-0.0044183803382694675,-0.015542251414888186
2024-10-08,-0.004636937321239043,0.008811030628622651,-0.02609359284554269,0.005766154397652601,0.0022193651720665564,0.01868249212578732,0.0049589942199548265,0.003009068846833385,0.0005034949267870292,0.005431505220031552,0.009739271037279229
2024-10-09,0.006352658606218364,0.00033180414899458555,0.006039394238152029,0.009261387634391216,0.008931103018207098,0.011188094965445261,0.006044953487658988,0.0004615804901482168,-0.008555607539360355,0.010211664264994313,0.007157525084162897
2024-10-10,0.0023144417029330455,-0.0074050877615867705,0.006767036617566502,-0.003058743606860981,-0.005121008051616083,-0.0002604325170777466,-0.004414445217786556,-0.008304337697691677,-0.003045606544965107,-0.0037173566934277646,-0.0049395539923928755
2024-10-11,0.006507943707503294,0.006903470925944566,0.00617959036507898,0.01928553631408425,0.017868932425608275,0.0017360230496705764,0.0055425725976454565,0.010234707668511867,0.008782982075917323,0.007331436622860288,-0.004254842568868211
2024-10-14,0.005735827475354949,0.0046444817758952706,-0.00043102690111407327,0.006235220019456644,0.005996210738104191,0.0130412059437921,0.004042065025184005,0.006907857998196709,0.012618456693445301,0.0055233358701543,0.004374887652844439
2024-10-15,-0.0010370781930886253,0.0022014334708850836,-0.03223037233613535,0.0021367441151940447,-0.007684046138311751,-0.021982791008661295,0.006343878561201555,0.012577032880217054,0.004485815139857019,-0.012214204180514998,0.002177876561743952
2024-10-16,0.00778493802876179,-0.000658979342085253,0.004789628390224454,0.012366574868166946,0.007743547917786309,0.0031047404307311677,-0.0007275493688025936,0.009936815920668751,0.01984866887440262,0.00281345256164256,0.005255837502885052
2024-10-17,0.001545041108305778,-0.00472584216969274,0.004766708495306249,0.002738075581345756,-0.002872476786587752,0.0030514986974123914,-0.004488424005047675,-0.006484840795739633,-0.008879755734755412,-0.005806377584462341,-0.0009049499597624244
2024-10-18,0.004010764426329416,0.007398461660645506,-0.003309874630000764,0.00021009654108250508,0.0030250306634946877,0.0035639406965086717,0.0021933109966534303,0.00697741148210107,0.005768337713687011,0.004855824718375867,0.003925053588130334
2024-10-21,-0.007682234171577429,-0.003946074906973518,-0.002988602492837611,-0.00797994188058071,-0.003518633319967601,0.004677118887296938,-0.008389983895425779,-0.020563273014171823,-0.0039047840166948067,-0.011754637062668327,-0.007768921741875157
2024-10-22,-0.009186536782357035,0.0014305740784283927,0.0023313968550797703,-0.0019050177174912974,-0.012105440826163938,-0.0010345727984946151,0.005640712462047892,0.0015972374051356208,-0.003552698491093853,-0.0014538698521540105,-0.004041317629707608
2024-10-23,-0.002708471300361892,-0.007582469318644702,-0.005206030106211568,-0.0008483365523751507,-0.0029176366347271054,-0.014325736593416738,-0.0019510030665813582,0.009797313956380727,0.009589498129647822,-0.004698687041635785,-0.015723356200990857
2024-10-24,-0.01222216550171673,0.003432840262283854,-0.00011128939591165121,0.0008490568383261454,-0.006876360988024577,0.00293321334620833,-0.00134383354084322,0.0022562589805521505,-0.006454073571199426,-0.0065822460547916295,0.03153670966541999
2024-10-25,-0.006344936733839401,0.0025379451121265717,-0.00033417268600766104,-0.011028706400614263,-0.0026516536059146834,0.00519402606684749,-0.00831917575598351,-0.007879309864802675,-0.014830155303404258,-0.005488320364113064,0.0031472300863308877
2024-10-28,0.008301296673628,0.006384242558128861,-0.006349353222095955,0.012438432451232773,0.002954268594575149,-0.00030396400894971976,0.0018506179323887206,0.0031768092469413034,0.007837902295791288,0.0014805739361016812,0.0023404561127160495
2024-10-29,-0.006438615505270806,0.009405943117333226,-0.015246754080959435,-0.006142767957142858,-0.001325608290843494,0.013465432676448286,-0.009851013373102235,-0.009047672893083725,-0.021355599100139844,-0.00275522481304169,-0.005216614992058832
2024-10-30,0.00541789470248899,0.0060679212305541075,0.002276799078493985,0.004475661453368751,-0.0016957937716134408,-0.015900944636447978,-0.0016166888032571602,0.003652185596798585,-0.0023966287402287234,-0.001886673973302444,-0.0013984024937584438
2024-10-31,-0.013207796533287519,-0.008723716006727056,0.006247156148726951,-0.013791630037546465,-0.011522359757169753,-0.032097855374861206,-0.0019931450766853542,-0.017511865815265537,0.010368029432683334,-0.008439097404734142,-0.015303898453830622
2024-11-01,-0.0027840439026384223,0.003911431572478641,-0.006321193481508058,0.003442260696732813,0.0013450051104602068,0.007514414261610591,0.00037448583778409983,-0.010648296605293761,-0.022275040812930413,0.005923511217817978,0.016252810191460076
2024-11-04,0.0044025544027950225,-0.003355191885201614,0.01749393235269836,-0.007718684839301604,-0.0011193708628531862,-0.0007592812870685917,0.0027449702381334706,0.011230667608521205,-0.011903249209098132,-0.0065654899513042375,-0.0034484910129811697
2024-11-05,0.001496586651888121,0.011076219072745586,0.006698650942553286,0.00929124478856469,0.016734142546980246,0.014078884034525618,0.0063454670859033335,0.013651140876135726,0.015026051761698467,0.0073585072769819515,0.01770311763629251
2024-11-06,0.01377019664484913,0.02459446813824484,0.037595742554698,0.060800697031630824,0.039162140682857505,0.02847196993969381,-0.016320483227149185,-0.026706286391365075,-0.010337006630155354,0.001285024219067843,0.031981482309143994
2024-11-07,0.0038959222162373575,0.01310294490600028,-0.004596032401365857,-0.01614532740884944,-0.006009912425762098,0.01744161531484667,0.003645044387668772,0.01242958367853686,0.0018052830033594702,0.007227672913391547,0.012844977422664439
2024-11-08,-0.00912519798333078,-0.0048631131880251255,0.006657403231226988,0.009025752293518874,0.010741212055681792,-0.0010950943340916064,0.01214779331167204,0.017141683600996105,0.01917878267044415,0.007175913550408142,0.014190822421719318
2024-11-11,-0.0043399408539179785,0.005614560419149761,0.005653438066591132,0.014230481236648718,0.007741342009628616,-0.005523741974842178,-0.003464502678241277,-0.008654003719218095,0.0027785165486864383,-0.005859699059104773,0.020174723876746237
2024-11-12,-0.017010438489391433,0.00454921934111252,-0.005303447814007267,-0.003006642551442229,-0.008589684321969826,0.0012720018186564985,0.0011175003332879463,-0.012635094841386807,-0.01146108256368683,-0.013931481285279212,-0.013350858398710752
2024-11-13,0.0023794440910938075,0.00041169251509409754,0.007784216839896718,0.0006031419425174267,0.0021131484352245877,-0.003472418515957365,0.0029766416221392866,0.007910580867857231,-0.0017835615114532022,-0.0026491311813549023,0.008543869445073904
2024-11-14,-0.008200285225100745,-0.0011317284625191881,0.003809125610631181,-0.0026119350590231294,-0.016870306756560982,-0.0033994565606783045,-0.0024732547718546716,-0.009002666031928008,-0.0034461767756077677,-0.015732529820021268,-0.01419544510416526
2024-11-15,-0.006962567152075105,-0.019981483678461753,-0.001475794515351736,0.004633350639250633,-0.005362638852150714,-0.02481557935791412,-0.008801257522209838,0.0011646563281748623,0.014984665728807078,-0.018544342632253907,-0.008546970514293983
2024-11-18,0.0077782047932946075,0.009879231524989596,0.013301021058535145,0.003007848197768892,-0.0013660151916937702,0.003235484234310748,0.007003529475330117,0.008841259422396108,0.00870661346718049,0.0007053462440698155,0.009229741513669065
2024-11-19,-0.003261142593060651,0.006556320157807161,-0.006354922624488446,-0.006597421991245356,-0.0008636666892982703,0.008193586998493929,0.0013661291114805962,0.004151350330203307,0.0063799067522956054,-0.005143147367414058,0.0007426727237698216
2024-11-20,0.008179745319096599,0.006410183313061868,0.010065073199273966,-0.0030187441065935294,0.0010805165677896245,-0.0008645260748998407,-0.005085042752595137,-0.0016076936158156974,0.0004970747955446164,0.011826442292815376,-0.004406929182077968
2024-11-21,0.012224125108896589,-0.0025682804162933115,0.008096433218526045,0.012717036153429895,0.012522595390949798,0.010167304096821317,0.010845166214735302,0.006671222960246581,0.017393527735990677,0.008048710548953952,0.0017706464612590178
2024-11-22,0.005557292719740925,-0.0021629841084905843,0.0015443524884237725,0.01116202298972202,0.01393137257074728,0.000514018241646097,0.009249079244607383,0.007541285895362959,-0.005373230579845956,0.0009025290385999973,0.014418610935162057
2024-11-25,0.010309323975319584,0.005161030153644441,-0.019738843086440028,0.006505164149861464,0.006238946844526971,-4.284580519808845e-05,0.005498551830325882,0.013381587530796768,0.0018419034652417121,0.008532181455520371,0.010224618272629105
2024-11-26,-0.007468909367155274,0.003696862093883757,-0.0013632902461215846,0.0019584727017365466,0.0011845091916762307,0.005008823318081834,0.004131641982910272,0.004923882917091893,0.01593130865039427,0.005364951111769933,0.003630864706250403
2024-11-27,-0.0005300255519781194,0.0013301006594874654,-0.0010503362160011465,0.0019545682691273214,-0.0036881806924315974,-0.01354577006160429,0.0020573689340366297,0.006904284465999444,0.0,0.005336214858641775,-0.004929239910730465
2024-11-29,0.005090110468744413,0.005415472160859025,0.004310334311498076,0.0015605586082336753,0.005657279098859602,0.009284021837169476,0.005072531950784054,-0.004645011027238466,0.00036186039493246724,0.0031302945819184913,0.010270978683388332
2024-12-02,-0.0006329793865570421,0.008231597364493304,-0.010572565226511177,-0.009933715910599772,-0.007361585369682788,0.009498177826095633,-0.0012015639512873433,-0.015111145692388361,-0.021463962038098305,-0.0017638820449302761,0.008726902202716103
2024-12-03,-0.0031672333025988264,0.008063790697967477,-0.00010574376600702706,-0.0074758417148419465,-0.006296641536673753,0.003602488655182201,-0.005173294126684547,-0.005866418306646137,-0.008625884959792551,-0.0022426474031652655,-0.0007581466659291047
2024-12-04,-0.009743742679586664,0.00229965594084125,-0.024124405752866007,-0.0037661915241421484,0.004365152803398775,0.018285465849785743,-0.0027814735288448356,-0.0027236883882494345,-0.00012429345853925966,-0.0005446678288949514,0.009282706822911546
2024-12-05,-0.013155062078038293,-0.002294379657032386,0.003903203401529165,0.0029844309170543593,-0.012127515081252649,-0.005059483575069579,0.0040019662634041,-0.0025033123609112806,0.0031078217840121436,-0.01117615133922445,0.008180498827667915
2024-12-06,-0.0039016146984974798,0.009199012074455615,-0.016956384620018472,-0.00019827193615640226,-0.0025546695070567393,0.003876391156595993,-0.004952373205211913,-0.0013688531581143026,-0.012393068839509858,-0.005651450597272345,0.02105266653262272
2024-12-09,-0.0002175531451560353,-0.021301877692968096,-0.0016479402197905335,-0.013690448524285359,-0.00867964013477307,-0.0065187562812214495,-0.0015781245902852792,0.0020561859649299574,-0.012548584308685329,0.0029108776031110395,-0.0031787278106625294
2024-12-10,-0.010229616819653953,0.015691413471913496,-0.0068229762699951735,-0.0002012209920148056,-0.0024400897492958817,-0.013875621118292214,0.004741663900341919,-0.016187869849976777,-0.007243692120201373,-0.0041464817464967885,0.0016375771182637333
2024-12-11,-0.0035184552176150685,0.016346153771716887,0.0016620888657601363,0.0020120650057331435,-0.0023020472125488967,0.014494531724767334,-0.007623337347116621,-0.0025492362248189515,-0.006272438995459373,-0.013601681062441195,0.01755288829536017
2024-12-12,-0.006951227324855425,0.0018632569567076374,-0.008075351416101051,-0.004417764162893301,-0.0064176615196169795,-0.005597926074594417,0.002926359342285245,-0.0006971757803764245,-0.0005152343084467992,-0.00794979913948246,-0.008286888589317476
2024-12-13,-0.00855568673338225,-0.011942064394621865,-0.005018340551963041,-0.0008066795333259158,-0.002612813864647401,0.004285119693670181,-0.0025531293649271314,-0.004184946106460696,0.000644477578834568,-0.00014183292791924984,0.003964971343675572
2024-12-16,-0.008853429385337841,0.0038635701370213216,-0.021968266246094825,-0.0018166518989650715,0.0008734842071218551,0.00999792651916298,-0.005241203996801613,-0.005136565228800238,-0.007985615527119405,-0.011915878143677894,0.013546104902692813
2024-12-17,-0.005540556495100546,-0.007500255629560804,-0.007448873081106977,-0.007077869353360966,-0.009160633079265512,-0.006047066955368607,-0.0017155312653602817,-0.00445915710811029,-0.004154829923837644,-0.0007175938313237484,0.0031423667844154846
2024-12-18,-0.028425274625046737,-0.028537332724144826,-0.029557865489481805,-0.02993885987867395,-0.028248323895720406,-0.03225264574640174,-0.01522027417685723,-0.03913237770351041,-0.023598393504208892,-0.01357657166392856,-0.04506536920757154
2024-12-19,-0.010766395891601555,-0.002763366473591433,-0.008685352208341102,0.0035690754339638975,-0.001283784388258935,0.001076489498525568,-0.007104682860454958,-0.017173547588521076,0.00454014948001169,-0.007573725379632856,-0.0013558101054920169
2024-12-20,0.012421545674412782,0.0054396090592387925,0.009841646788117275,0.014853559065589828,0.011718482041514378,0.014925297017722272,0.0035149523302597796,0.018222468838718253,0.01595088035023373,0.012621102154584563,0.0025401732823413514
2024-12-23,-0.0007752962788533102,0.005465443155450833,0.0058724908811189636,0.0024013852170543526,-0.00022531042219142705,0.010595378670440248,-0.0052685152566592786,0.0045593854117385035,0.003403585560474154,0.009987106418633873,0.0030330193104814995
2024-12-24,0.0054073968926418026,0.009466483120338154,0.008459470391711577,0.011772136074360118,0.007812599229134243,0.0103331278184573,0.006588964807253683,0.006660118846560703,0.0055219746539805215,0.00410816012520443,0.023127002622103765
2024-12-26,-0.0015199643242906902,-0.001310724820905107,-0.0008270465699130591,0.002449495959486292,0.0007453035527946739,0.0006652039168291157,0.00314690990255162,0.0014701803942398506,-0.0023535052018271996,0.002009641759366465,-0.003710500946567774
2024-12-27,-0.005386409981634421,-0.008885266456699403,-0.00011823390081222573,-0.00733061093306131,-0.0074482936467269445,-0.013295106554123803,-0.004893925548437594,-0.008074364754560692,-0.0028833152159504216,-0.004656305942932648,-0.016523955199626572
2024-12-30,-0.013421261292696274,-0.010493064406187358,-0.00011824788172054568,-0.009640952011912951,-0.010055519832602444,-0.012716314379703553,-0.011727646112772105,-0.00468665956617198,-0.004206087593812358,-0.012306294740000445,-0.01606164447240177
2024-12-31,0.004057201126278942,-0.0032947083039824854,0.013128381139597689,0.001035692915359654,-0.0012128988470582192,-0.008316673912648676,0.0030623489581285135,0.00793051478493445,-0.0009239386153460094,0.0024044275548193994,-0.007520452801746402
2025-01-02,-0.01105295342566126,0.004854971422398435,0.01167405149952816,-0.002483026924689713,-0.0034911274926702207,-0.002365377073250352,-0.0030529996079599053,-0.009343455581150462,0.007662690446244458,0.0002909218334852248,-0.013149125013919738
2025-01-03,-0.000240367680832132,0.006167863814535268,0.00934689156103996,0.007882195350871646,0.010814878698556907,0.016295164580260924,-0.0005104082551973255,0.013651065786681515,0.010620244711972093,0.009810289610199918,0.02023484904367523
2025-01-06,0.006731631338966704,0.010829536016325747,-0.004572920407197145,-0.0030870958847949437,-0.0021849015286596885,0.012725334133921518,-0.010468460987813732,-0.013712154955220268,-0.01115717759801127,0.00043173712146016285,0.003940159228558837
2025-01-07,-0.0005970912565980147,-0.011117925695763087,0.009991912047112361,-0.002270725577601218,-0.0009819266001960258,-0.020062791115905143,-0.0034834563786473316,-0.0074478222440336195,-0.002492786997861929,0.004963170705146958,-0.01935886510469087
2025-01-08,0.005495998555218096,-0.00592796322743494,0.0010232365570594926,0.0033105148725414146,0.00393062892525009,-0.000341876298339705,0.0018125127874399904,0.004252204177740415,-0.0002631637752776861,0.0051535922483081364,0.0028329566668101602
2025-01-10,-0.010218673596998573,-0.014908522779996436,0.0040894836427416426,-0.024128668916476803,-0.011218182109092978,-0.02180606072716329,-0.013440195114458264,-0.02415949497519032,-0.005657015446644209,-0.005625663711410378,-0.009820156163213412
2025-01-13,0.02232900776208302,0.0004174620249439709,0.02104315353449615,0.007185047739427297,0.011726257632538317,-0.007081037494960363,0.0017030667281057177,0.012761674763096975,-0.011643442966179252,0.013033632544344531,0.005660824983390711
2025-01-14,0.012446949167569388,-0.0033384642304805645,0.010747947477223851,0.012379376895505834,0.011816014708960543,0.0026412670827291596,0.00026139037415506827,0.00856850519200214,0.013119115936442327,-0.010320969089224419,-0.0019364134974770852
2025-01-15,0.009510665107467009,0.016434483895606977,0.014799359224527464,0.02549226002500027,0.006322348020480373,0.019889375079012783,-0.003399041681694026,0.004247854829836362,0.014667082659329367,0.004071480316074183,0.02544668138934414
2025-01-16,0.008272020610234243,-0.00566414368471313,0.007237758143249229,0.006669386780826736,0.012122219712509263,-0.007705923956754623,0.007477319476557609,0.022393797892400702,0.025263646429761977,0.003983875502642675,-0.005411785093838772
2025-01-17,0.006494997387858303,0.008700152409730544,0.007722118793473731,0.008432059496619404,0.005988515752550327,0.01566158575056331,0.005729163406056559,-0.00024344089689121162,0.0013972613436772363,-0.00673143015465949,0.014023433379993122
2025-01-21,0.01279290755315654,0.009035722416320224,-0.005108573443999065,0.008361554372664726,0.02054455844136971,0.008329463450356345,0.004660776323248017,0.018257000992664585,0.015347526937505185,0.016549956562508905,0.007329187682427074
2025-01-22,-0.00804825299816403,0.009972535578837372,-0.018185746387189394,-0.004738432522468861,-0.002347534399240847,0.022579054269531884,-0.004896941483621298,-0.017451675497604513,-0.021611426694138736,-0.002245652378701113,-0.0037678031923435995
2025-01-23,0.005521714955249557,0.002619648597736557,0.00457615390195687,0.005752769128435586,0.010124842046469462,0.0017813344603041514,0.003626066729630839,0.00802927694558453,0.0047241609423218645,0.013363660029576563,0.006042516035830392
2025-01-24,-0.002577605168559538,0.009044387305954915,-0.00965286357383699,0.0029585424491376244,-0.004235315398017359,-0.010421008091165085,0.005161278118332779,0.0028964542766400925,0.010166499297047382,0.001596000357528382,-0.006092721480901453
2025-01-27,0.0005617817676744075,0.005178769145047113,-0.010404162499335179,0.011012781386140258,-0.01339753187907966,-0.049017947017531927,0.027085946513701664,0.009867613714861667,-0.023147578375220634,0.022451875680303823,0.00569546474834115
2025-01-28,-0.003256627685846669,0.004854816419842534,-0.009517451090120033,-0.0017506252151888724,-0.006610126157348795,0.0266730571379743,-0.015622851216401168,-0.01215437214292392,-0.013779830255075343,-0.006980819204654765,0.0012104973325992585
2025-01-29,-0.0018027034740346615,0.004437143497021845,0.0022345111518076166,-0.0007793527872050898,-0.0033994765254926618,-0.008132048272489145,0.0024122084326618776,-0.011580226285373252,0.0020892613083189904,-0.005869506276200531,-0.002849822580266115
2025-01-30,0.009481020536256546,0.0009815324072997011,0.005128333069250868,0.009555351922749367,0.011176609454839781,0.0018555118107361768,0.009879692794176664,0.013180240983248215,0.020849671802712466,0.011533771671245807,0.00978605712902847
2025-01-31,-0.007267584119238557,0.004020739430421694,-0.02795035757509079,-0.005794938710382835,-0.0070337538466711536,-0.005857897338708673,-0.009406688779117545,-0.0021681303500447058,-0.005871869536605234,-0.00318983941177009,-0.004416750294695682
2025-02-03,0.0010137221322141787,0.002148887264723509,0.006275795818049934,-0.004079980180191067,-0.009902523158864529,-0.013474246687219305,0.0039248877341795385,-0.0016898385259014326,0.0053930314618360065,0.0038810323461115903,-0.013223146973607158
2025-02-04,0.0029252619962785165,0.00896680145900719,0.020977310641485003,-0.0023410225233260196,0.00029216524911790387,0.014404918906927078,-0.008449818250824137,0.0,-0.008812403953839532,-0.0027130931249625956,0.011785334969162564
2025-02-05,-0.0007852767793761206,-0.0096599276515692,0.0021102353155191267,0.010559282953068738,0.0007297469467177908,0.013897337709652513,0.00623244315140048,0.015719455642478675,0.010050372006718433,0.009589254758496812,-0.011346077656164133
2025-02-06,0.0034803623044699084,0.004291829926651891,-0.018397510446504728,0.008320433349195966,0.00452167479576393,0.0027327836957493634,0.004550704714111564,0.0028570504335705404,-0.0011480805109981285,-0.008959289457537989,0.003970941181497878
2025-02-07,-0.012195072896031167,-0.0021367820404067928,-0.00011289422259330717,-0.005565244275100745,-0.002976593016701723,-0.008559365595263602,-0.001510129052260667,-0.0035611858471581437,-0.002043467690392209,-0.004690125524999034,-0.01955833598204304
2025-02-10,0.005096871994549668,0.0044773293494633215,0.022019099199525494,-0.007911963621817453,0.008956438723062732,0.014603561262186204,0.0061751069496300826,0.0014295463559015342,0.010877898434316968,-0.0008876749889347169,0.00341338413837744
2025-02-11,0.005859842048231201,0.0016474088629185868,0.008065334222389309,0.0025287648896723525,0.000360930120502978,0.000465574343612829,0.009644481778658287,0.005472215340785125,0.005063843767344478,-0.0018455575858086215,-0.011354162891007324
2025-02-12,-0.007170070707734233,0.0010640409032973697,-0.02411217965750867,-0.0034924943542369302,-0.006204549592695674,-0.002157857210646985,-0.000744386278300313,-0.008518513400543992,-0.0017634853326236044,-0.0014379216714910381,-0.0001787646480710947
2025-02-13,0.017377548052338376,0.011499760062944953,0.0075246095918608535,0.0066200206403972395,0.001016299186769265,0.01416334657718532,0.01080071204324562,0.00787587688567748,0.002271443478399693,0.003908764279638266,0.015017398895307066
2025-02-14,-0.003438372612858731,0.006114520607966023,0.004012899591527175,0.0019341361992528672,-0.0024655529061733406,0.003386789137617363,-0.009948322277006705,-0.004025553653557057,-0.004154643344447595,-0.0108613065859684,-0.0004403102842941431
2025-02-18,0.01268766088574047,-0.004652971057963917,0.01365596972239791,0.0071428871635024205,0.007851485113901324,0.009126194386101849,0.003597557380468297,0.003566171046623934,0.009355153366412683,-0.001933694072779213,-0.00277536695382552
2025-02-19,-0.01175939025511119,0.0011448827672120299,0.007886203637371025,0.00038332743264435365,0.001009959842179553,8.252731130276025e-05,0.008034579077767834,0.0018954753572675287,0.0052606376703265845,0.013008544415707313,-0.0005742356428996009
2025-02-20,-0.002335481905991199,-0.004669302695514355,0.009128437328814965,-0.015328488304315102,-0.00655766841437222,-0.0031793879530607194,-0.003924041004488732,0.006857394285986862,-0.0001246470426011781,0.005601154756940119,-0.008619301667992185
2025-02-21,-0.018281079957409907,-0.013690840453039588,-0.02078403402235751,-0.012453868397386048,-0.021906305029058104,-0.027090903000807076,0.011695268631674915,-0.008219850588373712,0.0002491282235395076,-0.005366305527606086,-0.026305083132863838
2025-02-24,-0.0011354281630913121,0.0019414524768632813,0.00021992833478146068,0.0043350431435995596,-0.004523931164461592,-0.014305789640761568,0.0030419875226432858,0.004499009862244385,-0.004982997049697957,0.008126745976421823,-0.0037547686663663704
2025-02-25,0.007729936788340108,-0.014822754752306322,-0.014403534553178443,-0.00019625236543963087,0.005140445257181714,-0.012958326073283288,0.014193941475545646,0.010608283352055325,-0.0050081495343080595,0.008603254847740605,-0.005239785597128344
2025-02-26,-0.00045123505096544836,-0.0017701449018555637,-0.005689410557377594,-0.0021585894581037657,0.0005930222959367182,0.010896679100594442,-0.0191388051514505,-0.004898511246226422,0.004152452686550401,-0.007186377423038404,-0.004112127769959284
2025-02-27,-0.006771228514981686,-0.00965415546058257,0.005385499440143882,0.005506581827461998,-0.0034815676844334176,-0.03640696613495853,-0.0001218812505593414,0.0044538477154334455,-0.02218049531676447,-0.0040590196904222164,-0.014428836293671643
2025-02-28,0.008521693877260983,0.014622477174967452,0.015511679433734216,0.020535778032968466,0.013380068620112207,0.01320812600349841,0.01329427018118401,0.0070012185706305186,0.0152506289446388,0.011615204800615286,0.016617320245400302
2025-03-03,-0.02005393140727374,-0.009999981012598136,-0.034945016612744295,-0.00843233191103221,-0.014230290951455116,-0.030417251822677294,0.005296097221104912,0.008574630318785248,0.0013886187328366884,0.0043644981455253085,-0.01842944500862398
2025-03-04,-0.013566380995744365,-0.007922311071327348,-0.009678953789955869,-0.03517592810494641,-0.019495475983508537,-0.0007773993187737416,-0.017001880635867828,-0.011488843103868995,-0.01626129558239464,-0.009292794907479585,-0.01764309946554321
2025-03-05,0.02610715582189682,0.012876737243664671,-0.014602887363584727,0.005809314762528439,0.015785045561675703,0.014050369189628986,0.004141314869631207,0.009297822683518087,-0.00704757028938785,0.010054670059044701,0.015222879605540474
2025-03-06,-0.005224891199146708,-0.01793634397371857,0.0030340114863702805,-0.016530625202281324,-0.008591654103176527,-0.027756550790210555,0.001819225855723472,-0.027406588721386904,-0.020776974109293134,-0.00273905111294781,-0.025353674358075562
2025-03-07,0.002740220167163576,0.006422547413271751,0.01710099862453829,-0.005265364813043738,0.011680475640124532,0.014483328586530009,0.003269385409367942,0.005683073700659902,0.018582017291090214,6.695139986390153e-05,-0.0018442451483127176
2025-03-10,-0.020838003956742845,-0.024927755069156676,0.007434441139824832,-0.022394013995467255,-0.015642385933256953,-0.042509394239250375,-0.00217232903503195,-0.009653764300210144,0.010997528431624382,-0.010785033551789835,-0.03568824255995684
2025-03-11,-0.007675238570741705,-0.01472537147734343,-0.007947279537953378,-0.00853814659993335,-0.015361451546128557,-0.00406212825781338,-0.014634728088876114,-0.010461253249808733,-0.009342260562098859,-0.010902829819945836,-0.009781633256557787
2025-03-12,-0.004687824452474176,0.004981869856298449,0.004577721639649646,0.0014703097620778482,-7.68920908317261e-05,0.015738964607725947,-0.021725899345096167,-0.003604062963196597,-0.003100341067121204,-0.009995708896674116,0.0058047216594308
2025-03-13,-0.0007063152962031305,-0.020551618299932795,-0.006835247191095406,-0.0054530978062125035,-0.010222009901601603,-0.018990891129145204,-0.004642317000965512,-0.01953218249821731,0.002461997401503657,-0.005325094036623512,-0.024958086603687035
2025-03-14,0.013078877646674814,0.018346760870579182,0.029593926086322275,0.023197081113006224,0.01824820529572735,0.03024180354446604,0.0022690919727419434,0.01942935561840886,0.019519206479551077,0.007647864163231377,0.021287502471198927
2025-03-17,0.012561047834231065,0.007144388616110886,0.015931435715015096,0.011747631680305792,0.013803054856271757,0.006964454923007013,0.014589215315310655,0.01761166602277764,0.004184142759211529,0.012695811405285085,0.0015760422757542525
2025-03-18,-0.0017229005633833117,-0.01398169934890392,0.0016447593138411154,-0.001222213607586231,-0.007973466119419959,-0.015225293106569615,-0.011404392921893769,-0.006164204422536623,-0.00694434813374134,0.00047674892922699996,-0.01781635396336989
2025-03-19,0.003336635915213604,0.011886191035403337,0.01631267852499363,0.011013700341969468,0.013269714171318947,0.01300971259315431,0.0,0.001192820183423704,0.0036871521065284796,0.0005448996458790045,0.01917314850642393
2025-03-20,-0.006307249868576559,-0.0021640118208847703,0.003662685514016717,0.0014120951735676623,-0.005013896082699976,-0.0071192899165331,-0.004890342125295044,-0.0011913990585800116,0.004053800953928599,0.000612519074896678,-0.0023832080642454123
2025-03-21,-0.009924937199612849,0.007848055941227505,-0.006976592059687814,-0.0036260935256451354,-0.005340160637650637,0.0027181808612950498,-0.00037800593427606,-0.009780613767439994,-0.0064347102874906525,-0.002788797974621726,0.0036087491354968027
2025-03-24,0.013550667320439747,0.014160640824062654,0.011393870484174062,0.01763357805396537,0.018544535739738244,0.018938612303175395,0.006184115183790251,0.013916707619176627,-0.00031959967857408955,0.007635127029489874,0.03748951350062857
2025-03-25,-0.00023119055405018685,0.012665983045549334,0.00409278772102617,0.005583241500993097,0.001489555778422691,0.003308311394625063,-0.009068178813181782,-0.011956001371275948,-0.015990914645426568,-0.012775989144926503,0.007978930630422543
2025-03-26,0.0018494126743657802,-0.008505133206150872,0.005899287940083875,-0.002974371461150427,-0.006617773204923405,-0.02230358959134926,0.015506076743455832,0.005082135347068695,0.006630352299818565,-0.003648327916524141,-0.01306337142979197
2025-03-27,-0.000461544536400349,-0.004440384149937304,-0.009703532786210611,-0.001988958227177706,-0.005314393879325752,-0.009228153062519784,0.011389058049615874,-0.002407746076125594,-0.0002583071487846089,0.0015890380091152512,0.0006396792114320426
2025-03-28,-0.01835179181813551,-0.029498319746192325,-0.00473774198184429,-0.019330348234511296,-0.020618467923782635,-0.024254082203612137,-0.004949791877245757,-0.000482768628061625,0.007363503781036895,-0.003104148106057192,-0.03107785295633958
2025-03-31,0.010934856313320918,0.007415895806183848,0.011035225518732261,0.012192680802079137,0.0070687244559139994,0.0004845162986641949,0.01566974109781505,0.010625467797782395,0.011156555321475192,0.010309920927934701,0.002131525645978849
2025-04-01,0.0037216934030686044,0.0006221644628372491,0.0058854850290339655,-0.0012046198922639473,0.005645868635743678,0.007313054348649928,0.0014692910960862893,0.0007168383054243499,0.0025365533861891887,-0.01828629949689653,0.010432533528609511
2025-04-02,0.008227024484664058,0.0035229796409250724,0.0013830345638012886,0.008241159735888015,0.00940736299822964,0.0074042063465069585,-0.0029342708940744977,0.004775530193467992,0.004680502640363793,0.006697234426066734,0.01899553734023307
2025-04-03,-0.0451671060622465,-0.044605162838029844,-0.0785085161252761,-0.049242338241905936,-0.05411493985143234,-0.06824794896690844,0.005763231324443341,-0.02994302547779959,-0.006295574671994708,-0.008108152032532456,-0.06040036799797388
2025-04-04,-0.0625903363289938,-0.057278645771378756,-0.0919989814384865,-0.07318105119963114,-0.06285250396625508,-0.06587103016925944,-0.043403986606543654,-0.045565905228371006,-0.05562601915233367,-0.05484510366914075,-0.0431345943581628
2025-04-07,-0.01605044393846089,0.0013756742782999876,-0.00647542915164856,-0.0024885713351742167,-0.004663455552906259,0.005976916978166935,-0.011598285189347801,-0.024127226323889528,-0.015295775493090802,-0.005987692596649441,-0.011816781702906565
2025-04-08,-0.030797310541865963,-0.013966867001382166,-0.02313091751130003,-0.0038559441273353645,-0.008263044203521863,-0.020331386714167343,-0.015473906196305953,-0.024723845456239624,-0.0040877909613568075,-0.011080463264239726,-0.023750231801989985
2025-04-09,0.0873839468041886,0.08835492774297315,0.07744639216176297,0.07536453066329818,0.08881634134286043,0.13425695587932052,0.03876875131764068,0.05744329257303238,0.03940350300118611,0.04346508375402558,0.10888049556632384
2025-04-10,-0.031946501159412555,-0.03456370483048277,-0.06532302021387859,-0.02794842063115699,-0.02579684645634417,-0.046551657816212955,0.0005043704360629953,-0.02116798197256442,-0.007503077609678166,-0.027889844181529067,-0.03907139738073695
2025-04-11,0.02967509273839597,0.008508263442512654,0.024811616451852814,0.01655406554144001,0.01765323441639688,0.02047640075292234,0.012602509138958329,0.014069782319020563,0.012201721192892423,0.014678670919852088,0.009686153944876041
2025-04-14,0.012049698131855635,0.00668341398948713,0.0035492890941333233,0.010285094584989052,0.010424248703821526,0.009125274657258764,0.017050263025933488,0.022096612753334632,0.017950713263263918,0.012201308945466893,0.0028990786956017978
2025-04-15,-0.007855628455527897,0.002503322715774692,-0.0015155877875729917,0.0025450765433063793,-0.00496145431419337,0.003647126237795506,-0.00844337560793651,0.0015082797612870902,-0.00012877184084059135,-0.0061353524052523145,-0.007200435896260737
2025-04-16,-0.00779416303426983,-0.02692440056190404,0.008222475923022499,-0.01565486431817209,-0.013692050223236718,-0.03474538749446554,-0.010736762477722483,-0.0005019367068317404,-0.009011250350758893,-0.010167794610616565,-0.02466906826195514
2025-04-17,0.006857910268019518,0.006471080455253242,0.022584713795159805,0.0025790725495273836,0.0054565416546581424,-0.005414821325378849,0.021332267865936894,0.0158211272185127,0.01026221550713724,-0.005869933192773735,0.006296001383010008
2025-04-21,-0.015232310508629832,-0.02250303338907067,-0.02613495949742628,-0.02143626406931809,-0.022426264405494556,-0.02582193862193083,-0.00952730179841288,-0.02076645281490297,-0.023659358031895672,-0.021551287860560375,-0.02669901040149758
2025-04-22,0.02339048625224094,0.026082998054371753,0.02545035588770328,0.03307777449296956,0.017470933330101523,0.024377320572669836,0.014181815404253229,0.020449367480919634,0.02726195469657755,0.018782372190036423,0.03164328464654931
2025-04-23,0.0012287694354429224,0.01602576442464354,-0.0018428591096092406,0.011874451218961246,0.012517031906261966,0.028992965451110075,-0.005714973218391983,0.001237226362911903,0.004230771126619182,0.004960787470389416,0.022346299024082805
2025-04-24,0.021600278236535653,0.020015098474062576,0.016001837731951962,0.0111064138661372,0.02242661181219563,0.03731569448397476,-0.008805061719138196,0.0029652253901948367,0.0015319352349911775,0.012230328606050334,0.019913937784732383
2025-04-25,-0.007448232346123129,0.00629204975715969,-0.0018172786383565676,-0.004766740410984238,-7.77296750085199e-05,0.014798277495977619,-0.002591145973145803,-0.0014783752848172016,-0.0030592840173189195,0.004803743969885366,0.017979412168314335
2025-04-28,0.0018154442123277104,0.0038151780039861194,0.007039686487036123,0.0031235666578419696,0.0033332260496525823,-0.0016308105262288208,-0.0033400173120706755,0.0061681730723155415,0.006137343912779203,0.003984150698863376,0.00035428640631374186
2025-04-29,0.008336361109111401,0.0072846323385749034,-0.0028925386491962524,0.010379923586186779,0.006489409929337775,0.00466049700859017,0.008315844039778142,0.00809231131693311,0.007751968903578099,0.004906134309502708,0.007082518407887983
2025-04-30,0.005152354219505995,0.0003145135750048933,-0.026955193590276205,0.0018492538557159932,0.007215270996129952,0.00416066392136627,0.007262388190867108,0.004621665860270241,-0.005044120469958724,0.008543901554842748,-0.00909228214427682
2025-05-01,-0.0044106481648048534,0.005133983145268584,0.0037267604465500703,-0.00020511986165605567,0.007544596653167979,0.01466876941636408,-0.008676348764788067,0.0029054430678816523,0.002914938995222771,-0.027265516491831843,0.005525619130447579
2025-05-02,0.016882047613858697,0.015532141197916571,0.01460406091420019,0.02071786021336197,0.01792592045005814,0.016709589338293362,0.005423895119857081,0.012313146402304298,0.007835392696281085,0.013831997375747473,0.015528108273408003
2025-05-05,-0.007417717213029529,0.0023609658092857977,-0.01805333222169303,-0.0064306809369326645,0.0005200774485638604,-0.005309000220827587,-0.0008582505243662775,-0.0011924823996583012,-0.0025078290331411734,-0.0028153643644515114,-0.010624020225089015
2025-05-06,-0.0072360940631326365,-0.00020486595399171748,0.000248359399821263,-0.005663499515407677,-0.008763447108995015,-0.00830781722417484,-0.0017178792893223216,-0.006924598895804102,0.012193387400350364,-0.02758070563712578,-0.008730963573859385
2025-05-07,-0.005496417578274682,-0.0018436967036641327,0.000372691082903831,0.005899129502936029,0.0050949092387100325,0.010015364663514825,0.0015980494563585523,-0.0007212247552353945,0.0028565854556006354,0.007667762953281976,0.007795417260310078
2025-05-08,0.013336498587318557,0.0023602389850956307,0.013159569469994414,0.008291234822544125,0.013790491824255291,0.009545432695658107,-0.0012274407485117766,-0.004812395137266057,-0.0080496804264919,-0.009013004161083749,0.011803794505534482
2025-05-09,0.002608510225411864,-0.005118652519389699,0.010047710099514218,0.0,0.000808812543110049,-0.001239118183432364,-0.005775174936912264,0.00604448740439123,0.001747878580087514,-0.010884263164201768,0.0048153743836771845
2025-05-12,0.023178724483891244,0.020785967405485772,0.026082737528213995,0.020256630496461314,0.03078400274862636,0.04641533989567126,0.0014829953133124185,0.0009612656338475745,-0.005981976914632758,0.024721179713162567,0.04970101706397423
2025-05-13,-0.0049699481678946444,0.009778258105431759,0.014069435456489199,0.004128315807059746,0.006984896662769247,0.021607383652186618,-0.01345181920895866,-0.013445363497166851,-0.0013792363929525653,-0.03008230382161603,0.01322539456426397
2025-05-14,-0.009176418329813751,0.005191281016678095,-0.006062603570395786,-0.0027409458128572206,-0.0048131515985131434,0.006491336758990496,-0.005379006437369438,-0.008517830121034686,-0.004394137537834797,-0.02350801837988259,0.00385549257491391
2025-05-15,0.01019933674490714,0.003972540026106142,0.004222859229835674,0.006674476228931914,0.01109534604144602,0.001366673319457723,0.02050045700211145,0.018409424983787614,0.0213115029852311,0.013124271592433567,-0.0022211198027657364
2025-05-16,0.010212361916638546,0.00682560477416394,-0.0015184833893057137,0.006045405466162723,0.011395555193916218,0.001876799283866637,0.011461700409740594,0.01253297644704654,0.014693169400733508,0.02015924011600445,0.009460576532857479
2025-05-19,0.002527124589744245,0.0009824612528848142,-0.012985463712803291,0.0005814534519255066,0.0034081340253786507,-0.0014475758608608613,0.0029243556668407944,0.0021424187448155774,0.004258858793886988,0.009617524395354238,-0.002342907553926965
2025-05-20,-0.001718623204630898,-0.0024538940547331745,-0.00924517751967191,-0.0054243205416620865,-0.003604401258421208,-0.003751867460885183,0.0035233605404956236,-0.005225567240748075,0.0029079484939629197,0.0024560283770735936,-0.005203540404614682
2025-05-21,-0.013315049319247096,-0.007477984925772341,-0.018423058883419663,-0.020451782612212255,-0.016904264891360654,-0.018787165610478884,-0.011622270283302538,-0.026504395218267973,-0.018243180599155084,-0.023162745349890712,-0.020274983788029166
2025-05-22,-0.0010469247434043982,-0.002181051719786442,-0.0039000258255068587,-0.0011931221935823633,-0.00021251008109746117,0.000261768015040742,-0.004164793164388114,-0.003433797020828133,-0.014275295419281187,-0.0078277826440597,0.00429954478742145
2025-05-23,-0.0019798184437186395,-0.004570244389202727,0.0031811415286184808,-0.0035835651865846474,-0.0032555321280217653,-0.011031795319533355,0.0036901863609206664,0.0002460885712891603,0.011985159244247923,-0.001608648681573066,-0.008985758867678495
2025-05-27,0.017502892792580438,0.016269045279259542,0.008659460901619287,0.017582368253941105,0.017609774074132556,0.02376439934220831,0.009068609082156787,0.01648620888099983,0.0075252228207820515,0.013963529148357745,0.029527632495501388
2025-05-28,-0.013646639487037593,-0.00019632402233038526,-0.012696434631224052,-0.006675786964109975,-0.004954208292997864,-0.004134297385887775,-0.006801057660876131,0.0,-0.013958638473588691,-0.005145322092062754,-0.00917579724360884
2025-05-29,0.003720485934153972,-0.008055038577885809,0.007470827837855909,0.005139358615762646,0.0009115989745325237,0.001686572410890097,0.00403513962451707,0.009198771942732886,0.006953889619169651,0.006693131914894623,0.0004187677520917088
2025-05-30,0.00011569625084661972,0.004159241362208244,-0.008874276582673257,0.0021632000643545535,0.0006305821963892289,-0.003108419359016956,0.008768793015979437,0.0009594210259107339,0.010235669762367783,0.0021153777330327195,-0.005442632014374671
2025-06-02,0.005906943764972805,0.0049308671583314645,0.013124146939141434,0.0003925292352187082,-0.0012602613469540058,0.008834561369241767,0.0006036230635693141,0.0014379886094126881,0.0031738469494297927,0.0006031345432635504,0.0023386314786946194
2025-06-03,0.01024758633618128,-0.002845827895329056,0.011864407425972168,0.0019616481339534975,0.007711724963835209,0.015024710372822936,-0.0009651953562780369,-0.003589620505996427,0.002677051515816764,0.0023358399837856147,0.005319705120433227
2025-06-04,0.003761053669532055,0.006396985747430861,-0.019502398336271654,-0.005677467634218281,0.0005564354906002489,0.0014802764264356671,-0.007004924098881982,0.0031220287214508424,-0.01747578750885226,0.0019542361533104735,-0.0026458491884523427
2025-06-05,-0.005904321150130398,0.001369034737981778,-0.0009760522252318937,-0.0027564437650237084,-0.0006952650792200199,-0.0028294169411565706,-0.009608327166019337,-0.0002394667696858921,-0.0016057408141652019,-0.0013503477066694192,-0.025224580144443287
2025-06-06,0.00262704266183289,0.012792950039902218,0.018810199640821867,0.012438205890630494,0.00841914163577795,0.009443961463516004,0.0031928628380362145,0.002873722388322175,0.004453855884402724,0.009541055544827648,0.012986463711057272
2025-06-09,0.0067213863210435765,-0.0028926085469250795,0.0019182181444235002,-0.005460210277468791,-0.0008968367750666895,0.0049085150803520605,-0.001346560531207075,-0.0004776755485916828,-0.006404767546909884,-0.001711660254971492,0.008012404414292407
2025-06-10,0.0062237929979687134,0.012668001280536023,0.01782932983270835,0.0011765881813763368,-0.0043508661309010765,0.005594338570369617,0.002206512416786044,0.008839052022868499,0.00235531104890363,0.011405125122603277,0.011969851587100289
2025-06-11,-0.009896527672739186,-0.0022918268918359352,0.014460501691139438,-0.0011752054485349994,0.0004854825069691149,-0.0022003755489391486,-0.0034246040037909653,-0.005446339113617138,0.000618326510749112,0.0005160184937915702,-0.007900885166037819
2025-06-12,0.004202652588141342,-0.00813563071061607,0.003476605913515174,0.0,-0.002634442668279169,0.00927853285334268,0.0058908688165482115,0.0054761641606779765,0.012112176113771689,0.007808362533176849,-0.00470385072133872
2025-06-13,-0.011650430424154257,-0.010132057821107265,0.017438478306753824,-0.020392169730079734,-0.008411055014717284,-0.014016556866424223,-0.012201089101096962,-0.008051219722165381,-0.005739470395399682,-0.004970325963156053,-0.00921806462309982
2025-06-16,0.008468882547457257,0.017157172239233187,-0.0029512214109642665,0.011409143597039817,0.00687004554120807,0.016180885699163428,0.0032115924513098637,0.0009550289269639745,-0.004912686743436145,-0.0030851915369780603,0.010767971641603147
2025-06-17,-0.009759416730166337,-0.008817382539524798,0.00933526247329719,-0.005739035776982204,-0.007519462432565849,-0.007076936618417906,-0.008495642469447229,-0.004054553127882166,-0.00826952283570992,-0.016505849013979557,-0.017241417718062424
2025-06-18,-0.002865056456027082,0.00048359026976063646,-0.006541930820800124,-0.0003980775084588828,-0.0023850267402883985,0.001201631945400683,-0.0012416288870271686,0.0019158149255480428,0.0026134158209996095,-0.0017232140519500838,0.00047535505937257305
2025-06-20,-0.006780778692587974,-0.006088724550159297,0.010218127433853308,0.0027875751281964956,0.0011249528460437475,-0.00442868496714699,0.0073355265210122145,-0.00023897177793308355,0.002730982760299705,-0.004803464639767552,0.001188078810202109
2025-06-23,0.01114190031229767,0.01266198224546522,-0.025288482147708735,0.012592674012002147,0.013541291243830633,0.01140173904655395,0.011582317746731796,0.014594162806707,0.012677076793978115,0.0014398310947998372,0.019820933874011404
2025-06-24,0.008281570181433384,0.012898234070915393,-0.013018594282350193,0.014954808862117863,0.008341379137024818,0.01795123964820422,-0.0008600096562152437,0.00475496898164951,0.004308165996038671,0.012257868329025312,0.005550316691593116
2025-06-25,-0.009582562237080094,-0.0001900879391034671,-0.004357614524559961,-0.0032958370158937544,-0.008823988307096853,0.00853415076239572,-0.013402230347590693,-0.024372886200867527,-0.01335938757256705,0.0008968323861633376,-0.01178160686348173
2025-06-26,0.011057356605366664,0.011595884384932198,0.014312672859065234,0.007391552862864081,0.010849945650547976,0.006897986927937305,-0.0008723455400569957,-0.006305974992428354,0.008322954767522095,0.002390025798056694,0.009199701463874277
2025-06-27,0.0012531397927562082,0.01174480585588178,-0.0052476691043629176,0.002896211929217518,0.009976720984369747,-0.001194856569920133,0.004739974516809076,0.0036612010274734708,0.0019712828612343802,-0.0021607965200615142,0.016650391527667674
2025-06-30,-0.0009101697022680932,0.007893708675616118,-0.005744640931097722,0.008278844756703263,0.004973009648676419,0.00980971593630553,0.005214122600325277,0.00729550079389929,0.004057544331515173,0.006421293794099725,-0.00576421562415419
2025-07-01,0.02585135558676055,-0.007094724763656357,0.007664266819155774,0.005537502310916764,0.0033215782502780122,-0.00892464374298152,0.01247375735106715,0.006760138933383342,0.003428805901072751,0.014244550641742126,0.004279199646529452
2025-07-02,0.01498656424401501,-0.002876830428318544,0.01720111102276034,-0.0007595391772228233,0.0010134243043711244,0.010558985432947754,0.0029275671946058512,0.0019184453406779767,-0.008664925344604502,-0.00987499184518048,0.008017990855225143
2025-07-03,-0.0006561971950448386,0.005490876625588559,0.001150279186649561,0.010832375637388925,0.008504291532420716,0.013169299868196482,-0.0004865193786152133,0.0004787398047756408,0.007509400900801877,0.0010343578553873023,0.005454270366826108
2025-07-07,-0.009631222698731179,-0.00962598919375357,-0.009651799982660636,-0.00958822753691102,-0.0034801346612353123,-0.00793891555008619,-0.0008518470298776171,-0.007655610039871696,0.002077496058813244,-0.00841335486760375,-0.012702895737962239
2025-07-08,0.00817776772727763,-0.0020560903936608366,0.026917285070202412,-0.008921800909664657,-0.000268486229493492,0.005374229289832,-0.00925587327214028,-0.001446512516605658,-0.010608620034688987,0.004540042834977331,-0.0033882336142738723
2025-07-09,0.006028751541545807,0.0026222404291182944,-0.00508429584964587,0.0036391469824095246,0.006986245214783526,0.0060087423473973445,-0.006515107903752537,-0.00048261746021194263,0.009366623523908268,0.0038526582952860267,0.005926687516340179
2025-07-10,0.005338760101616158,-0.0033626651896139226,0.007608561254594859,0.005916022436137203,0.005603889120648686,-0.0032965760958956203,0.0035883427180913863,0.005072386942588825,0.008180681542369062,0.006126038641798726,0.011052752839045832
2025-07-11,-0.008128295310113054,-0.006466673608897522,0.004507953487708827,-0.010434506979176028,-0.00358241733290221,-0.004397293873943164,-0.00369868691142361,-0.000961297368809233,-0.0014533470866526788,-0.008289497316773198,0.0002709964913267804
2025-07-14,-0.005572529264108339,0.009810390501106658,-0.010995140534698966,0.0074769578389604074,0.005392843135272329,-0.000820851103071063,0.000866095956840951,0.006735650559237083,0.004002332520227636,-0.0011833812116794906,0.0037032390866653664
2025-07-15,-0.0205472200407254,-0.009902009913166587,-0.014407214816317904,-0.017126396428739032,-0.0074829175629413935,0.008879762426441395,-0.010014739195949862,-0.012903324709305775,-0.009543283563543836,-0.017995999210144498,-0.01430815414736819
2025-07-16,0.0026923930129754137,0.0030191627780922214,-0.008632598733982588,0.006969898430700283,0.0035361103773359215,0.0031016620926447303,0.00349688774365009,0.010893204512357757,0.00048784437792859237,0.01244333843208767,0.0018258912130593163
2025-07-17,0.0070486191237155715,0.003480539499930435,0.006153504895099582,0.009613525454900351,0.009241484443292869,0.009083633742486663,0.0094587125742438,-0.0009577508592497619,0.004144892751743123,-0.011396596921331104,0.003417236468302498
2025-07-18,0.002333008628425892,-0.004593203910142396,-0.008077582284623852,0.0005713735387591345,-0.002239804183445937,-0.0006511811990326244,-0.0027123319997285344,0.0028762883755941715,0.0167536945048532,-0.006630540246011951,0.008854807581476276
2025-07-21,0.0050986602248570545,0.01337220013573348,-0.010353662840504652,-0.0028550158625054722,-0.0052820179201797934,0.0013033284733052763,-0.00012379815432927987,0.0038241455884886477,0.003223771500028949,-0.0056885615712342075,0.004726156272551352
2025-07-22,0.013784782227223236,0.0023231893247142033,0.00470199302399843,0.005535461979298217,0.0023895807688225634,-0.009264026032171246,0.009149488990179755,0.017380934063139897,0.012259156388409576,0.018613169369158467,0.010124517637844388
2025-07-23,0.0033719962751703747,0.005470076067140228,0.015678064070988817,0.007972535948812087,0.01794452025132731,0.005718601295144454,0.00036750033844956675,0.002808210587413429,-0.007525042397766857,0.020519675744116617,0.004745462774845555
2025-07-24,-0.01029922353916457,0.0016597120044425928,0.007142093634504798,-0.0005649522825788011,-0.0016912825636329343,0.004226010512582201,-0.0035517704252787663,-0.00140008201836761,-0.0013032250226587827,-0.003742741745488387,-0.016552689893397088
2025-07-25,0.011830512015159833,-0.00929757085551508,-0.003774606052127094,0.006971950204595512,0.009904295313758471,0.0022953643042424865,0.0017207694353675862,0.0,0.002609573959389433,0.005303654183803408,0.009290852833640395
2025-07-28,-0.01450693918329804,-0.005389341300104711,0.011366364353365244,-0.006923678661733268,-0.003096930554169819,0.00797742476158314,-0.0103066897555677,-0.017293808146561562,-0.010648162831195296,-0.0087193245705941,0.005825586472628208
2025-07-29,-0.0038448072486629847,-0.00859496362586687,0.009762737737524896,-0.005087590189049029,-0.011390854507667525,3.794180446581308e-05,0.0065708405014703875,0.016646815471707876,0.011480501728780235,-0.006356743342974314,-0.0068971544369567095
2025-07-30,-0.0201809123043718,0.003109710977966529,-0.0142776381777171,-0.0018939227773168144,-0.004910084896717293,0.0022340725593816835,-0.008868063127811188,-0.014035033778113992,0.007448470975313315,-0.0017852221184949668,-0.006321879446133827
2025-07-31,-0.012605394835822903,0.009018347875440424,-0.005360477263671171,-0.006261863140887947,6.5828704784332e-05,-0.007329668614792895,-0.008574753813670899,-0.01755630269633346,0.00539852644087313,-0.028020034945851702,-0.007930055062015162
2025-08-01,-0.011512641930820244,-0.012010107204866172,-0.018575913505023856,-0.018521980320865716,-0.014933105601968477,-0.02158015471041075,0.004763145745427355,-0.0028978204422598353,0.0015174566179134708,0.005367036031597827,-0.024115896024867634
2025-08-04,0.013261102168139693,0.019223674464638796,-0.0022197657528399972,0.009922061012826555,0.009215805548737244,0.02030564671907853,0.004865297018786352,0.00847646872291219,0.017715526217727318,0.014336830528563604,0.011754416304256443
2025-08-05,0.007055772291657769,-0.007766349962983754,0.0012880491483628909,-0.004045323808846701,-0.0020512468930588,-0.008273205137730555,-0.0009931155716615958,0.0033621640055485624,-0.010650468623475073,-0.0038342418459026417,0.0012805697148876583
2025-08-06,-0.01084868006705475,0.003820340191924565,-0.009238767840322626,0.004835546974957028,0.0007956664547410508,0.011263925741160197,0.014290966050609422,-0.008377150712590153,-0.008913041693865753,-0.015018962104605182,0.02078483503439288
2025-08-07,0.004341440981735056,-0.00426999255934124,-0.00389516314389593,-0.011164690668158395,-0.0014575791254320958,0.0009124216191622736,0.007596056450418054,0.0038618955920945996,0.01086202611171072,-0.011493478953207292,-0.00031323987553899535
2025-08-08,0.005005058233290338,0.003356082412718786,0.006398945603038664,0.009344103904403545,0.0007961943892795809,0.00998908373173446,0.0029183120697358067,-0.008175004331445579,-0.004275147576052407,0.008914179374728493,0.001745858198227479
2025-08-11,-0.002263664682240707,0.005110066635830357,-0.008006591488820103,-0.0003857395347585113,-0.003248685428262843,-0.006769131993003885,-0.0008485599075458428,-0.005818216096688311,-0.003132781488061509,0.0009986093809191132,0.002591831967706071
2025-08-12,0.013045975936719856,0.01913482420195889,0.0048665179541156345,0.012155074547737454,0.010376411152126952,0.01548533736468749,0.002669450986598987,0.0017070022864957846,0.004306723699016635,0.0069078393601988974,0.01060791192726418
2025-08-13,0.018812895373143457,0.007800487226433006,0.011575583348379492,0.005718666032641151,0.003818345414103197,0.00037289019720332384,0.0,0.006572496342079459,0.002202155191294297,0.016007124017331176,0.013716244771718067
2025-08-14,-0.010441859036774526,0.0008099196467339365,-0.0009341212834546031,0.004738469566742065,-0.008853540248259462,-0.002161477328127659,-0.008955525445170531,-0.007013298891866193,-0.006938808393616935,0.005026785867526806,-0.001131327008389249
2025-08-15,0.0,0.002518011134987841,0.0,-0.010375454637079895,-0.004565675282808157,-0.007582416375052858,0.001587536143904611,0.006575698032559307,-0.0029114169870014805,0.01679607031678465,-0.002395562934562556
2025-08-18,-0.005775736011546795,-0.006099751264293185,-0.005960613919589575,0.0007624348405568249,0.003921810567162121,0.0021452298216697585,-0.001341119535752,-0.009436265149064926,-0.004321402317896017,-0.002349265755156371,0.004016799425367479
2025-08-19,0.006032799608281181,-0.005595659886467819,0.00035256475013722977,0.0019048187686818707,0.0021849721202702455,-0.017463423772838826,0.010255003748028013,0.017830954509509223,0.009736059498242966,0.0064021562859122305,-0.0004782349061028812
2025-08-20,0.0007773814235492171,-0.002995121702869641,0.008345100475836142,0.0051330493194292615,-0.0009248875212505281,-0.006765494933462346,0.005679824924605281,0.0038397469621678226,0.0010454735269067594,0.005410899582117157,-0.009876076159459957
2025-08-21,0.002995896690729971,-0.0010924198101850413,0.006877304077135715,-0.003215420466406438,-0.0035709442891909138,-0.003617394577363209,-0.009012178614691724,-0.003585835654576597,-0.006846853625059879,-0.003345485073414589,-0.00593208515072341
2025-08-22,0.019803076338207992,0.014398929839159802,0.020375066370945216,0.016508554939784092,0.01632589998981926,0.013556754909265889,0.0,0.015834813294061334,0.005375003733210537,0.008245833347902298,0.030367434334975796
2025-08-25,-0.005532630733337207,0.0016172059302905772,0.0026095352117108117,-0.005786813260459156,-0.009990775066564428,-0.0022484066682959547,-0.017097135432895372,-0.004959774190344435,-0.011273794812043936,-0.014257879338179347,-0.002016278759870871
2025-08-26,0.0027270811544095608,-0.004395040107427972,-0.00158416706205311,0.0076980605065366525,0.010289592058920993,0.00458324843994129,-0.006538415871031211,-0.002848482496183191,0.0022334778014767576,0.006240845026145969,0.004599542414106317
2025-08-27,0.002502350584537183,0.0017117563137631908,0.0112206109309132,0.0020495153529875854,-0.00013065171855319857,0.005398642505208606,0.0029801835201266336,0.004284696492206752,0.00023461267157021126,-0.0005836603523075024,0.00021388277148992607
2025-08-28,0.0,0.0037772522335075553,0.007621519898699525,0.0013016020838840792,0.0017630219805442326,0.007903215303611377,-0.0063141210888636445,-0.0026071564674040593,-0.0076220725410852674,-0.003942657062188437,0.0017112215202650383
2025-08-29,0.0014106517646206296,-0.001971164606742737,0.00545061328196339,0.002599891923868336,-0.009190510525297624,-0.015344853689847504,0.006478915437045929,0.0054657457990341385,-0.0036629689236927776,0.007329873539967835,-0.010292457591908999
2025-09-02,-0.007477261631778087,-0.0017056939797677195,0.0014381571264647786,-0.007408785535332418,-0.009538854128526952,-0.010097292950388193,-0.0016092541270033012,-0.017017261908394254,-0.00332063957891493,0.0009460083531267482,-0.007465304888248814
2025-09-03,-0.006769281729767207,0.016726595225431184,-0.022425915680020503,-0.0016794318083260817,-0.005047759356618053,0.0059663064733370685,-0.0007440338258285495,-0.0026449567015318642,-0.0024987772227309524,-0.004725121869849747,0.004043362460221855
2025-09-04,0.003847428034812861,0.009021796467257648,0.006667375160602784,0.01046738518202428,0.011281642555283966,0.004936005215861794,0.0006204254373463058,0.0067502659987319635,-0.0011928879228207956,0.0037979533953635958,0.018273105900362685
2025-09-05,0.007008291756745999,0.005347171710424314,-0.019308564199491896,-0.01831313683038216,-0.0036965788784310005,0.0008374294811577254,0.002852226067957764,0.010057601819576822,-0.0031052313832926615,0.003419959100406933,-0.00021262013396505797
2025-09-08,0.000869971238853573,0.0011335232929898797,-0.0022892348650005445,0.0007538167473888358,0.0022528172984987993,0.007494539348050999,-0.003709567400408398,-0.0066382406473529665,-0.010183231891552347,-0.000362385078926053,0.0038705354963144423
2025-09-09,-0.01629729862224749,0.005660998040725618,0.00481865671755477,0.004330654404183898,-0.006743056720562857,0.0019257338273472868,0.001985834630918726,-0.0004772753181156997,0.0068990319115593834,0.005368001851491444,-0.0013981926167523362
2025-09-10,0.0018777579329225524,-0.007361238741253051,0.017469759709757504,-0.003374606182561024,0.007387679989788065,0.018127662729256144,-0.00978574039796165,-0.0004776900352121416,0.01718953951438751,-0.00909158943213706,-0.011964861521339465
2025-09-11,0.02094579127345586,0.015355001341469388,0.00022430500291314992,0.016365631114436452,0.009513812706202662,0.0033685469878788066,0.008131014220118304,0.016244644095227523,0.005317834738441274,0.01740331246082394,0.019452895550480243
2025-09-12,-0.010042129408787681,0.008334805360101782,-0.0059462987545845225,-0.004256914127367395,-0.007984311273820044,-0.0006640094231912252,-0.003350258711899756,-0.004466269403369361,0.005054659887671287,-0.011523040660483708,0.0051811160354207075
2025-09-15,-0.00807153643343006,0.014060610199227996,-0.0033859700873063447,-0.0022304780965402005,0.004618030692618236,0.009007638354252778,-0.011454066860261403,-0.001180786843911874,0.0023391765963494127,-0.008544006822581052,0.008674525416342505
2025-09-16,-0.0030790088006938943,-0.004033690928209821,0.016760918082207032,-0.002235320421456799,-0.0029551234914194646,-0.0034757781291223644,0.004533894465294619,-0.005910081421068192,-0.018202924684823873,0.0,0.006148715035427577
2025-09-17,0.0023164528077483926,0.002615653587683342,0.0023391492341888753,0.009708665788400683,-0.0045445244897514,-0.0034512268122456335,0.006018005690262118,-0.00047566582749902775,0.0024957146001991504,0.0019718482205164367,-0.00251873717525386
2025-09-18,0.0,0.0007573017957567263,-0.0031114714505048324,0.0009245480425557062,0.010652402122952154,0.017278980756541662,-0.008723843584145574,0.000713884827201694,0.0007114313183314014,0.0019680803482406972,-0.004512228745970792
2025-09-19,-0.00044016071316932415,0.004120442651638578,-0.013265027418749131,0.002216879966629559,0.00242218877528777,0.010140490964887006,-0.0020115504328206413,-0.004992884846117374,0.00639722210067295,-0.001309363970688704,0.003784169170747864
2025-09-22,-0.0003429618853036942,-0.0034875492099212257,-0.0011507067612515076,-0.0013315976239738347,0.0033445883559550804,0.014711223321056455,-0.011149345073093286,0.0032984614533271284,0.00969403269503566,-0.00025613640913191293,-0.003257729916445684
2025-09-23,-0.003209008408048719,-0.001433586896709027,0.017223684040822196,-0.004444458378529026,0.00026142064508571927,-0.008632312155944177,0.005002625912348346,0.007919461899200675,0.005164374013839401,0.002268880147112906,-0.009409668824918893
2025-09-24,-0.01221139313299402,-0.008276342114746038,0.013007420082699284,-0.0027900889467444845,-0.005162134753859293,-0.006173666644934572,0.0021697341969495465,-0.010238108421215975,0.007122804017504425,-0.004016356216020478,0.007061298995955534
2025-09-25,-0.013036638205479623,-0.003406325143131217,0.00896624752909303,-0.0026114311712224225,-0.006765070565710629,-0.001759478266124881,-0.009551730743943887,-0.002405499372965858,-0.009623180133878084,-0.01657007305750724,-0.014106885628989319
2025-09-26,0.01161466856031379,0.009741083719019716,0.009215473941390995,0.007293732821322729,0.008993534577071971,0.0030215491083462886,0.002443082502439742,0.009886637924295893,0.016272464811890597,0.010213905007024016,0.014774386937945305
2025-09-29,0.0038271634268147725,0.0032157901077383144,-0.018371507506233287,0.0050130211961096904,0.0030802735798163283,0.005343474253670655,0.0019241479375724513,0.0019100991731277883,0.002879895371855845,0.0029519872826988536,0.00438022791526449
2025-09-30,0.004933799963135588,-0.0015184100498626396,-0.01063125590608649,-0.004803272193195873,0.007709841424175856,0.00545796863092618,0.0033287120748710652,0.004051534774740517,0.001723028579247332,0.024061772589075936,-0.004651917777092507
2025-10-01,-0.010488794335726359,-0.014023854720369155,0.0,-0.008910367417839793,-0.002787884905869009,0.009792033026478686,-0.0015312847584715295,0.0,0.00963191943351105,0.03089746613159594,0.006259397038630654
2025-10-02,0.011614865624316462,-0.002227764054779313,-0.010073835611522086,-0.0007491462651327829,0.002600608352674838,0.005410752844478228,-0.003961630409128336,-0.005221902520800237,-0.0018172324127030404,-0.0019515782934987902,-0.007215729335723897
2025-10-03,0.0016720344700300593,-0.0005151762360340317,0.005314281340782934,0.006935393136872969,0.0013619521858994066,-0.0050321551678135235,0.0011547253590369344,0.004056368036498004,0.011605506994885273,0.01138356108299865,-0.0064327558353721725
2025-10-06,-0.0008902974550145659,0.0010310155034305435,0.004948822763277905,-0.0003723795374759309,0.004662900986067475,0.010115211650206124,-0.007304924654274347,-0.009981073749639302,0.009672535423087547,-0.004833623335858794,0.00857644068919905
2025-10-07,-0.004009822761647075,-0.003862391924235764,0.0015668830763018171,0.0013035631131119718,-0.005672683190828365,-0.006676016764631254,0.009295147517047297,-0.0031204773580177925,0.004567350638295942,0.0007631458220274112,-0.017507228185363544
2025-10-08,0.005367983610830684,-0.004135722297207156,-0.005810647759747822,-0.004835502466053354,0.008687170484663165,0.01753715998828964,-0.00498844911929297,-0.005056629066642726,0.00687519564236494,0.0019414014255505485,0.002969832978418463
2025-10-09,-0.013681911431941751,-0.005710391883490651,-0.01360019262086598,-0.0035506625377095258,-0.014782403692635504,-0.0016856346179577875,0.0032137554499624965,-0.004598261436249418,-0.002533070140682381,-0.0022143693050956648,-0.004991488276022915
2025-10-10,-0.020525526449022724,-0.018447555986475628,-0.0289425646741438,-0.02175542191531965,-0.02211501381756409,-0.04069595103110479,0.0007688304748623143,-0.010940878760885564,-0.004085339261432397,-0.014425396876889485,-0.02750617182638193
2025-10-13,0.015889488612905733,0.009219804615729243,0.013611848215078215,0.00958585141402879,0.010407071437211979,0.024354199410409283,-0.003329138283070132,0.005653873532765585,0.007649760505731074,-0.001125828983350896,0.02233882861672809
2025-10-14,0.009973935222633123,0.006588188475813217,-0.00011574915660461649,0.011014117125790257,0.011752261953083432,-0.012834391705634829,0.016058556611712627,0.009533054470177493,0.00891176807976457,0.0027472875887095682,0.002095278884993057
2025-10-15,-0.004488866997833241,0.007068740807253171,-0.0005789024490191474,0.0,-0.00417648005383342,0.009910739210480246,0.0017703171863925338,0.014527917416063518,0.013086243828340338,0.0015457028186078858,0.0014507830685452916
2025-10-16,-0.007439954034522245,-0.010658569400103901,-0.012048163584785554,-0.02779874439285568,-0.006553049881317885,0.0007387289212534842,-0.006941955308789494,-0.003102696128597593,-0.010871985983155863,-0.0016834128305264207,-0.009672345265159255
2025-10-17,-0.0019307506998424984,0.006744345003242502,0.008208222807696508,0.008114380985188463,0.0008574378428460872,0.0017574212298505643,0.013345288690519874,0.006464038736458733,-0.003482331511962422,0.006675056300279758,0.008605078255128573
2025-10-20,0.0119481445634948,0.011310216231068537,0.010583797320447896,0.011690305709133542,0.01179732825153601,0.011157478769491691,-0.0008779562273198982,0.010466163247175864,-0.00032763319756057285,0.010609315547395193,0.007934544273937583
2025-10-21,-0.003823290195001494,0.0035272040467326793,-0.0023016628518051085,-0.001136527797882425,0.008858795937451536,0.000520419703996744,-0.00464470361944358,-0.0030602423116040667,-0.010159450525505265,0.002348237312988166,0.012231219684947003
2025-10-22,-0.003047677179766395,-0.008658393921114449,0.012804265920707047,-0.005689396695116367,-0.012977799843088667,-0.009884104730267573,0.005675226520388987,0.004486426542924082,-0.0023177309062479834,0.00571906633217889,-0.007818660171784786
2025-10-23,0.012001738381290927,-0.0033725324690329073,0.0133257403490461,0.002098075661940646,0.01249417957405119,0.012609911986801725,-0.0048908574610914135,-0.0009401866264064918,-0.0007742005086844861,0.0005479609748055836,0.00450896195165118
2025-10-24,-0.004139545061127903,0.0026030345639951324,-0.010115816255293009,0.01084886471032176,0.0008400200303311234,0.015531487934179689,-0.003276694475213726,0.00352942885223384,0.011734600800010098,-6.848394973280048e-05,-0.0029784710605198494
2025-10-27,-0.00044939965813450833,0.01393337198619804,0.002384439961753859,0.004142352853812925,0.005680640052016184,0.01846170941004832,0.0016437821422481402,0.002110191271698092,0.002735569698333551,0.0023284030293051483,0.014390281588392728
2025-10-28,0.0013486319701361271,-0.004950534307859411,-0.010421398541840765,-0.006375376058732951,-0.007124924838562419,0.009899653502916106,-0.009972151351537062,-0.022227438196458005,-0.016477514889758238,-0.006285581951666175,0.00024884730193219795
2025-10-29,-0.01964299918725898,-0.0024875161492272646,0.007440535951922511,-0.016984370568401963,0.0025859125290346174,0.007186514016752854,-0.023587923928015897,-0.0272792742174629,-0.0003328677821859971,-0.01010649608110925,-0.008252483375024044
2025-10-30,-0.0133959065363638,-0.01694041432439597,-0.005908537001746761,0.002687633532211464,-0.0025146899814667556,-0.012297395837892688,-0.0010447519418550488,0.005658045937491973,-0.004217471463792366,0.0022226273682608433,-0.022579948363212088
2025-10-31,-0.005802504075814174,0.004286187908240535,0.007315111458585655,0.0026804295199529538,0.002391796921681788,0.000965355985716565,-0.002875794606838733,0.0004892771661126893,-0.006910445028829426,-0.0003465486737742607,0.026438433644053516
2025-11-03,-0.006186492469616667,-0.0106262651231247,0.0001135386091468682,-0.004200811978691488,-0.004256482531003969,0.004090765864974033,-0.00786579771574425,-0.001711537696686638,0.0005611929189268672,0.0013864619109109633,0.009377779508846107
2025-11-04,-0.0049330471728684655,-0.006866795775388068,-0.01077826537796811,0.005177250554578849,-0.011593220858111764,-0.02639863333082637,0.0040962648817126635,0.0026940345765973372,-0.003589446565198662,0.004499922240661869,-0.01659919182002423
2025-11-05,0.005901814986996712,0.00540736276119036,0.002637853540281565,0.003433869927808031,0.003866035131761647,0.0039123208696536516,-0.0006579761569388554,-0.00024418523825775473,0.00022507232507029684,0.003859309228822161,0.012176673107356484
2025-11-06,-0.004928416167482852,-0.008993182488102769,0.009723137917917013,-0.0036120902283006684,-0.003981736269128455,-0.020095459082483225,-0.004477285589470914,-0.004886415223124274,-0.004389360159611222,0.0019223417456295522,-0.023106207641288568
2025-11-07,0.012028213257549547,-0.0025800234577396663,0.014387759524792543,0.007059635936865316,0.00484973001321487,-0.0034584257098853044,0.014682527828711933,0.013257991330242858,0.013904613453951109,0.001370301062428858,0.001571137033256731
2025-11-10,0.009438409432880546,0.01043616946082282,0.009046183653434348,0.003599917447064227,0.0056738868423023,0.02557607361950165,-0.00365008247065135,-0.0007268862495923845,-0.00033441444849935387,0.007800775213223643,0.013143436780669315
2025-11-11,0.010388976422761376,0.008121416581005292,0.013060390602224192,0.004530807807860082,0.0002594858456246296,-0.008526958960275777,0.01308386683661067,0.011154292845209524,0.0005576014178045874,0.023085263225637087,0.0024690067908583746
2025-11-12,0.007083342756962985,-0.005779262470819724,-0.0139844649021863,0.008645012580072553,0.0009725706216179297,0.003105722395603694,-0.0014206269276673122,-0.007913763237319738,0.0023408106400670814,0.01420232531280785,-0.006720924963196873
2025-11-13,-0.006579737846857947,-0.014180034417401566,0.0025485007198924325,-0.01285630365157242,-0.015480373410554193,-0.024938875916574954,0.0,-0.013052888730063827,-0.013789978455956309,-0.0005234640573811289,-0.02496434042764717
2025-11-14,-0.009135528503742663,-0.005360488384808182,0.017020285506312405,-0.010003820835704724,6.575988067458738e-05,0.005443393427992493,-0.0007759898071068028,0.002938972743022239,0.0009021612417705605,-0.005957862193082031,-0.004784447926017288
2025-11-17,-0.015212681480902823,-0.0013474134916537928,-0.018256946898621562,-0.019065701822558956,-0.009801921233933863,-0.01565161003099802,-0.006342271653995701,-0.006593382214705401,0.0090129575762945,-0.0008562389150806871,-0.009398461443835049
2025-11-18,0.0008192369233543939,0.005666551145859122,0.007969826346840181,-0.0015550121152292373,-0.004451171457010905,-0.016252954158154642,0.004298520778551085,0.0036873337218821245,-0.00379633869294127,0.005866849833717547,-0.018450470218700943
2025-11-19,0.002572521211297918,-0.005545139128773191,-0.01295838850279718,0.0036987277248483608,0.00333660326737939,0.006952676722960405,-0.0076523403751208585,-0.007837450817443137,-0.008406138237705085,-0.0017039485665273357,4.4492078567603954e-05
2025-11-20,-0.014928803145190517,-0.010972223152582172,-0.011348471924718218,-0.008727713372379542,-0.016760908438255395,-0.0313912832656571,0.007188647928497716,-0.0034559347948548425,-0.005086527753195513,-0.005973898361102181,-0.01492131052547041
2025-11-21,0.022377390483375503,0.017550272410425283,0.006302006127432147,0.010956743594463303,0.012176175812707468,0.003858207934828828,0.010900611966997875,0.013128683660925233,0.0014770047265735275,0.02106732638778097,0.019623760284422476
2025-11-24,0.0019686728652488217,0.00991956219679202,-0.002795784324466921,0.004257796838669448,0.0024727825124262193,0.023828571300556822,-0.011553282093738182,0.0014669238292159825,0.01134429162013939,0.004204016461377247,0.013348148984525077
2025-11-25,0.014909867283751987,0.01141497689649773,-0.006280097362484138,0.012526515552886641,0.012799973795716069,0.002681424475435179,0.013766226357142308,0.008056642267965541,-0.003813884651673427,0.022607423167019247,0.0213994350246125
2025-11-26,0.012299347636664404,0.0013997341338161107,0.007561158770524656,0.007803580916280195,0.0057925443605062465,0.011837683310055969,0.010889073544988692,0.004359486869637275,0.013286878212012354,-0.002204560284325141,0.00685522377293224
2025-11-28,0.005737429393500193,0.008125169388965015,0.013104840283701735,0.007176573501527006,0.005824599615927184,0.008598135073959678,0.005829478230384488,0.004822599506019376,0.00711188270330676,-0.004860495909862039,0.006212774656896514
2025-12-01,-0.0024607863866815682,-0.004679843898289016,0.00961858811096783,-0.008250529104842808,-0.014639767218310396,0.0004542916231469185,-0.0010079295525061704,-0.013918732394169409,-0.023391858814607036,-0.014969909680240367,0.0005920964230221593
2025-12-02,-0.009082800877496244,0.003308682957785525,-0.0129214935370906,-0.0009453763783799918,0.008716152657428422,0.01030204102221255,-0.006558347325345659,-0.0024336939341231822,-0.007117728707242588,-0.005988739493250406,-0.0006762442028925841
2025-12-03,0.007015924402453466,-0.0008678065943438229,0.018748556030484975,0.013436829186185939,0.009492166718547246,0.0023851052146832696,0.0007618035864365158,0.0019515724009682156,-0.003186308596841325,0.004664473684210524,0.010784983828549866
2025-12-04,-0.005843335726111509,0.005732644949968169,0.004246978359698339,0.0020541224033632233,0.005187587306929142,0.0037242701967947767,-0.004820560083643399,-0.0017043588670806464,-0.002054712031499095,-0.007609045288553329,-0.003556636344061892
2025-12-05,-0.0032779257542154827,0.01157268654195498,-0.004120682665948228,0.00037272424350365263,-0.0027739554653608556,0.007317764758932643,0.00012756731689855805,-0.00024382788762289387,-0.009379991246793562,-0.004158525046330297,0.005542936350637406
2025-12-08,-0.013835399082293143,-0.007427637842950419,-0.010888460239158237,-0.003725782040424619,-0.0012290807213215516,0.007025905338356342,-0.008284607979648584,-0.006099078124743973,-0.013394906494409109,-0.011940553244763619,-0.014532770274506501
2025-12-09,-0.002069928102595764,0.0011181603574044185,0.006164814866284285,-0.003739715404916466,-0.007319215224826925,0.002641880596117696,0.0023133094011069666,-0.00589102588414947,0.0007021887252460779,-0.0097073883288612,-8.465524379186462e-05
2025-12-10,0.019589890317810887,0.00584244317688154,0.010503223499495729,0.011448951402257324,0.01826960414421719,0.004796504415996772,0.0029492715573939954,0.001975375814601721,-0.00046785768797552585,0.014537186385444656,0.014663412704126966
2025-12-11,0.019891419671128396,-0.0022209133547984594,-0.00476396516057509,0.0181851830352735,0.01070101980720728,-0.00510981067394789,0.007414924728537553,0.005421262915274339,0.007254916843025594,0.009464972713628672,0.003926235906886566
2025-12-12,0.0006649540046450575,-0.0022257910547521798,-0.009791168527588878,0.0014580195281492792,-0.006276450805638656,-0.028924833609977885,0.007867958527498553,-0.0012254962598527985,-0.004879135712915761,0.003125442389458666,0.004326762509592186
2025-12-15,-0.0006645121346400273,0.00017149021039930545,-0.007031411401170251,0.0007279484010902504,0.0015949661684380168,-0.009673589303721752,0.002770158902165143,0.0039264188740963935,0.009105731520843596,0.013241643972541128,0.008533680428521428
2025-12-16,-0.0026595599387320146,0.0006863701898756069,-0.03053767933620055,-0.0063648452086774165,-0.005924017538401549,0.001827079878616189,-0.004520403090720881,-0.008799771787473154,-0.0041647500250054925,-0.013004523865497442,0.0016429109797597707
2025-12-17,0.0042222062268555405,-0.007201088065534433,0.022140994077980425,-0.00018294919167161083,-0.016211701641801635,-0.02223626334350748,0.00466706415696283,0.004438947619767042,-0.006505604203640658,-0.0018174095612041308,-0.011563998870965375
2025-12-18,-0.0004425875785192268,0.0056990512410710625,-0.014515352430709338,-0.0016474779029763686,0.006513355283534361,0.015424316905309876,-0.005775318468338009,-0.006138011903711105,0.009822261088612061,0.000780293658150466,0.015101169464979192
2025-12-19,0.004427750224717197,0.0004292507593144368,0.0,0.005500514121135058,0.00860684609063811,0.021619462478169815,-0.0051773809404056514,-0.0037055518636759377,-0.012737334390587884,0.006692256952435249,-0.004005184719727883
2025-12-22,0.011808397057828657,0.004442825971819886,0.010352595467111092,0.012278424429770673,0.011086140521579413,0.00539532489827943,-0.0034932096277228153,0.00741960791863816,0.0037104560580905055,0.006591758737479081,0.006011034111476077
2025-12-23,0.0017517247512606193,0.006257487426372332,0.006559577619063006,0.001988405174705221,-0.0003820301066225218,0.005442255197975143,-0.0047507814939012905,-0.00024872850333090835,0.0035318510135575742,-0.001996138148979254,-0.0013895345930813319
2025-12-24,0.0019672547437021848,0.005962993683887197,-0.0029213048431691035,0.005412230807388063,0.003248643133481499,0.002398174163551703,0.007869912151682534,0.006470843879206933,0.0044580413513932715,0.005226160677329839,0.0034378403854637973
2025-12-26,0.005890093165214827,-0.0010161347525085018,-0.0038314003835467902,-0.0019738455318808468,-0.001841251693627033,0.00157205333201893,0.0014080685065547272,0.0019782865201216637,-0.000700796063051512,0.001604628946888731,-0.004404865756546528
2025-12-29,-0.008024301924622557,-0.0006781771004383819,0.009502193970022388,-0.005393673725343051,-0.002162731216114877,-0.004504192183036992,0.0006391490304882286,0.0027146785892768754,0.0018700401978726244,-0.001538042673050466,-0.009832093631756966
2025-12-30,-0.000218640941312076,0.0033929919154964683,0.007619953537309376,-0.0025307668064699085,-0.002868659690478559,-0.0031534798617282034,-0.0016607064255440562,0.002215164747915832,0.002333142280720013,-0.0008343692886021437,-0.004054580206151237
2025-12-31,-0.008309669981072076,-0.0048186411461730305,-0.005560533475075902,-0.007430201797913094,-0.00831095033591367,-0.009903069589092262,-0.006014072531134285,-0.00908656564844923,-0.006284874427248566,-0.005652565483300509,-0.007893002368682067
2026-01-02,0.016979035107315354,-0.006965671424616682,0.02102439658214439,0.002921269450072872,0.018437361867505553,0.002292141742225029,0.00012869537459136993,0.0007436073608466653,0.011478121122302065,0.004586557565850358,-0.008876992406495865
2026-01-05,0.009974034925115172,0.00727118473950128,0.02716315564899996,0.021846052706250285,0.011836948454079455,0.0022175517233749,-0.004376363509058456,0.0012381710865414508,-0.011116212571911088,-0.0030223321140619985,0.016476553089435964
2026-01-06,0.01975090744900343,-0.003566870684086232,-0.026658142908766003,0.00481026777022886,0.013575261406225447,0.014036800581784581,0.0015514291677014569,0.006678273483881281,0.004917939580601827,0.019672298984633185,0.006400658348346466
2026-01-07,-0.017263128684949502,-0.002045563795230132,-0.011174358865639111,-0.014007114269322218,-0.018824862058834047,-0.000818217134658572,-0.010972027904849524,-0.01375925785438592,-0.02423678221773584,0.009931123431988986,-0.0014041104691505657
2026-01-08,0.017566379352235817,0.003330805618181998,0.03146464668378979,0.0052148907598532634,0.0075486092782546255,-0.01562819144693528,0.023753607986762182,0.007473828254645376,0.0028661171012509534,-0.009645569719860747,0.01670798230218762
2026-01-09,0.015999970960036913,0.0036602184703893315,0.0025778665743507734,-0.003041174068649455,0.010988213123510393,0.013241785396604255,0.010326357054624147,0.0014837148900912478,0.012383766395108742,-0.005122611875087557,0.012121720970180716
2026-01-12,0.005387510354260661,-0.0030531875580595003,-0.007070925797155403,-0.007895175723096615,0.007657731040694671,0.004379067449200358,0.011735047290164058,0.0029629386601432994,0.0016467909850483853,0.00044500674961001074,0.0008841109265491642
2026-01-13,0.004328151034441952,-0.005614674815637932,0.014242559676947986,-0.01917166921443325,0.0051479123361029,-0.002111867684740032,0.011598837570917508,0.007631701256174184,0.0063409623896948375,-0.004066559129829783,-0.00248950723350716
2026-01-14,0.0004104509298836767,-0.0021387783217557965,0.022553201223123764,-0.001475179142279237,0.0015853984735278992,-0.012151807214841548,0.01380850690292923,0.011238686580249624,0.007467851295961614,0.007145511784977243,-0.015779722736855684
2026-01-15,0.004307652162157449,-0.0036865126303133877,-0.009363291541432228,0.004062735904534875,0.009192082965625792,0.005252297919933424,0.0017025069874909704,0.00748981763175971,0.010192304184350132,-0.005701165186553947,0.003680972080792211
2026-01-16,-0.005718927266201712,-0.00894936419154424,0.0016802880078967686,0.0012874580946706793,0.006755974068948012,0.0010998811157911792,-0.0031564913876909184,0.012230138043999528,-0.005044690580096711,-0.007772721473559674,-0.003259940691421548
2026-01-20,-0.010065825396029515,-0.014760748648467215,-0.0018872033683036138,-0.022777287298648696,-0.020191687959726146,-0.025957926248971752,0.0030446409357878235,-0.019189676998608518,-0.009910178932999392,-0.0021832226735624127,-0.02600167558769506
2026-01-21,0.02178887009942465,0.010222907531181269,0.024159689539168694,0.0048871546421771495,0.01730567387347315,0.013888824561348656,0.000971432090068669,0.003623088922167783,0.0013966983731503735,0.018404160354181354,0.019140360396727063
2026-01-22,0.005686406674997091,0.014132480166741068,0.003282069070025484,0.006547009915260915,-0.0051695085181961975,0.007440432557939802,-0.0020622432840287086,-0.009867587386391152,-0.007206001676736351,0.0001895585203359751,0.010049470285083961
2026-01-23,0.009087274527180167,0.006107520674482503,0.005724811953932374,-0.013752126112401286,-0.007734136034291295,0.0014494258976396335,0.0077793992242423116,0.0026737670898038246,-0.0035120047459912263,-0.00511720685123207,0.004159146843719208
2026-01-26,0.001200643492156317,0.006925405342018243,0.0006098589518714892,0.0064066221438230375,0.0009742674498325332,0.006823449137131288,-0.0015680589401383394,-0.0007271969615437746,0.007283795819769123,0.003937108613197404,-0.006578383687620093
2026-01-27,-0.000999387454911016,-0.0073872218589343674,0.009142620796737777,-0.007676437674611347,0.0041367926750097705,0.013485698173665517,0.004590520203655357,0.0007277261617975039,0.013062800221647075,-0.016761603214010323,0.0030248269047663534
2026-01-28,-0.0006002016720549896,-0.0012831309915155575,0.007650486376532983,-0.000188676801919474,-0.005573714140143071,0.007970234112469887,-0.010100989598796462,-0.009697014610225763,-0.0023025207259591562,-0.00733353164078121,-0.0074986055192030054
2026-01-29,0.001000988024044025,0.026038517556632224,0.009190772725937268,0.010568039542195873,0.010478852399445238,-0.015814525944041424,-0.002308132361628079,0.01272952009601136,0.0,-0.0031754094765037433,-0.004763056027574097
2026-01-30,-0.014600010161566757,0.0024209052741743786,0.010690963137655718,-0.0020541999757840435,-0.002532256564603874,-0.02035800538814947,0.016802730093326446,0.0014503609239497894,-0.0018463031118000073,0.005980989446062734,-0.000165018479420187
2026-02-02,0.007712628641993735,-0.0034144174348239575,-0.019588613690518675,0.011040420074659885,0.012632936905793368,0.009591179758858148,0.01185477736944196,-0.011344428567919396,-0.01456655344181157,0.006139300454021557,0.00660233332748672
2026-02-03,0.02114799358688657,-0.01612766749697836,0.03236758733451173,-0.009254140490175256,0.008416417910720453,-0.02189171005234891,0.016213058937815994,-0.003662102828404845,0.014547264368557578,-0.01021254091167012,-0.008034822368839123
2026-02-04,0.023471384250902894,-0.007983643590232625,0.022450231495672712,0.008032918447963278,0.0026636163573652283,-0.02787169863584049,0.013042975191104755,0.01592747154776908,-0.0037002919847706206,0.012524271082073879,-0.007355966610154252
2026-02-05,-0.02678744363916452,-0.005051403255670661,-0.011735737819631442,-0.012416586429995102,-0.006021569756270884,-0.018027693101037356,-0.0008047179544711236,-0.005547555110367086,0.00046420979072481217,-0.007626783030204032,-0.0215653689185642
2026-02-06,0.01999998482510179,-0.0038723147116016543,0.019919552541809438,0.01820226947178538,0.02856795431366632,0.040551454727116854,0.011735005971395651,0.018433246684344207,0.005800464760890911,0.01853533646386807,0.00408473090790995
2026-02-09,0.013007268404455319,0.009675145772161109,0.007323906492060717,-0.005897524809042709,0.003002724399839396,0.015730259233719623,-0.005799446447011358,0.006191914787136099,0.002998836335950328,-0.008813636976122585,-0.0037290610839058047
2026-02-10,0.0139899705634694,0.005989078750305188,-0.0011185295595379507,-0.007230233383713314,0.001208981275589771,-0.005580778691494759,-0.0032025847434461463,0.01396446601860557,0.016559403460729483,-0.006333161645828089,0.006635461292708866
2026-02-11,0.013418999567661682,-0.007144055800576088,0.026129132098668295,-0.015126069193222569,0.005347619931669989,0.0029463410326244777,0.01434309112748422,-0.0009337290805154774,0.008823498738084856,0.0059228469436369835,-0.004817020289099916
2026-02-12,-0.014733247162626584,-0.01798871699332405,-0.018188408226203934,-0.0199090206524718,-0.011953834552985598,-0.026299184007090415,0.00916288973244117,0.0016355530543514796,0.014801540268539082,-0.0016000076877246139,-0.013841773891942522
2026-02-13,0.009085745087378916,-0.0005233572630692906,0.006854342919014211,-0.0007737599034368658,0.008220027935393004,0.0025140645162422537,0.00336289403942458,0.014695583173177429,0.027624311737350693,0.010705124723537462,0.00043058744147383976
2026-02-17,-0.011442516019522397,-0.0015709607261822356,-0.011039530016196952,0.010648532218006768,0.005224810677376013,-0.0005731897395971908,-0.014635299938191015,0.010114918783487026,-0.0025806552876832534,-0.0019026784815421305,-0.001205007482850795
2026-02-18,0.006072129467412202,0.0016608082765308119,0.019162746800148733,0.007471314688125563,-0.00022854609809752624,0.010252354700803101,-0.0018140470429179878,-0.01342737178198039,-0.016602028222039933,0.0019063055681258767,0.008445294824074967
2026-02-19,-0.0035835647301840634,0.004799768737990151,0.007302009787460317,-0.008366646859609306,0.007426867325018183,-0.004967684786533089,-0.004202618407738834,-0.003460201481723546,0.010962509736068382,-0.0026003920411677983,-0.006665514710469833
2026-02-20,0.0024606621877154566,0.014417270732105525,-0.005436772925646038,0.00651971752449243,0.005047102471695375,0.004778590693303775,0.0025093718571591594,0.008333354075895638,0.004771259940194339,-0.0027978381908956296,0.010409487135507822
2026-02-23,0.0,-0.012328813083073542,0.004919864695325238,-0.03353027158632449,-0.013541753004558621,-0.016751855795642423,0.012288137738600602,0.0011478693798701034,0.0075544677347541,0.010967947234266973,-0.020945038523991544
2026-02-24,0.007552917413289784,0.0069348757939031724,-0.000906679729501314,0.004928062352637541,0.012297696899423949,0.012994478521247022,0.00865455626686118,0.0027516398265763353,0.011139718380374752,-0.004226029010376275,0.015218704894303103
2026-02-25,-0.005622187963541525,0.0029269495409898205,-0.004174246899366296,0.01745782639212079,-0.007797468144300157,0.019170367066931204,-0.008134525660698277,-0.006631673024928952,0.003389762365865412,-0.00025340141171081854,0.0029981004761481245
2026-02-26,-0.0011307951355084,0.0018884045169553776,0.003280507689354728,0.012145739710262227,0.006264184102372727,-0.013985012174349998,-0.0016852250302505922,0.004373953388700169,-0.003800650226057356,-0.002597755853469108,-0.0003415934708639323
2026-02-27,0.007735835702396665,0.01139484116094236,0.01580375621689134,-0.020380908017768262,0.0024900926698963044,-0.01595632820156112,0.012941695842302536,0.004813140272557304,0.011657466952883055,0.01765974765142886,-0.0016232540581351262
2026-03-02,-0.002995669311166127,-0.0015247833044851333,0.0200287216332673,-0.0025277493271884666,0.009935630040051713,0.005621260796333072,-0.014442850669584284,0.001824773399076829,-0.00754245604298287,-0.010424466302845992,-0.012322418552584535
2026-03-03,-0.02460099450507347,0.0007634909758003072,-0.009116475152319281,-0.0017543632798132647,-0.01934039815805244,-0.01461941852318549,-0.010934574007491205,-0.005009052161523253,-0.006333106976205594,-0.01129112662495746,-0.00918386480435418
2026-03-04,-0.0003850842272156152,0.007036302908285386,-0.005838643100050223,0.005662957974402083,0.003020997313748497,0.017018092202119695,-0.006610331144405346,0.001372942530539767,0.004249007769159707,0.0019777991483527213,0.017750980106546077
2026-03-05,-0.020993773106574465,-0.0029463584165860812,0.0051610416792655656,-0.0052427249810779175,-0.02221971788659116,0.0024313972870391165,-0.02007800503719448,-0.009597772042624242,-0.00782730408498189,-0.01999367627709303,0.0013747229371703362
2026-03-06,-0.01908322801854545,-0.008274233970020584,0.001593497334392957,-0.01288305920002586,-0.012321281960434471,-0.0206163679776028,0.00433193798171061,-0.010382999657878589,-0.0034115271318051477,-0.007861746977457229,-0.018103852230671125
2026-03-09,0.002607312848569965,0.0008513206449523025,-0.004419263863717937,-0.004745911065479724,0.00588448692645871,0.017991125121630036,0.002215032274268003,0.0020983516724584206,0.0023533921351253095,0.010216050448026426,0.0013107048533955723
2026-03-10,-0.002200426947825851,-0.0015311388312184704,-0.012784125674516034,-0.00536460038728559,-0.005381989295101142,0.0,-0.0029080277003805666,-0.001396031442874035,-0.006189971973187047,-0.007195630834649247,-0.0013089891549571409
2026-03-11,-0.0008019756870777384,-0.0032373538034717875,0.024820183481423452,-0.008389976667105503,-0.003117302256009924,0.004793867732145518,-0.013182513226101977,-0.011882498198611535,-0.008376342457240837,-0.001958833287680539,-0.0026214765079151103
2026-03-12,-0.0032102468354388014,-0.01478630820293969,0.009301479345862784,-0.016317429896265945,-0.025075174424436186,-0.018443304465908805,-0.0040192934065139685,-0.006366484079352697,0.007147589469045146,-0.017598945326290694,-0.02295425524754091
2026-03-13,-0.009863135326609651,-0.007113722957683755,0.0033037702732647833,0.0012287368956913625,-0.0035706659223881942,-0.00754489117143986,0.005815951123608221,0.002610408790891583,0.009892388021047305,-0.002464135854594929,-0.0059182147877222535
2026-03-16,0.004269198736353896,0.007688983535061089,0.0034662399119269605,0.008386142947547137,0.008563635084519738,0.014473667752489483,0.0028322646020706443,0.00781065510426715,0.006388400378803283,0.008144779810577374,0.012087292144935757
2026-03-17,0.0024291493579369217,0.0003468173798113483,0.010535350644300445,0.005273921132751935,0.0026496409001721677,0.005476237236607728,-0.003294916267866932,0.0032879167009391974,-0.0027506500494598463,-0.009072173065276634,0.008734400119372099
2026-03-18,-0.021001637509181603,-0.014821866598556888,-0.0013672622619014252,-0.011904761904761751,-0.007927916568523097,-0.011322886194034099,-0.024321131658142647,-0.01638579855507316,-0.008487196542785735,-0.01670684247434917,-0.023060606330785105
2026-03-19,-0.015263971299209977,-0.004575072953292514,0.015916522174323156,0.0004084080058615047,-0.006780514213002742,0.003406710365610799,-0.008107481811154615,-0.002379875900987316,-0.004065865024066473,-0.00360192084396016,-0.007868316936281983
2026-03-20,-0.015919614406758265,-0.00804312504794602,-0.0008423104533042958,0.0018370857458520629,-0.014567826826861308,-0.022682891135763605,-0.008295710295039171,-0.03172703334745042,-0.040610201264861034,-0.008730683247053839,-0.017866904087395774
2026-03-23,0.016633881138070405,0.007481679919375095,0.011964327192960367,0.009031478340623789,0.011369817492130396,0.013528537252317951,0.004267968387586585,0.007465430341067947,0.009923201908965895,0.00024184656069214938,0.024143452822479983
2026-03-24,0.018927477188631414,-0.014018293353640576,0.020291783712874212,0.00020292919505404683,0.0058264147835718205,-0.005841570424131914,-0.0008622775875963828,-0.008124028188941868,0.0069227642193312455,0.00013807427700451846,-0.003995663189537257
2026-03-25,0.01981422227772156,0.0027895725335198573,-0.004437877335412677,0.0012175603647988087,0.00670735428972935,0.004480357236118282,0.004931593180482086,-0.0004964124425215211,0.003548455242196935,0.010014588536969793,0.009573331955108122
2026-03-26,-0.006476415620571552,-0.023600186873607543,0.015684344852665344,-0.005877602647557656,-0.023198072013718263,-0.03114941999082199,-0.004539353906084176,0.0004966589902239971,0.0017679962664018944,-0.0034190370706965734,-0.017158868132193028
2026-03-27,-0.0036667407744200853,-0.016266856748280767,0.016905086277451353,-0.02528028303887575,-0.012835662363606892,-0.0194717119324882,0.007887594213244364,-0.006949679514309248,0.0057356786020485995,-0.017016679654540345,-0.02894423847174865
2026-03-30,0.0036802352430451712,0.008594900607963751,-0.00959082921431198,0.011503853195197866,-0.016268821529768385,-0.018626833459452485,0.0012227742188033464,0.004998769590845331,0.007238385945447012,0.003909066305011644,-0.00018921880212585673
2026-03-31,0.017926279596249817,0.02686181502845164,-0.011297623842523197,0.020884993978205424,0.032692644768747225,0.04235289330575975,0.001221374045801582,0.015419118644582452,-0.0006532835473229692,0.019399201390966514,0.031421536813885265
2026-04-01,0.009805840540314303,0.0034277219134568604,-0.03738160567374893,0.0014178589495370542,0.016694472389591652,0.015124227674461643,-0.006343062346519823,0.0029389891379700828,0.004794099447139155,0.007639281853385471,0.007524313356263468
2026-04-02,-0.0009908687667006255,0.004135195013541981,0.0047481562404745326,0.001820391486404338,-0.004013795735074099,0.008005350246373277,0.005278668180807022,0.016117212090736244,0.004988062008064453,-0.006227565122536638,-0.015027335883598392
2026-04-06,-0.003769066202818805,0.0005371995490393022,0.007257389116890778,0.007066470774165445,0.005129122036860556,0.005809201075240189,0.009402909735010567,0.003604847608301265,-0.0036685796953560557,-0.003610100048433984,0.008229305382260854
2026-04-07,-0.0027877217492126016,0.00053684285475053,0.008042887730928872,0.0,-0.0020047495889137235,0.00475211216760707,-0.01693686745528966,-0.0009577850200596094,0.002165958258270484,0.001982557747757685,-0.011647141065642574
2026-04-08,0.03334660758558017,0.017796439538549258,-0.035073148532302145,0.02646350574495071,0.03749697898637727,0.030997671488457668,0.018705348303070135,0.017257847194130926,0.011022224259512381,0.02115024008881483,0.02830104061206762
2026-04-09,-0.0015459291025060606,0.004041816135140541,-0.012403056252689781,0.002539083323790381,0.010267542683247921,0.0026819456296476307,0.008093720449690034,0.006833198042208277,0.007909421894764401,-0.002271639888087984,0.017325376053352937
2026-04-10,0.005612559044014809,-0.0028003824645568276,-0.0068027767641628545,-0.01090982570260135,-0.0038910398945681823,0.003871244911768157,-0.012941812356565996,0.002106252130869457,-0.004029744119986134,-0.013527116103208003,0.0013305085038246567
2026-04-13,0.004426473177230106,0.0076349519076968075,0.002985633785436148,0.017530025243723157,0.0070545209009909016,0.020964840804455598,-0.00995507669639173,0.00467073246998706,-0.012137983516543271,0.004480372500494045,0.009123915181731723
2026-04-14,-0.003448942516040887,0.015154135763753906,-0.020311676326647654,0.0023228597026561104,0.0035894771684852333,0.01600166074643261,-0.0009810156721136165,0.009530447304728407,0.0017245490861665935,0.005811992993558501,0.022120824376451464
2026-04-15,-0.012113002763876946,0.0068634443077750795,-0.0033959327759670588,0.007531853975329961,-0.012518104132275387,0.01595241700287442,-0.005032572185664663,-0.0004605217044238996,-0.00968368304537448,-0.007122203490913193,0.014943299787760989
2026-04-16,0.0072012246826203,0.012525572708402377,0.01470594573538242,-0.002683522993331522,-0.004965480085844298,0.011443786997867411,0.00456455412936041,0.009214501895529414,0.007170752131136604,-0.007850061775531492,-0.0046539435635264415
2026-04-17,0.0025120979345938377,0.0022721252116977286,-0.027571603443017012,0.007687901888594029,0.018669598083697503,0.015326942281087552,0.012648885858243197,0.015293269754466987,-0.004099215382176613,0.014937606113423874,0.023633481880495744
2026-04-20,0.006746308151797553,-0.002938694194837832,0.0009087465766004499,0.0038146244855106204,0.002247705619246476,0.0013604888032028306,-0.0008488927431652415,0.003597118908694741,-0.008882145770524597,-0.009274226172780953,-0.004484684819399787
2026-04-21,-0.008807181476244819,-0.013389442845394783,0.014526951906552066,-0.006270222769473088,-0.01414601231408008,0.0008411289134706568,-0.006675604513075362,-0.019265246911069234,-0.017486322121541997,-0.010175010301390564,-0.007508146369042956
2026-04-22,0.00115899889434945,0.00614538723799507,0.01199216030878092,-0.00172084424284491,-0.002333231157122473,0.021979402953156146,0.0032991725872784095,-0.0073092668740674105,-0.0017797959888056214,0.0031524583308628618,-0.00033622690692536317
2026-04-23,-0.0003858857236560542,-0.004156751570973616,0.0077820767524634515,-0.007852898958085719,0.01771523712011036,-0.014232399595930145,0.016684968169508485,0.011504832271812981,0.02718968686750256,-0.0009564106092256885,-0.010005906317604452
2026-04-24,0.0021230803462399805,-0.015759421447652078,-0.0019305126576918408,-0.0073359280639402336,-0.009191739163516455,0.02810578147933107,-0.002994729156048037,-0.0029571714314227115,0.001952704540896688,-0.014086520377483924,0.008068664811221815
2026-04-27,-0.002696444425765887,0.00233682396509427,-0.0017583695445618774,0.007584660020101719,0.00023188546326746717,0.00218453439551225,-0.010693343543747735,-0.007757247054162586,0.00021650761080826975,-0.0049936606914186,-0.007161564462307868
2026-04-28,-0.007338687956283008,-0.0005180689047455944,0.016558016895003025,0.0007719957492742235,-0.00886904427578683,-0.01693965931763941,0.008987193661357251,0.009657350028415168,0.0012990122337073196,0.002648749520703264,-0.00704339975775492
2026-04-29,-0.00856035852809689,-0.003974074163910601,0.02287298069251542,0.0013500423699948083,-0.006141087132970902,0.007982226532254,-0.001925898634845269,-0.006148951462125463,-0.012324317725929013,-0.006952169253751417,-0.0014529168040005036
2026-04-30,0.010007891393111645,0.010582021086087412,0.010503180745439433,0.004044740111249334,0.02736426384802737,0.0024511305898584634,0.0167631382096316,0.017415264593489965,0.025612919464292006,0.022052710977547463,0.012923674970544141
2026-05-01,-0.0023315085241103484,0.0018024125021223192,-0.013411618294942418,-0.004028446093747862,-0.009279385383184957,0.014858903556034475,-0.0016605312976215592,-0.0018018429798489777,-0.006403399078577454,-0.0056853332407987844,0.0023658536789765705
2026-05-04,-0.013631878657113461,-0.005311880912421185,0.009175886652993182,-0.006548465906803247,-0.011447796655117637,0.001112052511275996,-0.0074848196165270275,-0.005415114292014689,-0.003866816501094106,-0.002962303139446343,-0.007670876285792105
2026-05-05,0.017374081478918724,-0.004048244848236626,0.0010102942230618694,0.00019384104649611267,0.008363597907962594,0.022091957813239027,0.006224522831789425,0.0020416591232357284,0.0,0.003938418717926329,0.002973143650117027
2026-05-06,0.01707745175551567,0.014875043341335825,-0.04121111407061173,0.004845900353955601,0.02586851899741771,0.026565198133016388,0.002141331315770101,0.012904766428589953,-0.014233337559088954,0.0006881682217925178,0.015245219415688238
2026-05-07,-0.019271099493870292,0.00025563510598147765,-0.018421039246676263,-0.005594153446638606,-0.01622657995374488,-0.0019996255974332744,-0.0030863546228525607,-0.007599466692723267,-0.012907463671079089,-0.004676703606090626,8.337788109535893e-05
